2025-09-11 12:50:57,883 - __main__ - INFO - Starting bed simulation for hospitals: [1, 2, 3]
2025-09-11 12:50:57,885 - __main__ - INFO - Update interval: 30 seconds
2025-09-11 12:50:58,034 - httpx - INFO - HTTP Request: GET http://localhost:8002/api/beds/current/1 "HTTP/1.1 200 OK"
2025-09-11 12:50:58,203 - httpx - INFO - HTTP Request: POST http://localhost:8002/api/beds/update "HTTP/1.1 201 Created"
2025-09-11 12:50:58,205 - __main__ - INFO - Updated general beds for hospital 1 to 999
2025-09-11 12:50:58,269 - httpx - INFO - HTTP Request: POST http://localhost:8002/api/beds/update "HTTP/1.1 400 Bad Request"
2025-09-11 12:50:58,270 - __main__ - ERROR - Error updating icu beds for hospital 1: Client error '400 Bad Request' for url 'http://localhost:8002/api/beds/update'
For more information check: https://developer.mozilla.org/en-US/docs/Web/HTTP/Status/400
2025-09-11 12:50:58,296 - httpx - INFO - HTTP Request: GET http://localhost:8002/api/beds/current/2 "HTTP/1.1 200 OK"
2025-09-11 12:50:58,318 - httpx - INFO - HTTP Request: POST http://localhost:8002/api/beds/update "HTTP/1.1 400 Bad Request"
2025-09-11 12:50:58,318 - __main__ - ERROR - Error updating general beds for hospital 2: Client error '400 Bad Request' for url 'http://localhost:8002/api/beds/update'
For more information check: https://developer.mozilla.org/en-US/docs/Web/HTTP/Status/400
2025-09-11 12:50:58,349 - httpx - INFO - HTTP Request: POST http://localhost:8002/api/beds/update "HTTP/1.1 201 Created"
2025-09-11 12:50:58,349 - __main__ - INFO - Updated icu beds for hospital 2 to 135
2025-09-11 12:50:58,371 - httpx - INFO - HTTP Request: GET http://localhost:8002/api/beds/current/3 "HTTP/1.1 200 OK"
2025-09-11 12:50:58,398 - httpx - INFO - HTTP Request: POST http://localhost:8002/api/beds/update "HTTP/1.1 400 Bad Request"
2025-09-11 12:50:58,399 - __main__ - ERROR - Error updating general beds for hospital 3: Client error '400 Bad Request' for url 'http://localhost:8002/api/beds/update'
For more information check: https://developer.mozilla.org/en-US/docs/Web/HTTP/Status/400
2025-09-11 12:50:58,424 - httpx - INFO - HTTP Request: POST http://localhost:8002/api/beds/update "HTTP/1.1 201 Created"
2025-09-11 12:50:58,424 - __main__ - INFO - Updated icu beds for hospital 3 to 59
2025-09-11 12:51:28,467 - httpx - INFO - HTTP Request: GET http://localhost:8002/api/beds/current/1 "HTTP/1.1 200 OK"
2025-09-11 12:51:28,487 - httpx - INFO - HTTP Request: POST http://localhost:8002/api/beds/update "HTTP/1.1 400 Bad Request"
2025-09-11 12:51:28,487 - __main__ - ERROR - Error updating general beds for hospital 1: Client error '400 Bad Request' for url 'http://localhost:8002/api/beds/update'
For more information check: https://developer.mozilla.org/en-US/docs/Web/HTTP/Status/400
2025-09-11 12:51:28,506 - httpx - INFO - HTTP Request: POST http://localhost:8002/api/beds/update "HTTP/1.1 201 Created"
2025-09-11 12:51:28,506 - __main__ - INFO - Updated icu beds for hospital 1 to 198
2025-09-11 12:51:28,521 - httpx - INFO - HTTP Request: GET http://localhost:8002/api/beds/current/2 "HTTP/1.1 200 OK"
2025-09-11 12:51:28,541 - httpx - INFO - HTTP Request: POST http://localhost:8002/api/beds/update "HTTP/1.1 201 Created"
2025-09-11 12:51:28,541 - __main__ - INFO - Updated general beds for hospital 2 to 684
2025-09-11 12:51:28,557 - httpx - INFO - HTTP Request: POST http://localhost:8002/api/beds/update "HTTP/1.1 201 Created"
2025-09-11 12:51:28,557 - __main__ - INFO - Updated icu beds for hospital 2 to 134
2025-09-11 12:51:28,599 - httpx - INFO - HTTP Request: GET http://localhost:8002/api/beds/current/3 "HTTP/1.1 200 OK"
2025-09-11 12:51:28,622 - httpx - INFO - HTTP Request: POST http://localhost:8002/api/beds/update "HTTP/1.1 400 Bad Request"
2025-09-11 12:51:28,622 - __main__ - ERROR - Error updating general beds for hospital 3: Client error '400 Bad Request' for url 'http://localhost:8002/api/beds/update'
For more information check: https://developer.mozilla.org/en-US/docs/Web/HTTP/Status/400
2025-09-11 12:51:28,641 - httpx - INFO - HTTP Request: POST http://localhost:8002/api/beds/update "HTTP/1.1 201 Created"
2025-09-11 12:51:28,641 - __main__ - INFO - Updated icu beds for hospital 3 to 57
2025-09-11 12:51:58,699 - httpx - INFO - HTTP Request: GET http://localhost:8002/api/beds/current/1 "HTTP/1.1 200 OK"
2025-09-11 12:51:58,727 - httpx - INFO - HTTP Request: POST http://localhost:8002/api/beds/update "HTTP/1.1 201 Created"
2025-09-11 12:51:58,727 - __main__ - INFO - Updated icu beds for hospital 1 to 200
2025-09-11 12:51:58,745 - httpx - INFO - HTTP Request: GET http://localhost:8002/api/beds/current/2 "HTTP/1.1 200 OK"
2025-09-11 12:51:58,763 - httpx - INFO - HTTP Request: POST http://localhost:8002/api/beds/update "HTTP/1.1 201 Created"
2025-09-11 12:51:58,763 - __main__ - INFO - Updated general beds for hospital 2 to 686
2025-09-11 12:51:58,778 - httpx - INFO - HTTP Request: GET http://localhost:8002/api/beds/current/3 "HTTP/1.1 200 OK"
2025-09-11 12:52:28,844 - httpx - INFO - HTTP Request: GET http://localhost:8002/api/beds/current/1 "HTTP/1.1 200 OK"
2025-09-11 12:52:28,873 - httpx - INFO - HTTP Request: POST http://localhost:8002/api/beds/update "HTTP/1.1 400 Bad Request"
2025-09-11 12:52:29,014 - __main__ - ERROR - Error updating general beds for hospital 1: Client error '400 Bad Request' for url 'http://localhost:8002/api/beds/update'
For more information check: https://developer.mozilla.org/en-US/docs/Web/HTTP/Status/400
2025-09-11 12:52:29,142 - httpx - INFO - HTTP Request: POST http://localhost:8002/api/beds/update "HTTP/1.1 201 Created"
2025-09-11 12:52:29,143 - __main__ - INFO - Updated icu beds for hospital 1 to 199
2025-09-11 12:52:29,173 - httpx - INFO - HTTP Request: GET http://localhost:8002/api/beds/current/2 "HTTP/1.1 200 OK"
2025-09-11 12:52:29,204 - httpx - INFO - HTTP Request: POST http://localhost:8002/api/beds/update "HTTP/1.1 201 Created"
2025-09-11 12:52:29,204 - __main__ - INFO - Updated general beds for hospital 2 to 684
2025-09-11 12:52:29,228 - httpx - INFO - HTTP Request: POST http://localhost:8002/api/beds/update "HTTP/1.1 201 Created"
2025-09-11 12:52:29,228 - __main__ - INFO - Updated icu beds for hospital 2 to 133
2025-09-11 12:52:29,254 - httpx - INFO - HTTP Request: GET http://localhost:8002/api/beds/current/3 "HTTP/1.1 200 OK"
2025-09-11 12:52:29,271 - httpx - INFO - HTTP Request: POST http://localhost:8002/api/beds/update "HTTP/1.1 400 Bad Request"
2025-09-11 12:52:29,272 - __main__ - ERROR - Error updating general beds for hospital 3: Client error '400 Bad Request' for url 'http://localhost:8002/api/beds/update'
For more information check: https://developer.mozilla.org/en-US/docs/Web/HTTP/Status/400
2025-09-11 13:28:03,420 - httpx - INFO - HTTP Request: GET http://localhost:8002/api/beds/current/1 "HTTP/1.1 200 OK"
2025-09-11 13:28:03,446 - httpx - INFO - HTTP Request: POST http://localhost:8002/api/beds/update "HTTP/1.1 201 Created"
2025-09-11 13:28:03,447 - __main__ - INFO - Updated general beds for hospital 1 to 996
2025-09-11 13:28:03,470 - httpx - INFO - HTTP Request: GET http://localhost:8002/api/beds/current/2 "HTTP/1.1 200 OK"
2025-09-11 13:28:03,502 - httpx - INFO - HTTP Request: POST http://localhost:8002/api/beds/update "HTTP/1.1 201 Created"
2025-09-11 13:28:03,502 - __main__ - INFO - Updated general beds for hospital 2 to 683
2025-09-11 13:28:03,517 - httpx - INFO - HTTP Request: POST http://localhost:8002/api/beds/update "HTTP/1.1 201 Created"
2025-09-11 13:28:03,518 - __main__ - INFO - Updated icu beds for hospital 2 to 134
2025-09-11 13:28:03,534 - httpx - INFO - HTTP Request: GET http://localhost:8002/api/beds/current/3 "HTTP/1.1 200 OK"
2025-09-11 13:28:03,547 - httpx - INFO - HTTP Request: POST http://localhost:8002/api/beds/update "HTTP/1.1 201 Created"
2025-09-11 13:28:03,547 - __main__ - INFO - Updated general beds for hospital 3 to 299
2025-09-11 13:28:03,561 - httpx - INFO - HTTP Request: POST http://localhost:8002/api/beds/update "HTTP/1.1 201 Created"
2025-09-11 13:28:03,561 - __main__ - INFO - Updated icu beds for hospital 3 to 55
2025-09-11 13:28:33,632 - httpx - INFO - HTTP Request: GET http://localhost:8002/api/beds/current/1 "HTTP/1.1 200 OK"
2025-09-11 13:28:33,665 - httpx - INFO - HTTP Request: POST http://localhost:8002/api/beds/update "HTTP/1.1 201 Created"
2025-09-11 13:28:33,666 - __main__ - INFO - Updated general beds for hospital 1 to 997
2025-09-11 13:28:33,681 - httpx - INFO - HTTP Request: POST http://localhost:8002/api/beds/update "HTTP/1.1 201 Created"
2025-09-11 13:28:33,682 - __main__ - INFO - Updated icu beds for hospital 1 to 197
2025-09-11 13:28:33,694 - httpx - INFO - HTTP Request: GET http://localhost:8002/api/beds/current/2 "HTTP/1.1 200 OK"
2025-09-11 13:28:33,713 - httpx - INFO - HTTP Request: POST http://localhost:8002/api/beds/update "HTTP/1.1 201 Created"
2025-09-11 13:28:33,713 - __main__ - INFO - Updated icu beds for hospital 2 to 136
2025-09-11 13:28:33,730 - httpx - INFO - HTTP Request: GET http://localhost:8002/api/beds/current/3 "HTTP/1.1 200 OK"
2025-09-11 13:28:33,748 - httpx - INFO - HTTP Request: POST http://localhost:8002/api/beds/update "HTTP/1.1 201 Created"
2025-09-11 13:28:33,749 - __main__ - INFO - Updated general beds for hospital 3 to 300
2025-09-11 13:28:33,776 - httpx - INFO - HTTP Request: POST http://localhost:8002/api/beds/update "HTTP/1.1 201 Created"
2025-09-11 13:28:33,777 - __main__ - INFO - Updated icu beds for hospital 3 to 54
2025-09-11 13:29:03,817 - httpx - INFO - HTTP Request: GET http://localhost:8002/api/beds/current/1 "HTTP/1.1 200 OK"
2025-09-11 13:29:03,844 - httpx - INFO - HTTP Request: POST http://localhost:8002/api/beds/update "HTTP/1.1 201 Created"
2025-09-11 13:29:03,902 - __main__ - INFO - Updated general beds for hospital 1 to 995
2025-09-11 13:29:03,934 - httpx - INFO - HTTP Request: GET http://localhost:8002/api/beds/current/2 "HTTP/1.1 200 OK"
2025-09-11 13:29:03,956 - httpx - INFO - HTTP Request: POST http://localhost:8002/api/beds/update "HTTP/1.1 201 Created"
2025-09-11 13:29:03,956 - __main__ - INFO - Updated general beds for hospital 2 to 686
2025-09-11 13:29:03,977 - httpx - INFO - HTTP Request: POST http://localhost:8002/api/beds/update "HTTP/1.1 201 Created"
2025-09-11 13:29:03,977 - __main__ - INFO - Updated icu beds for hospital 2 to 134
2025-09-11 13:29:03,992 - httpx - INFO - HTTP Request: GET http://localhost:8002/api/beds/current/3 "HTTP/1.1 200 OK"
2025-09-11 13:29:04,015 - httpx - INFO - HTTP Request: POST http://localhost:8002/api/beds/update "HTTP/1.1 201 Created"
2025-09-11 13:29:04,015 - __main__ - INFO - Updated icu beds for hospital 3 to 53
2025-09-11 13:29:34,050 - httpx - INFO - HTTP Request: GET http://localhost:8002/api/beds/current/1 "HTTP/1.1 200 OK"
2025-09-11 13:29:34,072 - httpx - INFO - HTTP Request: POST http://localhost:8002/api/beds/update "HTTP/1.1 201 Created"
2025-09-11 13:29:34,072 - __main__ - INFO - Updated general beds for hospital 1 to 992
2025-09-11 13:29:34,089 - httpx - INFO - HTTP Request: POST http://localhost:8002/api/beds/update "HTTP/1.1 201 Created"
2025-09-11 13:29:34,089 - __main__ - INFO - Updated icu beds for hospital 1 to 198
2025-09-11 13:29:34,106 - httpx - INFO - HTTP Request: GET http://localhost:8002/api/beds/current/2 "HTTP/1.1 200 OK"
2025-09-11 13:29:34,124 - httpx - INFO - HTTP Request: POST http://localhost:8002/api/beds/update "HTTP/1.1 201 Created"
2025-09-11 13:29:34,124 - __main__ - INFO - Updated general beds for hospital 2 to 683
2025-09-11 13:29:34,138 - httpx - INFO - HTTP Request: GET http://localhost:8002/api/beds/current/3 "HTTP/1.1 200 OK"
2025-09-11 13:29:34,153 - httpx - INFO - HTTP Request: POST http://localhost:8002/api/beds/update "HTTP/1.1 201 Created"
2025-09-11 13:29:34,153 - __main__ - INFO - Updated general beds for hospital 3 to 298
2025-09-11 13:29:34,170 - httpx - INFO - HTTP Request: POST http://localhost:8002/api/beds/update "HTTP/1.1 201 Created"
2025-09-11 13:29:34,170 - __main__ - INFO - Updated icu beds for hospital 3 to 52
2025-09-11 13:30:04,222 - httpx - INFO - HTTP Request: GET http://localhost:8002/api/beds/current/1 "HTTP/1.1 200 OK"
2025-09-11 13:30:04,233 - httpx - INFO - HTTP Request: GET http://localhost:8002/api/beds/current/2 "HTTP/1.1 200 OK"
2025-09-11 13:30:04,248 - httpx - INFO - HTTP Request: POST http://localhost:8002/api/beds/update "HTTP/1.1 201 Created"
2025-09-11 13:30:04,248 - __main__ - INFO - Updated general beds for hospital 2 to 686
2025-09-11 13:30:04,259 - httpx - INFO - HTTP Request: POST http://localhost:8002/api/beds/update "HTTP/1.1 201 Created"
2025-09-11 13:30:04,259 - __main__ - INFO - Updated icu beds for hospital 2 to 136
2025-09-11 13:30:04,273 - httpx - INFO - HTTP Request: GET http://localhost:8002/api/beds/current/3 "HTTP/1.1 200 OK"
2025-09-11 13:30:04,284 - httpx - INFO - HTTP Request: POST http://localhost:8002/api/beds/update "HTTP/1.1 201 Created"
2025-09-11 13:30:04,284 - __main__ - INFO - Updated icu beds for hospital 3 to 51
2025-09-11 13:30:34,309 - httpx - INFO - HTTP Request: GET http://localhost:8002/api/beds/current/1 "HTTP/1.1 200 OK"
2025-09-11 13:30:34,329 - httpx - INFO - HTTP Request: POST http://localhost:8002/api/beds/update "HTTP/1.1 201 Created"
2025-09-11 13:30:34,329 - __main__ - INFO - Updated general beds for hospital 1 to 990
2025-09-11 13:30:34,345 - httpx - INFO - HTTP Request: POST http://localhost:8002/api/beds/update "HTTP/1.1 201 Created"
2025-09-11 13:30:34,345 - __main__ - INFO - Updated icu beds for hospital 1 to 196
2025-09-11 13:30:34,359 - httpx - INFO - HTTP Request: GET http://localhost:8002/api/beds/current/2 "HTTP/1.1 200 OK"
2025-09-11 13:30:34,380 - httpx - INFO - HTTP Request: POST http://localhost:8002/api/beds/update "HTTP/1.1 201 Created"
2025-09-11 13:30:34,380 - __main__ - INFO - Updated icu beds for hospital 2 to 137
2025-09-11 13:30:34,403 - httpx - INFO - HTTP Request: GET http://localhost:8002/api/beds/current/3 "HTTP/1.1 200 OK"
2025-09-11 13:30:34,419 - httpx - INFO - HTTP Request: POST http://localhost:8002/api/beds/update "HTTP/1.1 201 Created"
2025-09-11 13:30:34,419 - __main__ - INFO - Updated general beds for hospital 3 to 296
2025-09-11 13:30:34,436 - httpx - INFO - HTTP Request: POST http://localhost:8002/api/beds/update "HTTP/1.1 201 Created"
2025-09-11 13:30:34,436 - __main__ - INFO - Updated icu beds for hospital 3 to 49
2025-09-11 13:31:04,470 - httpx - INFO - HTTP Request: GET http://localhost:8002/api/beds/current/1 "HTTP/1.1 200 OK"
2025-09-11 13:31:04,497 - httpx - INFO - HTTP Request: POST http://localhost:8002/api/beds/update "HTTP/1.1 201 Created"
2025-09-11 13:31:04,497 - __main__ - INFO - Updated general beds for hospital 1 to 991
2025-09-11 13:31:04,513 - httpx - INFO - HTTP Request: POST http://localhost:8002/api/beds/update "HTTP/1.1 201 Created"
2025-09-11 13:31:04,513 - __main__ - INFO - Updated icu beds for hospital 1 to 194
2025-09-11 13:31:04,532 - httpx - INFO - HTTP Request: GET http://localhost:8002/api/beds/current/2 "HTTP/1.1 200 OK"
2025-09-11 13:31:04,556 - httpx - INFO - HTTP Request: POST http://localhost:8002/api/beds/update "HTTP/1.1 400 Bad Request"
2025-09-11 13:31:04,557 - __main__ - ERROR - Error updating general beds for hospital 2: Client error '400 Bad Request' for url 'http://localhost:8002/api/beds/update'
For more information check: https://developer.mozilla.org/en-US/docs/Web/HTTP/Status/400
2025-09-11 13:31:04,573 - httpx - INFO - HTTP Request: POST http://localhost:8002/api/beds/update "HTTP/1.1 400 Bad Request"
2025-09-11 13:31:04,573 - __main__ - ERROR - Error updating icu beds for hospital 2: Client error '400 Bad Request' for url 'http://localhost:8002/api/beds/update'
For more information check: https://developer.mozilla.org/en-US/docs/Web/HTTP/Status/400
2025-09-11 13:31:04,594 - httpx - INFO - HTTP Request: GET http://localhost:8002/api/beds/current/3 "HTTP/1.1 200 OK"
2025-09-11 13:31:04,611 - httpx - INFO - HTTP Request: POST http://localhost:8002/api/beds/update "HTTP/1.1 201 Created"
2025-09-11 13:31:04,612 - __main__ - INFO - Updated general beds for hospital 3 to 297
2025-09-11 13:31:04,629 - httpx - INFO - HTTP Request: POST http://localhost:8002/api/beds/update "HTTP/1.1 201 Created"
2025-09-11 13:31:04,630 - __main__ - INFO - Updated icu beds for hospital 3 to 48
2025-09-11 13:31:34,669 - httpx - INFO - HTTP Request: GET http://localhost:8002/api/beds/current/1 "HTTP/1.1 200 OK"
2025-09-11 13:31:34,767 - httpx - INFO - HTTP Request: POST http://localhost:8002/api/beds/update "HTTP/1.1 201 Created"
2025-09-11 13:31:34,768 - __main__ - INFO - Updated general beds for hospital 1 to 988
2025-09-11 13:31:34,785 - httpx - INFO - HTTP Request: POST http://localhost:8002/api/beds/update "HTTP/1.1 201 Created"
2025-09-11 13:31:34,785 - __main__ - INFO - Updated icu beds for hospital 1 to 193
2025-09-11 13:31:34,804 - httpx - INFO - HTTP Request: GET http://localhost:8002/api/beds/current/2 "HTTP/1.1 200 OK"
2025-09-11 13:31:34,826 - httpx - INFO - HTTP Request: POST http://localhost:8002/api/beds/update "HTTP/1.1 400 Bad Request"
2025-09-11 13:31:34,826 - __main__ - ERROR - Error updating general beds for hospital 2: Client error '400 Bad Request' for url 'http://localhost:8002/api/beds/update'
For more information check: https://developer.mozilla.org/en-US/docs/Web/HTTP/Status/400
2025-09-11 13:31:34,845 - httpx - INFO - HTTP Request: POST http://localhost:8002/api/beds/update "HTTP/1.1 400 Bad Request"
2025-09-11 13:31:34,846 - __main__ - ERROR - Error updating icu beds for hospital 2: Client error '400 Bad Request' for url 'http://localhost:8002/api/beds/update'
For more information check: https://developer.mozilla.org/en-US/docs/Web/HTTP/Status/400
2025-09-11 13:31:34,861 - httpx - INFO - HTTP Request: GET http://localhost:8002/api/beds/current/3 "HTTP/1.1 200 OK"
2025-09-11 13:31:34,989 - httpx - INFO - HTTP Request: POST http://localhost:8002/api/beds/update "HTTP/1.1 201 Created"
2025-09-11 13:31:34,990 - __main__ - INFO - Updated general beds for hospital 3 to 295
2025-09-11 13:32:05,033 - httpx - INFO - HTTP Request: GET http://localhost:8002/api/beds/current/1 "HTTP/1.1 200 OK"
2025-09-11 13:32:05,058 - httpx - INFO - HTTP Request: POST http://localhost:8002/api/beds/update "HTTP/1.1 201 Created"
2025-09-11 13:32:05,059 - __main__ - INFO - Updated general beds for hospital 1 to 985
2025-09-11 13:32:05,080 - httpx - INFO - HTTP Request: POST http://localhost:8002/api/beds/update "HTTP/1.1 201 Created"
2025-09-11 13:32:05,080 - __main__ - INFO - Updated icu beds for hospital 1 to 194
2025-09-11 13:32:05,098 - httpx - INFO - HTTP Request: GET http://localhost:8002/api/beds/current/2 "HTTP/1.1 200 OK"
2025-09-11 13:32:05,118 - httpx - INFO - HTTP Request: POST http://localhost:8002/api/beds/update "HTTP/1.1 400 Bad Request"
2025-09-11 13:32:05,118 - __main__ - ERROR - Error updating general beds for hospital 2: Client error '400 Bad Request' for url 'http://localhost:8002/api/beds/update'
For more information check: https://developer.mozilla.org/en-US/docs/Web/HTTP/Status/400
2025-09-11 13:32:05,135 - httpx - INFO - HTTP Request: POST http://localhost:8002/api/beds/update "HTTP/1.1 400 Bad Request"
2025-09-11 13:32:05,136 - __main__ - ERROR - Error updating icu beds for hospital 2: Client error '400 Bad Request' for url 'http://localhost:8002/api/beds/update'
For more information check: https://developer.mozilla.org/en-US/docs/Web/HTTP/Status/400
2025-09-11 13:32:05,153 - httpx - INFO - HTTP Request: GET http://localhost:8002/api/beds/current/3 "HTTP/1.1 200 OK"
2025-09-11 13:32:05,170 - httpx - INFO - HTTP Request: POST http://localhost:8002/api/beds/update "HTTP/1.1 201 Created"
2025-09-11 13:32:05,170 - __main__ - INFO - Updated general beds for hospital 3 to 292
2025-09-11 13:34:09,443 - __main__ - INFO - Starting bed simulation for hospitals: [1, 2, 3]
2025-09-11 13:34:09,444 - __main__ - INFO - Update interval: 30 seconds
2025-09-11 13:34:09,781 - httpx - INFO - HTTP Request: GET http://localhost:8002/api/beds/current/1 "HTTP/1.1 200 OK"
2025-09-11 13:34:09,843 - httpx - INFO - HTTP Request: POST http://localhost:8002/api/beds/update "HTTP/1.1 201 Created"
2025-09-11 13:34:09,844 - __main__ - INFO - Updated general beds for hospital 1 to 983
2025-09-11 13:34:09,871 - httpx - INFO - HTTP Request: POST http://localhost:8002/api/beds/update "HTTP/1.1 201 Created"
2025-09-11 13:34:09,873 - __main__ - INFO - Updated icu beds for hospital 1 to 193
2025-09-11 13:34:09,900 - httpx - INFO - HTTP Request: GET http://localhost:8002/api/beds/current/2 "HTTP/1.1 200 OK"
2025-09-11 13:34:09,925 - httpx - INFO - HTTP Request: POST http://localhost:8002/api/beds/update "HTTP/1.1 201 Created"
2025-09-11 13:34:09,926 - __main__ - INFO - Updated general beds for hospital 2 to 685
2025-09-11 13:34:09,957 - httpx - INFO - HTTP Request: POST http://localhost:8002/api/beds/update "HTTP/1.1 201 Created"
2025-09-11 13:34:09,958 - __main__ - INFO - Updated icu beds for hospital 2 to 136
2025-09-11 13:34:09,976 - httpx - INFO - HTTP Request: GET http://localhost:8002/api/beds/current/3 "HTTP/1.1 200 OK"
2025-09-11 13:34:10,009 - httpx - INFO - HTTP Request: POST http://localhost:8002/api/beds/update "HTTP/1.1 201 Created"
2025-09-11 13:34:10,009 - __main__ - INFO - Updated general beds for hospital 3 to 291
2025-09-11 13:34:10,036 - httpx - INFO - HTTP Request: POST http://localhost:8002/api/beds/update "HTTP/1.1 201 Created"
2025-09-11 13:34:10,036 - __main__ - INFO - Updated icu beds for hospital 3 to 46
2025-09-11 13:34:40,226 - httpx - INFO - HTTP Request: GET http://localhost:8002/api/beds/current/1 "HTTP/1.1 200 OK"
2025-09-11 13:34:40,256 - httpx - INFO - HTTP Request: POST http://localhost:8002/api/beds/update "HTTP/1.1 201 Created"
2025-09-11 13:34:40,256 - __main__ - INFO - Updated general beds for hospital 1 to 985
2025-09-11 13:34:40,274 - httpx - INFO - HTTP Request: POST http://localhost:8002/api/beds/update "HTTP/1.1 201 Created"
2025-09-11 13:34:40,275 - __main__ - INFO - Updated icu beds for hospital 1 to 194
2025-09-11 13:34:40,291 - httpx - INFO - HTTP Request: GET http://localhost:8002/api/beds/current/2 "HTTP/1.1 200 OK"
2025-09-11 13:34:40,312 - httpx - INFO - HTTP Request: POST http://localhost:8002/api/beds/update "HTTP/1.1 201 Created"
2025-09-11 13:34:40,313 - __main__ - INFO - Updated general beds for hospital 2 to 683
2025-09-11 13:34:40,338 - httpx - INFO - HTTP Request: POST http://localhost:8002/api/beds/update "HTTP/1.1 201 Created"
2025-09-11 13:34:40,339 - __main__ - INFO - Updated icu beds for hospital 2 to 137
2025-09-11 13:34:40,419 - httpx - INFO - HTTP Request: GET http://localhost:8002/api/beds/current/3 "HTTP/1.1 200 OK"
2025-09-11 13:34:40,440 - httpx - INFO - HTTP Request: POST http://localhost:8002/api/beds/update "HTTP/1.1 201 Created"
2025-09-11 13:34:40,440 - __main__ - INFO - Updated icu beds for hospital 3 to 47
2025-09-11 13:35:10,504 - httpx - INFO - HTTP Request: GET http://localhost:8002/api/beds/current/1 "HTTP/1.1 200 OK"
2025-09-11 13:35:10,579 - httpx - INFO - HTTP Request: POST http://localhost:8002/api/beds/update "HTTP/1.1 201 Created"
2025-09-11 13:35:10,579 - __main__ - INFO - Updated general beds for hospital 1 to 986
2025-09-11 13:35:10,595 - httpx - INFO - HTTP Request: GET http://localhost:8002/api/beds/current/2 "HTTP/1.1 200 OK"
2025-09-11 13:35:10,629 - httpx - INFO - HTTP Request: POST http://localhost:8002/api/beds/update "HTTP/1.1 201 Created"
2025-09-11 13:35:10,629 - __main__ - INFO - Updated general beds for hospital 2 to 684
2025-09-11 13:35:10,645 - httpx - INFO - HTTP Request: GET http://localhost:8002/api/beds/current/3 "HTTP/1.1 200 OK"
2025-09-11 13:35:10,666 - httpx - INFO - HTTP Request: POST http://localhost:8002/api/beds/update "HTTP/1.1 201 Created"
2025-09-11 13:35:10,667 - __main__ - INFO - Updated general beds for hospital 3 to 290
2025-09-11 13:35:10,685 - httpx - INFO - HTTP Request: POST http://localhost:8002/api/beds/update "HTTP/1.1 201 Created"
2025-09-11 13:35:10,685 - __main__ - INFO - Updated icu beds for hospital 3 to 46
2025-09-11 13:35:40,727 - httpx - INFO - HTTP Request: GET http://localhost:8002/api/beds/current/1 "HTTP/1.1 200 OK"
2025-09-11 13:35:40,749 - httpx - INFO - HTTP Request: POST http://localhost:8002/api/beds/update "HTTP/1.1 201 Created"
2025-09-11 13:35:40,750 - __main__ - INFO - Updated general beds for hospital 1 to 984
2025-09-11 13:35:40,772 - httpx - INFO - HTTP Request: POST http://localhost:8002/api/beds/update "HTTP/1.1 201 Created"
2025-09-11 13:35:40,772 - __main__ - INFO - Updated icu beds for hospital 1 to 192
2025-09-11 13:35:40,789 - httpx - INFO - HTTP Request: GET http://localhost:8002/api/beds/current/2 "HTTP/1.1 200 OK"
2025-09-11 13:35:40,809 - httpx - INFO - HTTP Request: POST http://localhost:8002/api/beds/update "HTTP/1.1 201 Created"
2025-09-11 13:35:40,810 - __main__ - INFO - Updated general beds for hospital 2 to 686
2025-09-11 13:35:40,831 - httpx - INFO - HTTP Request: POST http://localhost:8002/api/beds/update "HTTP/1.1 201 Created"
2025-09-11 13:35:40,832 - __main__ - INFO - Updated icu beds for hospital 2 to 136
2025-09-11 13:35:40,857 - httpx - INFO - HTTP Request: GET http://localhost:8002/api/beds/current/3 "HTTP/1.1 200 OK"
2025-09-11 13:35:40,886 - httpx - INFO - HTTP Request: POST http://localhost:8002/api/beds/update "HTTP/1.1 201 Created"
2025-09-11 13:35:40,887 - __main__ - INFO - Updated general beds for hospital 3 to 289
2025-09-11 13:35:40,907 - httpx - INFO - HTTP Request: POST http://localhost:8002/api/beds/update "HTTP/1.1 201 Created"
2025-09-11 13:35:40,908 - __main__ - INFO - Updated icu beds for hospital 3 to 44
2025-09-11 13:36:10,943 - httpx - INFO - HTTP Request: GET http://localhost:8002/api/beds/current/1 "HTTP/1.1 200 OK"
2025-09-11 13:36:10,959 - httpx - INFO - HTTP Request: POST http://localhost:8002/api/beds/update "HTTP/1.1 201 Created"
2025-09-11 13:36:10,959 - __main__ - INFO - Updated icu beds for hospital 1 to 190
2025-09-11 13:36:10,969 - httpx - INFO - HTTP Request: GET http://localhost:8002/api/beds/current/2 "HTTP/1.1 200 OK"
2025-09-11 13:36:10,979 - httpx - INFO - HTTP Request: POST http://localhost:8002/api/beds/update "HTTP/1.1 400 Bad Request"
2025-09-11 13:36:10,979 - __main__ - ERROR - Error updating general beds for hospital 2: Client error '400 Bad Request' for url 'http://localhost:8002/api/beds/update'
For more information check: https://developer.mozilla.org/en-US/docs/Web/HTTP/Status/400
2025-09-11 13:36:10,994 - httpx - INFO - HTTP Request: POST http://localhost:8002/api/beds/update "HTTP/1.1 201 Created"
2025-09-11 13:36:10,994 - __main__ - INFO - Updated icu beds for hospital 2 to 135
2025-09-11 13:36:11,007 - httpx - INFO - HTTP Request: GET http://localhost:8002/api/beds/current/3 "HTTP/1.1 200 OK"
2025-09-11 13:36:11,021 - httpx - INFO - HTTP Request: POST http://localhost:8002/api/beds/update "HTTP/1.1 201 Created"
2025-09-11 13:36:11,022 - __main__ - INFO - Updated general beds for hospital 3 to 286
2025-09-11 13:36:11,037 - httpx - INFO - HTTP Request: POST http://localhost:8002/api/beds/update "HTTP/1.1 201 Created"
2025-09-11 13:36:11,038 - __main__ - INFO - Updated icu beds for hospital 3 to 46
2025-09-11 13:36:41,100 - httpx - INFO - HTTP Request: GET http://localhost:8002/api/beds/current/1 "HTTP/1.1 200 OK"
2025-09-11 13:36:41,125 - httpx - INFO - HTTP Request: POST http://localhost:8002/api/beds/update "HTTP/1.1 201 Created"
2025-09-11 13:36:41,125 - __main__ - INFO - Updated general beds for hospital 1 to 981
2025-09-11 13:36:41,142 - httpx - INFO - HTTP Request: GET http://localhost:8002/api/beds/current/2 "HTTP/1.1 200 OK"
2025-09-11 13:36:41,162 - httpx - INFO - HTTP Request: POST http://localhost:8002/api/beds/update "HTTP/1.1 201 Created"
2025-09-11 13:36:41,163 - __main__ - INFO - Updated icu beds for hospital 2 to 137
2025-09-11 13:36:41,181 - httpx - INFO - HTTP Request: GET http://localhost:8002/api/beds/current/3 "HTTP/1.1 200 OK"
2025-09-11 13:37:11,344 - httpx - INFO - HTTP Request: GET http://localhost:8002/api/beds/current/1 "HTTP/1.1 200 OK"
2025-09-11 13:37:11,384 - httpx - INFO - HTTP Request: POST http://localhost:8002/api/beds/update "HTTP/1.1 201 Created"
2025-09-11 13:37:11,385 - __main__ - INFO - Updated general beds for hospital 1 to 983
2025-09-11 13:37:11,412 - httpx - INFO - HTTP Request: POST http://localhost:8002/api/beds/update "HTTP/1.1 201 Created"
2025-09-11 13:37:11,511 - __main__ - INFO - Updated icu beds for hospital 1 to 188
2025-09-11 13:37:11,547 - httpx - INFO - HTTP Request: GET http://localhost:8002/api/beds/current/2 "HTTP/1.1 200 OK"
2025-09-11 13:37:11,577 - httpx - INFO - HTTP Request: POST http://localhost:8002/api/beds/update "HTTP/1.1 201 Created"
2025-09-11 13:37:11,577 - __main__ - INFO - Updated general beds for hospital 2 to 685
2025-09-11 13:37:11,593 - httpx - INFO - HTTP Request: POST http://localhost:8002/api/beds/update "HTTP/1.1 201 Created"
2025-09-11 13:37:11,594 - __main__ - INFO - Updated icu beds for hospital 2 to 136
2025-09-11 13:37:11,608 - httpx - INFO - HTTP Request: GET http://localhost:8002/api/beds/current/3 "HTTP/1.1 200 OK"
2025-09-11 13:37:11,624 - httpx - INFO - HTTP Request: POST http://localhost:8002/api/beds/update "HTTP/1.1 201 Created"
2025-09-11 13:37:11,625 - __main__ - INFO - Updated general beds for hospital 3 to 283
2025-09-11 13:37:11,642 - httpx - INFO - HTTP Request: POST http://localhost:8002/api/beds/update "HTTP/1.1 201 Created"
2025-09-11 13:37:11,642 - __main__ - INFO - Updated icu beds for hospital 3 to 45
2025-09-11 13:37:41,711 - httpx - INFO - HTTP Request: GET http://localhost:8002/api/beds/current/1 "HTTP/1.1 200 OK"
2025-09-11 13:37:41,747 - httpx - INFO - HTTP Request: POST http://localhost:8002/api/beds/update "HTTP/1.1 201 Created"
2025-09-11 13:37:41,747 - __main__ - INFO - Updated general beds for hospital 1 to 986
2025-09-11 13:37:41,778 - httpx - INFO - HTTP Request: POST http://localhost:8002/api/beds/update "HTTP/1.1 201 Created"
2025-09-11 13:37:41,779 - __main__ - INFO - Updated icu beds for hospital 1 to 186
2025-09-11 13:37:41,808 - httpx - INFO - HTTP Request: GET http://localhost:8002/api/beds/current/2 "HTTP/1.1 200 OK"
2025-09-11 13:37:41,822 - httpx - INFO - HTTP Request: POST http://localhost:8002/api/beds/update "HTTP/1.1 400 Bad Request"
2025-09-11 13:37:41,823 - __main__ - ERROR - Error updating general beds for hospital 2: Client error '400 Bad Request' for url 'http://localhost:8002/api/beds/update'
For more information check: https://developer.mozilla.org/en-US/docs/Web/HTTP/Status/400
2025-09-11 13:37:41,840 - httpx - INFO - HTTP Request: POST http://localhost:8002/api/beds/update "HTTP/1.1 400 Bad Request"
2025-09-11 13:37:41,842 - __main__ - ERROR - Error updating icu beds for hospital 2: Client error '400 Bad Request' for url 'http://localhost:8002/api/beds/update'
For more information check: https://developer.mozilla.org/en-US/docs/Web/HTTP/Status/400
2025-09-11 13:37:41,868 - httpx - INFO - HTTP Request: GET http://localhost:8002/api/beds/current/3 "HTTP/1.1 200 OK"
2025-09-11 13:37:41,913 - httpx - INFO - HTTP Request: POST http://localhost:8002/api/beds/update "HTTP/1.1 201 Created"
2025-09-11 13:37:41,914 - __main__ - INFO - Updated general beds for hospital 3 to 282
2025-09-11 13:37:41,954 - httpx - INFO - HTTP Request: POST http://localhost:8002/api/beds/update "HTTP/1.1 201 Created"
2025-09-11 13:37:41,956 - __main__ - INFO - Updated icu beds for hospital 3 to 44
2025-09-11 13:38:12,018 - httpx - INFO - HTTP Request: GET http://localhost:8002/api/beds/current/1 "HTTP/1.1 200 OK"
2025-09-11 13:38:12,053 - httpx - INFO - HTTP Request: POST http://localhost:8002/api/beds/update "HTTP/1.1 201 Created"
2025-09-11 13:38:12,053 - __main__ - INFO - Updated general beds for hospital 1 to 989
2025-09-11 13:38:12,069 - httpx - INFO - HTTP Request: POST http://localhost:8002/api/beds/update "HTTP/1.1 201 Created"
2025-09-11 13:38:12,069 - __main__ - INFO - Updated icu beds for hospital 1 to 187
2025-09-11 13:38:12,083 - httpx - INFO - HTTP Request: GET http://localhost:8002/api/beds/current/2 "HTTP/1.1 200 OK"
2025-09-11 13:38:12,100 - httpx - INFO - HTTP Request: POST http://localhost:8002/api/beds/update "HTTP/1.1 201 Created"
2025-09-11 13:38:12,101 - __main__ - INFO - Updated general beds for hospital 2 to 683
2025-09-11 13:38:12,119 - httpx - INFO - HTTP Request: POST http://localhost:8002/api/beds/update "HTTP/1.1 400 Bad Request"
2025-09-11 13:38:12,120 - __main__ - ERROR - Error updating icu beds for hospital 2: Client error '400 Bad Request' for url 'http://localhost:8002/api/beds/update'
For more information check: https://developer.mozilla.org/en-US/docs/Web/HTTP/Status/400
2025-09-11 13:38:12,144 - httpx - INFO - HTTP Request: GET http://localhost:8002/api/beds/current/3 "HTTP/1.1 200 OK"
2025-09-11 13:38:12,166 - httpx - INFO - HTTP Request: POST http://localhost:8002/api/beds/update "HTTP/1.1 201 Created"
2025-09-11 13:38:12,166 - __main__ - INFO - Updated general beds for hospital 3 to 283
2025-09-11 13:38:12,192 - httpx - INFO - HTTP Request: POST http://localhost:8002/api/beds/update "HTTP/1.1 201 Created"
2025-09-11 13:38:12,192 - __main__ - INFO - Updated icu beds for hospital 3 to 43
2025-09-11 13:38:42,229 - httpx - INFO - HTTP Request: GET http://localhost:8002/api/beds/current/1 "HTTP/1.1 200 OK"
2025-09-11 13:38:42,257 - httpx - INFO - HTTP Request: POST http://localhost:8002/api/beds/update "HTTP/1.1 201 Created"
2025-09-11 13:38:42,257 - __main__ - INFO - Updated general beds for hospital 1 to 988
2025-09-11 13:38:42,273 - httpx - INFO - HTTP Request: POST http://localhost:8002/api/beds/update "HTTP/1.1 201 Created"
2025-09-11 13:38:42,273 - __main__ - INFO - Updated icu beds for hospital 1 to 189
2025-09-11 13:38:42,289 - httpx - INFO - HTTP Request: GET http://localhost:8002/api/beds/current/2 "HTTP/1.1 200 OK"
2025-09-11 13:38:42,308 - httpx - INFO - HTTP Request: POST http://localhost:8002/api/beds/update "HTTP/1.1 201 Created"
2025-09-11 13:38:42,308 - __main__ - INFO - Updated general beds for hospital 2 to 684
2025-09-11 13:38:42,326 - httpx - INFO - HTTP Request: POST http://localhost:8002/api/beds/update "HTTP/1.1 201 Created"
2025-09-11 13:38:42,326 - __main__ - INFO - Updated icu beds for hospital 2 to 134
2025-09-11 13:38:42,341 - httpx - INFO - HTTP Request: GET http://localhost:8002/api/beds/current/3 "HTTP/1.1 200 OK"
2025-09-11 13:38:42,357 - httpx - INFO - HTTP Request: POST http://localhost:8002/api/beds/update "HTTP/1.1 201 Created"
2025-09-11 13:38:42,358 - __main__ - INFO - Updated general beds for hospital 3 to 285
2025-09-11 13:38:42,374 - httpx - INFO - HTTP Request: POST http://localhost:8002/api/beds/update "HTTP/1.1 201 Created"
2025-09-11 13:38:42,375 - __main__ - INFO - Updated icu beds for hospital 3 to 45
2025-09-11 13:39:12,413 - httpx - INFO - HTTP Request: GET http://localhost:8002/api/beds/current/1 "HTTP/1.1 200 OK"
2025-09-11 13:39:12,440 - httpx - INFO - HTTP Request: POST http://localhost:8002/api/beds/update "HTTP/1.1 201 Created"
2025-09-11 13:39:12,440 - __main__ - INFO - Updated general beds for hospital 1 to 985
2025-09-11 13:39:12,453 - httpx - INFO - HTTP Request: GET http://localhost:8002/api/beds/current/2 "HTTP/1.1 200 OK"
2025-09-11 13:39:12,469 - httpx - INFO - HTTP Request: POST http://localhost:8002/api/beds/update "HTTP/1.1 201 Created"
2025-09-11 13:39:12,469 - __main__ - INFO - Updated general beds for hospital 2 to 682
2025-09-11 13:39:12,571 - httpx - INFO - HTTP Request: POST http://localhost:8002/api/beds/update "HTTP/1.1 201 Created"
2025-09-11 13:39:12,572 - __main__ - INFO - Updated icu beds for hospital 2 to 136
2025-09-11 13:39:12,590 - httpx - INFO - HTTP Request: GET http://localhost:8002/api/beds/current/3 "HTTP/1.1 200 OK"
2025-09-11 13:39:12,608 - httpx - INFO - HTTP Request: POST http://localhost:8002/api/beds/update "HTTP/1.1 201 Created"
2025-09-11 13:39:12,609 - __main__ - INFO - Updated general beds for hospital 3 to 286
2025-09-11 13:39:12,635 - httpx - INFO - HTTP Request: POST http://localhost:8002/api/beds/update "HTTP/1.1 201 Created"
2025-09-11 13:39:12,635 - __main__ - INFO - Updated icu beds for hospital 3 to 47
2025-09-11 13:39:42,667 - httpx - INFO - HTTP Request: GET http://localhost:8002/api/beds/current/1 "HTTP/1.1 200 OK"
2025-09-11 13:39:42,689 - httpx - INFO - HTTP Request: POST http://localhost:8002/api/beds/update "HTTP/1.1 201 Created"
2025-09-11 13:39:42,689 - __main__ - INFO - Updated general beds for hospital 1 to 988
2025-09-11 13:39:42,710 - httpx - INFO - HTTP Request: POST http://localhost:8002/api/beds/update "HTTP/1.1 201 Created"
2025-09-11 13:39:42,710 - __main__ - INFO - Updated icu beds for hospital 1 to 188
2025-09-11 13:39:42,728 - httpx - INFO - HTTP Request: GET http://localhost:8002/api/beds/current/2 "HTTP/1.1 200 OK"
2025-09-11 13:39:42,745 - httpx - INFO - HTTP Request: POST http://localhost:8002/api/beds/update "HTTP/1.1 201 Created"
2025-09-11 13:39:42,745 - __main__ - INFO - Updated general beds for hospital 2 to 681
2025-09-11 13:39:42,762 - httpx - INFO - HTTP Request: POST http://localhost:8002/api/beds/update "HTTP/1.1 201 Created"
2025-09-11 13:39:42,762 - __main__ - INFO - Updated icu beds for hospital 2 to 137
2025-09-11 13:39:42,777 - httpx - INFO - HTTP Request: GET http://localhost:8002/api/beds/current/3 "HTTP/1.1 200 OK"
2025-09-11 13:39:42,795 - httpx - INFO - HTTP Request: POST http://localhost:8002/api/beds/update "HTTP/1.1 201 Created"
2025-09-11 13:39:42,795 - __main__ - INFO - Updated general beds for hospital 3 to 284
2025-09-11 13:39:42,822 - httpx - INFO - HTTP Request: POST http://localhost:8002/api/beds/update "HTTP/1.1 201 Created"
2025-09-11 13:39:42,823 - __main__ - INFO - Updated icu beds for hospital 3 to 49
2025-09-11 13:40:12,925 - httpx - INFO - HTTP Request: GET http://localhost:8002/api/beds/current/1 "HTTP/1.1 200 OK"
2025-09-11 13:40:12,967 - httpx - INFO - HTTP Request: POST http://localhost:8002/api/beds/update "HTTP/1.1 201 Created"
2025-09-11 13:40:12,967 - __main__ - INFO - Updated general beds for hospital 1 to 989
2025-09-11 13:40:12,995 - httpx - INFO - HTTP Request: POST http://localhost:8002/api/beds/update "HTTP/1.1 201 Created"
2025-09-11 13:40:12,995 - __main__ - INFO - Updated icu beds for hospital 1 to 190
2025-09-11 13:40:13,020 - httpx - INFO - HTTP Request: GET http://localhost:8002/api/beds/current/2 "HTTP/1.1 200 OK"
2025-09-11 13:40:13,045 - httpx - INFO - HTTP Request: POST http://localhost:8002/api/beds/update "HTTP/1.1 201 Created"
2025-09-11 13:40:13,045 - __main__ - INFO - Updated general beds for hospital 2 to 684
2025-09-11 13:40:13,068 - httpx - INFO - HTTP Request: GET http://localhost:8002/api/beds/current/3 "HTTP/1.1 200 OK"
2025-09-11 13:40:13,086 - httpx - INFO - HTTP Request: POST http://localhost:8002/api/beds/update "HTTP/1.1 201 Created"
2025-09-11 13:40:13,086 - __main__ - INFO - Updated general beds for hospital 3 to 285
2025-09-11 13:40:13,107 - httpx - INFO - HTTP Request: POST http://localhost:8002/api/beds/update "HTTP/1.1 201 Created"
2025-09-11 13:40:13,107 - __main__ - INFO - Updated icu beds for hospital 3 to 50
2025-09-11 13:40:43,164 - httpx - INFO - HTTP Request: GET http://localhost:8002/api/beds/current/1 "HTTP/1.1 200 OK"
2025-09-11 13:40:43,196 - httpx - INFO - HTTP Request: POST http://localhost:8002/api/beds/update "HTTP/1.1 201 Created"
2025-09-11 13:40:43,196 - __main__ - INFO - Updated general beds for hospital 1 to 990
2025-09-11 13:40:43,211 - httpx - INFO - HTTP Request: GET http://localhost:8002/api/beds/current/2 "HTTP/1.1 200 OK"
2025-09-11 13:40:43,233 - httpx - INFO - HTTP Request: POST http://localhost:8002/api/beds/update "HTTP/1.1 201 Created"
2025-09-11 13:40:43,233 - __main__ - INFO - Updated general beds for hospital 2 to 685
2025-09-11 13:40:43,270 - httpx - INFO - HTTP Request: POST http://localhost:8002/api/beds/update "HTTP/1.1 201 Created"
2025-09-11 13:40:43,270 - __main__ - INFO - Updated icu beds for hospital 2 to 136
2025-09-11 13:40:43,292 - httpx - INFO - HTTP Request: GET http://localhost:8002/api/beds/current/3 "HTTP/1.1 200 OK"
2025-09-11 13:40:43,310 - httpx - INFO - HTTP Request: POST http://localhost:8002/api/beds/update "HTTP/1.1 201 Created"
2025-09-11 13:40:43,311 - __main__ - INFO - Updated general beds for hospital 3 to 284
2025-09-11 13:40:43,332 - httpx - INFO - HTTP Request: POST http://localhost:8002/api/beds/update "HTTP/1.1 201 Created"
2025-09-11 13:40:43,332 - __main__ - INFO - Updated icu beds for hospital 3 to 52
2025-09-11 13:41:13,371 - httpx - INFO - HTTP Request: GET http://localhost:8002/api/beds/current/1 "HTTP/1.1 200 OK"
2025-09-11 13:41:13,403 - httpx - INFO - HTTP Request: POST http://localhost:8002/api/beds/update "HTTP/1.1 201 Created"
2025-09-11 13:41:13,403 - __main__ - INFO - Updated general beds for hospital 1 to 993
2025-09-11 13:41:13,422 - httpx - INFO - HTTP Request: POST http://localhost:8002/api/beds/update "HTTP/1.1 201 Created"
2025-09-11 13:41:13,423 - __main__ - INFO - Updated icu beds for hospital 1 to 188
2025-09-11 13:41:13,441 - httpx - INFO - HTTP Request: GET http://localhost:8002/api/beds/current/2 "HTTP/1.1 200 OK"
2025-09-11 13:41:13,457 - httpx - INFO - HTTP Request: POST http://localhost:8002/api/beds/update "HTTP/1.1 201 Created"
2025-09-11 13:41:13,458 - __main__ - INFO - Updated general beds for hospital 2 to 686
2025-09-11 13:41:13,476 - httpx - INFO - HTTP Request: POST http://localhost:8002/api/beds/update "HTTP/1.1 201 Created"
2025-09-11 13:41:13,476 - __main__ - INFO - Updated icu beds for hospital 2 to 135
2025-09-11 13:41:13,489 - httpx - INFO - HTTP Request: GET http://localhost:8002/api/beds/current/3 "HTTP/1.1 200 OK"
2025-09-11 13:41:13,502 - httpx - INFO - HTTP Request: POST http://localhost:8002/api/beds/update "HTTP/1.1 201 Created"
2025-09-11 13:41:13,503 - __main__ - INFO - Updated icu beds for hospital 3 to 54
2025-09-11 13:41:43,544 - httpx - INFO - HTTP Request: GET http://localhost:8002/api/beds/current/1 "HTTP/1.1 200 OK"
2025-09-11 13:41:43,571 - httpx - INFO - HTTP Request: POST http://localhost:8002/api/beds/update "HTTP/1.1 201 Created"
2025-09-11 13:41:43,572 - __main__ - INFO - Updated general beds for hospital 1 to 990
2025-09-11 13:41:43,664 - httpx - INFO - HTTP Request: POST http://localhost:8002/api/beds/update "HTTP/1.1 201 Created"
2025-09-11 13:41:43,666 - __main__ - INFO - Updated icu beds for hospital 1 to 189
2025-09-11 13:41:43,693 - httpx - INFO - HTTP Request: GET http://localhost:8002/api/beds/current/2 "HTTP/1.1 200 OK"
2025-09-11 13:41:43,719 - httpx - INFO - HTTP Request: POST http://localhost:8002/api/beds/update "HTTP/1.1 201 Created"
2025-09-11 13:41:43,719 - __main__ - INFO - Updated general beds for hospital 2 to 684
2025-09-11 13:41:43,734 - httpx - INFO - HTTP Request: GET http://localhost:8002/api/beds/current/3 "HTTP/1.1 200 OK"
2025-09-11 13:41:43,755 - httpx - INFO - HTTP Request: POST http://localhost:8002/api/beds/update "HTTP/1.1 201 Created"
2025-09-11 13:41:43,755 - __main__ - INFO - Updated general beds for hospital 3 to 283
2025-09-11 13:42:13,784 - httpx - INFO - HTTP Request: GET http://localhost:8002/api/beds/current/1 "HTTP/1.1 200 OK"
2025-09-11 13:42:13,812 - httpx - INFO - HTTP Request: POST http://localhost:8002/api/beds/update "HTTP/1.1 201 Created"
2025-09-11 13:42:13,813 - __main__ - INFO - Updated general beds for hospital 1 to 989
2025-09-11 13:42:13,831 - httpx - INFO - HTTP Request: GET http://localhost:8002/api/beds/current/2 "HTTP/1.1 200 OK"
2025-09-11 13:42:13,867 - httpx - INFO - HTTP Request: POST http://localhost:8002/api/beds/update "HTTP/1.1 201 Created"
2025-09-11 13:42:13,868 - __main__ - INFO - Updated general beds for hospital 2 to 686
2025-09-11 13:42:13,898 - httpx - INFO - HTTP Request: POST http://localhost:8002/api/beds/update "HTTP/1.1 201 Created"
2025-09-11 13:42:13,898 - __main__ - INFO - Updated icu beds for hospital 2 to 134
2025-09-11 13:42:13,920 - httpx - INFO - HTTP Request: GET http://localhost:8002/api/beds/current/3 "HTTP/1.1 200 OK"
2025-09-11 13:42:13,954 - httpx - INFO - HTTP Request: POST http://localhost:8002/api/beds/update "HTTP/1.1 201 Created"
2025-09-11 13:42:13,955 - __main__ - INFO - Updated general beds for hospital 3 to 281
2025-09-11 13:42:13,987 - httpx - INFO - HTTP Request: POST http://localhost:8002/api/beds/update "HTTP/1.1 201 Created"
2025-09-11 13:42:13,988 - __main__ - INFO - Updated icu beds for hospital 3 to 55
2025-09-11 13:42:44,020 - httpx - INFO - HTTP Request: GET http://localhost:8002/api/beds/current/1 "HTTP/1.1 200 OK"
2025-09-11 13:42:44,041 - httpx - INFO - HTTP Request: POST http://localhost:8002/api/beds/update "HTTP/1.1 201 Created"
2025-09-11 13:42:44,041 - __main__ - INFO - Updated general beds for hospital 1 to 990
2025-09-11 13:42:44,060 - httpx - INFO - HTTP Request: GET http://localhost:8002/api/beds/current/2 "HTTP/1.1 200 OK"
2025-09-11 13:42:44,087 - httpx - INFO - HTTP Request: POST http://localhost:8002/api/beds/update "HTTP/1.1 201 Created"
2025-09-11 13:42:44,087 - __main__ - INFO - Updated icu beds for hospital 2 to 132
2025-09-11 13:42:44,100 - httpx - INFO - HTTP Request: GET http://localhost:8002/api/beds/current/3 "HTTP/1.1 200 OK"
2025-09-11 13:42:44,119 - httpx - INFO - HTTP Request: POST http://localhost:8002/api/beds/update "HTTP/1.1 201 Created"
2025-09-11 13:42:44,119 - __main__ - INFO - Updated icu beds for hospital 3 to 54
2025-09-11 13:43:14,169 - httpx - INFO - HTTP Request: GET http://localhost:8002/api/beds/current/1 "HTTP/1.1 200 OK"
2025-09-11 13:43:14,195 - httpx - INFO - HTTP Request: POST http://localhost:8002/api/beds/update "HTTP/1.1 201 Created"
2025-09-11 13:43:14,195 - __main__ - INFO - Updated icu beds for hospital 1 to 190
2025-09-11 13:43:14,210 - httpx - INFO - HTTP Request: GET http://localhost:8002/api/beds/current/2 "HTTP/1.1 200 OK"
2025-09-11 13:43:14,222 - httpx - INFO - HTTP Request: POST http://localhost:8002/api/beds/update "HTTP/1.1 400 Bad Request"
2025-09-11 13:43:14,223 - __main__ - ERROR - Error updating general beds for hospital 2: Client error '400 Bad Request' for url 'http://localhost:8002/api/beds/update'
For more information check: https://developer.mozilla.org/en-US/docs/Web/HTTP/Status/400
2025-09-11 13:43:14,238 - httpx - INFO - HTTP Request: POST http://localhost:8002/api/beds/update "HTTP/1.1 201 Created"
2025-09-11 13:43:14,239 - __main__ - INFO - Updated icu beds for hospital 2 to 133
2025-09-11 13:43:14,252 - httpx - INFO - HTTP Request: GET http://localhost:8002/api/beds/current/3 "HTTP/1.1 200 OK"
2025-09-11 13:43:14,268 - httpx - INFO - HTTP Request: POST http://localhost:8002/api/beds/update "HTTP/1.1 201 Created"
2025-09-11 13:43:14,269 - __main__ - INFO - Updated general beds for hospital 3 to 283
2025-09-11 13:43:14,282 - httpx - INFO - HTTP Request: POST http://localhost:8002/api/beds/update "HTTP/1.1 201 Created"
2025-09-11 13:43:14,282 - __main__ - INFO - Updated icu beds for hospital 3 to 55
2025-09-11 13:43:44,328 - httpx - INFO - HTTP Request: GET http://localhost:8002/api/beds/current/1 "HTTP/1.1 200 OK"
2025-09-11 13:43:44,356 - httpx - INFO - HTTP Request: POST http://localhost:8002/api/beds/update "HTTP/1.1 201 Created"
2025-09-11 13:43:44,356 - __main__ - INFO - Updated icu beds for hospital 1 to 189
2025-09-11 13:43:44,372 - httpx - INFO - HTTP Request: GET http://localhost:8002/api/beds/current/2 "HTTP/1.1 200 OK"
2025-09-11 13:43:44,391 - httpx - INFO - HTTP Request: POST http://localhost:8002/api/beds/update "HTTP/1.1 201 Created"
2025-09-11 13:43:44,392 - __main__ - INFO - Updated general beds for hospital 2 to 684
2025-09-11 13:43:44,426 - httpx - INFO - HTTP Request: POST http://localhost:8002/api/beds/update "HTTP/1.1 201 Created"
2025-09-11 13:43:44,426 - __main__ - INFO - Updated icu beds for hospital 2 to 131
2025-09-11 13:43:44,442 - httpx - INFO - HTTP Request: GET http://localhost:8002/api/beds/current/3 "HTTP/1.1 200 OK"
2025-09-11 13:43:44,472 - httpx - INFO - HTTP Request: POST http://localhost:8002/api/beds/update "HTTP/1.1 201 Created"
2025-09-11 13:43:44,472 - __main__ - INFO - Updated general beds for hospital 3 to 280
2025-09-11 13:43:44,491 - httpx - INFO - HTTP Request: POST http://localhost:8002/api/beds/update "HTTP/1.1 201 Created"
2025-09-11 13:43:44,492 - __main__ - INFO - Updated icu beds for hospital 3 to 54
2025-09-11 13:44:14,589 - httpx - INFO - HTTP Request: GET http://localhost:8002/api/beds/current/1 "HTTP/1.1 200 OK"
2025-09-11 13:44:14,634 - httpx - INFO - HTTP Request: POST http://localhost:8002/api/beds/update "HTTP/1.1 201 Created"
2025-09-11 13:44:14,635 - __main__ - INFO - Updated general beds for hospital 1 to 989
2025-09-11 13:44:14,660 - httpx - INFO - HTTP Request: POST http://localhost:8002/api/beds/update "HTTP/1.1 201 Created"
2025-09-11 13:44:14,660 - __main__ - INFO - Updated icu beds for hospital 1 to 191
2025-09-11 13:44:14,687 - httpx - INFO - HTTP Request: GET http://localhost:8002/api/beds/current/2 "HTTP/1.1 200 OK"
2025-09-11 13:44:14,706 - httpx - INFO - HTTP Request: POST http://localhost:8002/api/beds/update "HTTP/1.1 400 Bad Request"
2025-09-11 13:44:14,872 - __main__ - ERROR - Error updating general beds for hospital 2: Client error '400 Bad Request' for url 'http://localhost:8002/api/beds/update'
For more information check: https://developer.mozilla.org/en-US/docs/Web/HTTP/Status/400
2025-09-11 13:44:15,059 - httpx - INFO - HTTP Request: POST http://localhost:8002/api/beds/update "HTTP/1.1 201 Created"
2025-09-11 13:44:15,093 - __main__ - INFO - Updated icu beds for hospital 2 to 133
2025-09-11 13:44:15,156 - httpx - INFO - HTTP Request: GET http://localhost:8002/api/beds/current/3 "HTTP/1.1 200 OK"
2025-09-11 13:44:45,195 - httpx - INFO - HTTP Request: GET http://localhost:8002/api/beds/current/1 "HTTP/1.1 200 OK"
2025-09-11 13:44:45,225 - httpx - INFO - HTTP Request: POST http://localhost:8002/api/beds/update "HTTP/1.1 201 Created"
2025-09-11 13:44:45,225 - __main__ - INFO - Updated general beds for hospital 1 to 992
2025-09-11 13:44:45,248 - httpx - INFO - HTTP Request: POST http://localhost:8002/api/beds/update "HTTP/1.1 201 Created"
2025-09-11 13:44:45,249 - __main__ - INFO - Updated icu beds for hospital 1 to 192
2025-09-11 13:44:45,277 - httpx - INFO - HTTP Request: GET http://localhost:8002/api/beds/current/2 "HTTP/1.1 200 OK"
2025-09-11 13:44:45,313 - httpx - INFO - HTTP Request: POST http://localhost:8002/api/beds/update "HTTP/1.1 201 Created"
2025-09-11 13:44:45,313 - __main__ - INFO - Updated general beds for hospital 2 to 682
2025-09-11 13:44:45,336 - httpx - INFO - HTTP Request: POST http://localhost:8002/api/beds/update "HTTP/1.1 201 Created"
2025-09-11 13:44:45,336 - __main__ - INFO - Updated icu beds for hospital 2 to 135
2025-09-11 13:44:45,357 - httpx - INFO - HTTP Request: GET http://localhost:8002/api/beds/current/3 "HTTP/1.1 200 OK"
2025-09-11 13:44:45,374 - httpx - INFO - HTTP Request: POST http://localhost:8002/api/beds/update "HTTP/1.1 201 Created"
2025-09-11 13:44:45,375 - __main__ - INFO - Updated icu beds for hospital 3 to 52
2025-09-11 13:45:15,427 - httpx - INFO - HTTP Request: GET http://localhost:8002/api/beds/current/1 "HTTP/1.1 200 OK"
2025-09-11 13:45:15,453 - httpx - INFO - HTTP Request: POST http://localhost:8002/api/beds/update "HTTP/1.1 201 Created"
2025-09-11 13:45:15,453 - __main__ - INFO - Updated general beds for hospital 1 to 994
2025-09-11 13:45:15,478 - httpx - INFO - HTTP Request: POST http://localhost:8002/api/beds/update "HTTP/1.1 201 Created"
2025-09-11 13:45:15,481 - __main__ - INFO - Updated icu beds for hospital 1 to 193
2025-09-11 13:45:15,506 - httpx - INFO - HTTP Request: GET http://localhost:8002/api/beds/current/2 "HTTP/1.1 200 OK"
2025-09-11 13:45:15,533 - httpx - INFO - HTTP Request: POST http://localhost:8002/api/beds/update "HTTP/1.1 201 Created"
2025-09-11 13:45:15,533 - __main__ - INFO - Updated general beds for hospital 2 to 679
2025-09-11 13:45:15,551 - httpx - INFO - HTTP Request: GET http://localhost:8002/api/beds/current/3 "HTTP/1.1 200 OK"
2025-09-11 13:45:15,576 - httpx - INFO - HTTP Request: POST http://localhost:8002/api/beds/update "HTTP/1.1 201 Created"
2025-09-11 13:45:15,576 - __main__ - INFO - Updated general beds for hospital 3 to 278
2025-09-11 13:45:15,599 - httpx - INFO - HTTP Request: POST http://localhost:8002/api/beds/update "HTTP/1.1 201 Created"
2025-09-11 13:45:15,600 - __main__ - INFO - Updated icu beds for hospital 3 to 50
2025-09-11 13:45:45,652 - httpx - INFO - HTTP Request: GET http://localhost:8002/api/beds/current/1 "HTTP/1.1 200 OK"
2025-09-11 13:45:45,689 - httpx - INFO - HTTP Request: POST http://localhost:8002/api/beds/update "HTTP/1.1 201 Created"
2025-09-11 13:45:45,690 - __main__ - INFO - Updated icu beds for hospital 1 to 191
2025-09-11 13:45:45,712 - httpx - INFO - HTTP Request: GET http://localhost:8002/api/beds/current/2 "HTTP/1.1 200 OK"
2025-09-11 13:45:45,733 - httpx - INFO - HTTP Request: POST http://localhost:8002/api/beds/update "HTTP/1.1 201 Created"
2025-09-11 13:45:45,733 - __main__ - INFO - Updated icu beds for hospital 2 to 136
2025-09-11 13:45:45,749 - httpx - INFO - HTTP Request: GET http://localhost:8002/api/beds/current/3 "HTTP/1.1 200 OK"
2025-09-11 13:45:45,769 - httpx - INFO - HTTP Request: POST http://localhost:8002/api/beds/update "HTTP/1.1 201 Created"
2025-09-11 13:45:45,770 - __main__ - INFO - Updated icu beds for hospital 3 to 51
2025-09-11 13:46:15,813 - httpx - INFO - HTTP Request: GET http://localhost:8002/api/beds/current/1 "HTTP/1.1 200 OK"
2025-09-11 13:46:15,845 - httpx - INFO - HTTP Request: POST http://localhost:8002/api/beds/update "HTTP/1.1 201 Created"
2025-09-11 13:46:15,846 - __main__ - INFO - Updated general beds for hospital 1 to 991
2025-09-11 13:46:15,865 - httpx - INFO - HTTP Request: POST http://localhost:8002/api/beds/update "HTTP/1.1 201 Created"
2025-09-11 13:46:15,866 - __main__ - INFO - Updated icu beds for hospital 1 to 189
2025-09-11 13:46:15,879 - httpx - INFO - HTTP Request: GET http://localhost:8002/api/beds/current/2 "HTTP/1.1 200 OK"
2025-09-11 13:46:15,902 - httpx - INFO - HTTP Request: POST http://localhost:8002/api/beds/update "HTTP/1.1 201 Created"
2025-09-11 13:46:15,902 - __main__ - INFO - Updated general beds for hospital 2 to 676
2025-09-11 13:46:15,922 - httpx - INFO - HTTP Request: POST http://localhost:8002/api/beds/update "HTTP/1.1 400 Bad Request"
2025-09-11 13:46:15,922 - __main__ - ERROR - Error updating icu beds for hospital 2: Client error '400 Bad Request' for url 'http://localhost:8002/api/beds/update'
For more information check: https://developer.mozilla.org/en-US/docs/Web/HTTP/Status/400
2025-09-11 13:46:15,938 - httpx - INFO - HTTP Request: GET http://localhost:8002/api/beds/current/3 "HTTP/1.1 200 OK"
2025-09-11 13:46:15,959 - httpx - INFO - HTTP Request: POST http://localhost:8002/api/beds/update "HTTP/1.1 201 Created"
2025-09-11 13:46:15,960 - __main__ - INFO - Updated general beds for hospital 3 to 275
2025-09-11 13:46:15,986 - httpx - INFO - HTTP Request: POST http://localhost:8002/api/beds/update "HTTP/1.1 201 Created"
2025-09-11 13:46:15,987 - __main__ - INFO - Updated icu beds for hospital 3 to 50
2025-09-11 13:46:46,052 - httpx - INFO - HTTP Request: GET http://localhost:8002/api/beds/current/1 "HTTP/1.1 200 OK"
2025-09-11 13:46:46,074 - httpx - INFO - HTTP Request: POST http://localhost:8002/api/beds/update "HTTP/1.1 201 Created"
2025-09-11 13:46:46,075 - __main__ - INFO - Updated general beds for hospital 1 to 988
2025-09-11 13:46:46,091 - httpx - INFO - HTTP Request: GET http://localhost:8002/api/beds/current/2 "HTTP/1.1 200 OK"
2025-09-11 13:46:46,108 - httpx - INFO - HTTP Request: POST http://localhost:8002/api/beds/update "HTTP/1.1 201 Created"
2025-09-11 13:46:46,108 - __main__ - INFO - Updated general beds for hospital 2 to 673
2025-09-11 13:46:46,123 - httpx - INFO - HTTP Request: POST http://localhost:8002/api/beds/update "HTTP/1.1 201 Created"
2025-09-11 13:46:46,123 - __main__ - INFO - Updated icu beds for hospital 2 to 137
2025-09-11 13:46:46,140 - httpx - INFO - HTTP Request: GET http://localhost:8002/api/beds/current/3 "HTTP/1.1 200 OK"
2025-09-11 13:46:46,325 - httpx - INFO - HTTP Request: POST http://localhost:8002/api/beds/update "HTTP/1.1 201 Created"
2025-09-11 13:46:46,326 - __main__ - INFO - Updated general beds for hospital 3 to 274
2025-09-11 13:47:16,375 - httpx - INFO - HTTP Request: GET http://localhost:8002/api/beds/current/1 "HTTP/1.1 200 OK"
2025-09-11 13:47:16,405 - httpx - INFO - HTTP Request: POST http://localhost:8002/api/beds/update "HTTP/1.1 201 Created"
2025-09-11 13:47:16,405 - __main__ - INFO - Updated general beds for hospital 1 to 989
2025-09-11 13:47:16,428 - httpx - INFO - HTTP Request: POST http://localhost:8002/api/beds/update "HTTP/1.1 201 Created"
2025-09-11 13:47:16,429 - __main__ - INFO - Updated icu beds for hospital 1 to 187
2025-09-11 13:47:16,446 - httpx - INFO - HTTP Request: GET http://localhost:8002/api/beds/current/2 "HTTP/1.1 200 OK"
2025-09-11 13:47:16,466 - httpx - INFO - HTTP Request: POST http://localhost:8002/api/beds/update "HTTP/1.1 201 Created"
2025-09-11 13:47:16,466 - __main__ - INFO - Updated general beds for hospital 2 to 671
2025-09-11 13:47:16,485 - httpx - INFO - HTTP Request: POST http://localhost:8002/api/beds/update "HTTP/1.1 201 Created"
2025-09-11 13:47:16,485 - __main__ - INFO - Updated icu beds for hospital 2 to 136
2025-09-11 13:47:16,499 - httpx - INFO - HTTP Request: GET http://localhost:8002/api/beds/current/3 "HTTP/1.1 200 OK"
2025-09-11 13:47:16,526 - httpx - INFO - HTTP Request: POST http://localhost:8002/api/beds/update "HTTP/1.1 201 Created"
2025-09-11 13:47:16,526 - __main__ - INFO - Updated general beds for hospital 3 to 277
2025-09-11 13:47:16,559 - httpx - INFO - HTTP Request: POST http://localhost:8002/api/beds/update "HTTP/1.1 201 Created"
2025-09-11 13:47:16,560 - __main__ - INFO - Updated icu beds for hospital 3 to 48
2025-09-11 13:47:46,600 - httpx - INFO - HTTP Request: GET http://localhost:8002/api/beds/current/1 "HTTP/1.1 200 OK"
2025-09-11 13:47:46,622 - httpx - INFO - HTTP Request: POST http://localhost:8002/api/beds/update "HTTP/1.1 201 Created"
2025-09-11 13:47:46,623 - __main__ - INFO - Updated general beds for hospital 1 to 991
2025-09-11 13:47:46,638 - httpx - INFO - HTTP Request: POST http://localhost:8002/api/beds/update "HTTP/1.1 201 Created"
2025-09-11 13:47:46,638 - __main__ - INFO - Updated icu beds for hospital 1 to 186
2025-09-11 13:47:46,656 - httpx - INFO - HTTP Request: GET http://localhost:8002/api/beds/current/2 "HTTP/1.1 200 OK"
2025-09-11 13:47:46,674 - httpx - INFO - HTTP Request: POST http://localhost:8002/api/beds/update "HTTP/1.1 201 Created"
2025-09-11 13:47:46,674 - __main__ - INFO - Updated general beds for hospital 2 to 669
2025-09-11 13:47:46,689 - httpx - INFO - HTTP Request: POST http://localhost:8002/api/beds/update "HTTP/1.1 400 Bad Request"
2025-09-11 13:47:46,689 - __main__ - ERROR - Error updating icu beds for hospital 2: Client error '400 Bad Request' for url 'http://localhost:8002/api/beds/update'
For more information check: https://developer.mozilla.org/en-US/docs/Web/HTTP/Status/400
2025-09-11 13:47:46,704 - httpx - INFO - HTTP Request: GET http://localhost:8002/api/beds/current/3 "HTTP/1.1 200 OK"
2025-09-11 13:47:46,721 - httpx - INFO - HTTP Request: POST http://localhost:8002/api/beds/update "HTTP/1.1 201 Created"
2025-09-11 13:47:46,722 - __main__ - INFO - Updated general beds for hospital 3 to 278
2025-09-11 13:48:16,755 - httpx - INFO - HTTP Request: GET http://localhost:8002/api/beds/current/1 "HTTP/1.1 200 OK"
2025-09-11 13:48:16,782 - httpx - INFO - HTTP Request: POST http://localhost:8002/api/beds/update "HTTP/1.1 201 Created"
2025-09-11 13:48:16,783 - __main__ - INFO - Updated general beds for hospital 1 to 994
2025-09-11 13:48:16,802 - httpx - INFO - HTTP Request: POST http://localhost:8002/api/beds/update "HTTP/1.1 201 Created"
2025-09-11 13:48:16,802 - __main__ - INFO - Updated icu beds for hospital 1 to 185
2025-09-11 13:48:16,818 - httpx - INFO - HTTP Request: GET http://localhost:8002/api/beds/current/2 "HTTP/1.1 200 OK"
2025-09-11 13:48:16,836 - httpx - INFO - HTTP Request: POST http://localhost:8002/api/beds/update "HTTP/1.1 201 Created"
2025-09-11 13:48:16,836 - __main__ - INFO - Updated general beds for hospital 2 to 670
2025-09-11 13:48:16,853 - httpx - INFO - HTTP Request: POST http://localhost:8002/api/beds/update "HTTP/1.1 201 Created"
2025-09-11 13:48:16,853 - __main__ - INFO - Updated icu beds for hospital 2 to 137
2025-09-11 13:48:16,870 - httpx - INFO - HTTP Request: GET http://localhost:8002/api/beds/current/3 "HTTP/1.1 200 OK"
2025-09-11 13:48:16,890 - httpx - INFO - HTTP Request: POST http://localhost:8002/api/beds/update "HTTP/1.1 201 Created"
2025-09-11 13:48:16,891 - __main__ - INFO - Updated general beds for hospital 3 to 279
2025-09-11 13:48:46,964 - httpx - INFO - HTTP Request: GET http://localhost:8002/api/beds/current/1 "HTTP/1.1 200 OK"
2025-09-11 13:48:47,010 - httpx - INFO - HTTP Request: POST http://localhost:8002/api/beds/update "HTTP/1.1 201 Created"
2025-09-11 13:48:47,011 - __main__ - INFO - Updated general beds for hospital 1 to 997
2025-09-11 13:48:47,038 - httpx - INFO - HTTP Request: POST http://localhost:8002/api/beds/update "HTTP/1.1 201 Created"
2025-09-11 13:48:47,038 - __main__ - INFO - Updated icu beds for hospital 1 to 183
2025-09-11 13:48:47,069 - httpx - INFO - HTTP Request: GET http://localhost:8002/api/beds/current/2 "HTTP/1.1 200 OK"
2025-09-11 13:48:47,098 - httpx - INFO - HTTP Request: POST http://localhost:8002/api/beds/update "HTTP/1.1 201 Created"
2025-09-11 13:48:47,099 - __main__ - INFO - Updated general beds for hospital 2 to 669
2025-09-11 13:48:47,120 - httpx - INFO - HTTP Request: POST http://localhost:8002/api/beds/update "HTTP/1.1 201 Created"
2025-09-11 13:48:47,120 - __main__ - INFO - Updated icu beds for hospital 2 to 136
2025-09-11 13:48:47,147 - httpx - INFO - HTTP Request: GET http://localhost:8002/api/beds/current/3 "HTTP/1.1 200 OK"
2025-09-11 13:48:47,181 - httpx - INFO - HTTP Request: POST http://localhost:8002/api/beds/update "HTTP/1.1 201 Created"
2025-09-11 13:48:47,181 - __main__ - INFO - Updated general beds for hospital 3 to 278
2025-09-11 13:49:17,310 - httpx - INFO - HTTP Request: GET http://localhost:8002/api/beds/current/1 "HTTP/1.1 200 OK"
2025-09-11 13:49:17,335 - httpx - INFO - HTTP Request: POST http://localhost:8002/api/beds/update "HTTP/1.1 201 Created"
2025-09-11 13:49:17,336 - __main__ - INFO - Updated general beds for hospital 1 to 1000
2025-09-11 13:49:17,353 - httpx - INFO - HTTP Request: POST http://localhost:8002/api/beds/update "HTTP/1.1 201 Created"
2025-09-11 13:49:17,353 - __main__ - INFO - Updated icu beds for hospital 1 to 184
2025-09-11 13:49:17,380 - httpx - INFO - HTTP Request: GET http://localhost:8002/api/beds/current/2 "HTTP/1.1 200 OK"
2025-09-11 13:49:17,407 - httpx - INFO - HTTP Request: POST http://localhost:8002/api/beds/update "HTTP/1.1 201 Created"
2025-09-11 13:49:17,473 - __main__ - INFO - Updated general beds for hospital 2 to 668
2025-09-11 13:49:17,492 - httpx - INFO - HTTP Request: POST http://localhost:8002/api/beds/update "HTTP/1.1 201 Created"
2025-09-11 13:49:17,493 - __main__ - INFO - Updated icu beds for hospital 2 to 137
2025-09-11 13:49:17,511 - httpx - INFO - HTTP Request: GET http://localhost:8002/api/beds/current/3 "HTTP/1.1 200 OK"
2025-09-11 13:49:17,528 - httpx - INFO - HTTP Request: POST http://localhost:8002/api/beds/update "HTTP/1.1 201 Created"
2025-09-11 13:49:17,529 - __main__ - INFO - Updated general beds for hospital 3 to 280
2025-09-11 13:49:17,551 - httpx - INFO - HTTP Request: POST http://localhost:8002/api/beds/update "HTTP/1.1 201 Created"
2025-09-11 13:49:17,551 - __main__ - INFO - Updated icu beds for hospital 3 to 46
2025-09-11 13:49:47,584 - httpx - INFO - HTTP Request: GET http://localhost:8002/api/beds/current/1 "HTTP/1.1 200 OK"
2025-09-11 13:49:47,606 - httpx - INFO - HTTP Request: POST http://localhost:8002/api/beds/update "HTTP/1.1 400 Bad Request"
2025-09-11 13:49:47,607 - __main__ - ERROR - Error updating general beds for hospital 1: Client error '400 Bad Request' for url 'http://localhost:8002/api/beds/update'
For more information check: https://developer.mozilla.org/en-US/docs/Web/HTTP/Status/400
2025-09-11 13:49:47,624 - httpx - INFO - HTTP Request: POST http://localhost:8002/api/beds/update "HTTP/1.1 201 Created"
2025-09-11 13:49:47,624 - __main__ - INFO - Updated icu beds for hospital 1 to 183
2025-09-11 13:49:47,637 - httpx - INFO - HTTP Request: GET http://localhost:8002/api/beds/current/2 "HTTP/1.1 200 OK"
2025-09-11 13:49:47,654 - httpx - INFO - HTTP Request: POST http://localhost:8002/api/beds/update "HTTP/1.1 201 Created"
2025-09-11 13:49:47,654 - __main__ - INFO - Updated general beds for hospital 2 to 671
2025-09-11 13:49:47,670 - httpx - INFO - HTTP Request: POST http://localhost:8002/api/beds/update "HTTP/1.1 400 Bad Request"
2025-09-11 13:49:47,670 - __main__ - ERROR - Error updating icu beds for hospital 2: Client error '400 Bad Request' for url 'http://localhost:8002/api/beds/update'
For more information check: https://developer.mozilla.org/en-US/docs/Web/HTTP/Status/400
2025-09-11 13:49:47,689 - httpx - INFO - HTTP Request: GET http://localhost:8002/api/beds/current/3 "HTTP/1.1 200 OK"
2025-09-11 13:49:47,709 - httpx - INFO - HTTP Request: POST http://localhost:8002/api/beds/update "HTTP/1.1 201 Created"
2025-09-11 13:49:47,709 - __main__ - INFO - Updated general beds for hospital 3 to 281
2025-09-11 13:49:47,731 - httpx - INFO - HTTP Request: POST http://localhost:8002/api/beds/update "HTTP/1.1 201 Created"
2025-09-11 13:49:47,731 - __main__ - INFO - Updated icu beds for hospital 3 to 47
2025-09-11 13:50:17,772 - httpx - INFO - HTTP Request: GET http://localhost:8002/api/beds/current/1 "HTTP/1.1 200 OK"
2025-09-11 13:50:17,795 - httpx - INFO - HTTP Request: POST http://localhost:8002/api/beds/update "HTTP/1.1 201 Created"
2025-09-11 13:50:17,796 - __main__ - INFO - Updated general beds for hospital 1 to 999
2025-09-11 13:50:17,815 - httpx - INFO - HTTP Request: POST http://localhost:8002/api/beds/update "HTTP/1.1 201 Created"
2025-09-11 13:50:17,815 - __main__ - INFO - Updated icu beds for hospital 1 to 185
2025-09-11 13:50:17,828 - httpx - INFO - HTTP Request: GET http://localhost:8002/api/beds/current/2 "HTTP/1.1 200 OK"
2025-09-11 13:50:17,844 - httpx - INFO - HTTP Request: POST http://localhost:8002/api/beds/update "HTTP/1.1 201 Created"
2025-09-11 13:50:17,844 - __main__ - INFO - Updated general beds for hospital 2 to 673
2025-09-11 13:50:17,863 - httpx - INFO - HTTP Request: POST http://localhost:8002/api/beds/update "HTTP/1.1 400 Bad Request"
2025-09-11 13:50:17,863 - __main__ - ERROR - Error updating icu beds for hospital 2: Client error '400 Bad Request' for url 'http://localhost:8002/api/beds/update'
For more information check: https://developer.mozilla.org/en-US/docs/Web/HTTP/Status/400
2025-09-11 13:50:17,879 - httpx - INFO - HTTP Request: GET http://localhost:8002/api/beds/current/3 "HTTP/1.1 200 OK"
2025-09-11 13:50:17,901 - httpx - INFO - HTTP Request: POST http://localhost:8002/api/beds/update "HTTP/1.1 201 Created"
2025-09-11 13:50:17,901 - __main__ - INFO - Updated general beds for hospital 3 to 280
2025-09-11 13:50:17,918 - httpx - INFO - HTTP Request: POST http://localhost:8002/api/beds/update "HTTP/1.1 201 Created"
2025-09-11 13:50:17,918 - __main__ - INFO - Updated icu beds for hospital 3 to 48
2025-09-11 13:50:47,966 - httpx - INFO - HTTP Request: GET http://localhost:8002/api/beds/current/1 "HTTP/1.1 200 OK"
2025-09-11 13:50:47,987 - httpx - INFO - HTTP Request: GET http://localhost:8002/api/beds/current/2 "HTTP/1.1 200 OK"
2025-09-11 13:50:48,008 - httpx - INFO - HTTP Request: POST http://localhost:8002/api/beds/update "HTTP/1.1 201 Created"
2025-09-11 13:50:48,009 - __main__ - INFO - Updated general beds for hospital 2 to 670
2025-09-11 13:50:48,026 - httpx - INFO - HTTP Request: GET http://localhost:8002/api/beds/current/3 "HTTP/1.1 200 OK"
2025-09-11 13:50:48,041 - httpx - INFO - HTTP Request: POST http://localhost:8002/api/beds/update "HTTP/1.1 201 Created"
2025-09-11 13:50:48,041 - __main__ - INFO - Updated general beds for hospital 3 to 282
2025-09-11 13:51:18,085 - httpx - INFO - HTTP Request: GET http://localhost:8002/api/beds/current/1 "HTTP/1.1 200 OK"
2025-09-11 13:51:18,125 - httpx - INFO - HTTP Request: POST http://localhost:8002/api/beds/update "HTTP/1.1 400 Bad Request"
2025-09-11 13:51:18,127 - __main__ - ERROR - Error updating general beds for hospital 1: Client error '400 Bad Request' for url 'http://localhost:8002/api/beds/update'
For more information check: https://developer.mozilla.org/en-US/docs/Web/HTTP/Status/400
2025-09-11 13:51:18,160 - httpx - INFO - HTTP Request: POST http://localhost:8002/api/beds/update "HTTP/1.1 201 Created"
2025-09-11 13:51:18,160 - __main__ - INFO - Updated icu beds for hospital 1 to 183
2025-09-11 13:51:18,182 - httpx - INFO - HTTP Request: GET http://localhost:8002/api/beds/current/2 "HTTP/1.1 200 OK"
2025-09-11 13:51:18,209 - httpx - INFO - HTTP Request: POST http://localhost:8002/api/beds/update "HTTP/1.1 201 Created"
2025-09-11 13:51:18,210 - __main__ - INFO - Updated general beds for hospital 2 to 671
2025-09-11 13:51:18,234 - httpx - INFO - HTTP Request: POST http://localhost:8002/api/beds/update "HTTP/1.1 400 Bad Request"
2025-09-11 13:51:18,235 - __main__ - ERROR - Error updating icu beds for hospital 2: Client error '400 Bad Request' for url 'http://localhost:8002/api/beds/update'
For more information check: https://developer.mozilla.org/en-US/docs/Web/HTTP/Status/400
2025-09-11 13:51:18,266 - httpx - INFO - HTTP Request: GET http://localhost:8002/api/beds/current/3 "HTTP/1.1 200 OK"
2025-09-11 13:51:18,295 - httpx - INFO - HTTP Request: POST http://localhost:8002/api/beds/update "HTTP/1.1 201 Created"
2025-09-11 13:51:18,295 - __main__ - INFO - Updated general beds for hospital 3 to 283
2025-09-11 13:51:18,325 - httpx - INFO - HTTP Request: POST http://localhost:8002/api/beds/update "HTTP/1.1 201 Created"
2025-09-11 13:51:18,325 - __main__ - INFO - Updated icu beds for hospital 3 to 47
2025-09-11 13:51:48,369 - httpx - INFO - HTTP Request: GET http://localhost:8002/api/beds/current/1 "HTTP/1.1 200 OK"
2025-09-11 13:51:48,402 - httpx - INFO - HTTP Request: POST http://localhost:8002/api/beds/update "HTTP/1.1 201 Created"
2025-09-11 13:51:48,402 - __main__ - INFO - Updated general beds for hospital 1 to 998
2025-09-11 13:51:48,420 - httpx - INFO - HTTP Request: GET http://localhost:8002/api/beds/current/2 "HTTP/1.1 200 OK"
2025-09-11 13:51:48,523 - httpx - INFO - HTTP Request: POST http://localhost:8002/api/beds/update "HTTP/1.1 201 Created"
2025-09-11 13:51:48,523 - __main__ - INFO - Updated general beds for hospital 2 to 674
2025-09-11 13:51:48,539 - httpx - INFO - HTTP Request: POST http://localhost:8002/api/beds/update "HTTP/1.1 400 Bad Request"
2025-09-11 13:51:48,540 - __main__ - ERROR - Error updating icu beds for hospital 2: Client error '400 Bad Request' for url 'http://localhost:8002/api/beds/update'
For more information check: https://developer.mozilla.org/en-US/docs/Web/HTTP/Status/400
2025-09-11 13:51:48,553 - httpx - INFO - HTTP Request: GET http://localhost:8002/api/beds/current/3 "HTTP/1.1 200 OK"
2025-09-11 13:51:48,573 - httpx - INFO - HTTP Request: POST http://localhost:8002/api/beds/update "HTTP/1.1 201 Created"
2025-09-11 13:51:48,574 - __main__ - INFO - Updated general beds for hospital 3 to 286
2025-09-11 13:51:48,599 - httpx - INFO - HTTP Request: POST http://localhost:8002/api/beds/update "HTTP/1.1 201 Created"
2025-09-11 13:51:48,599 - __main__ - INFO - Updated icu beds for hospital 3 to 45
2025-09-11 13:52:18,647 - httpx - INFO - HTTP Request: GET http://localhost:8002/api/beds/current/1 "HTTP/1.1 200 OK"
2025-09-11 13:52:18,678 - httpx - INFO - HTTP Request: POST http://localhost:8002/api/beds/update "HTTP/1.1 201 Created"
2025-09-11 13:52:18,679 - __main__ - INFO - Updated general beds for hospital 1 to 1000
2025-09-11 13:52:18,698 - httpx - INFO - HTTP Request: POST http://localhost:8002/api/beds/update "HTTP/1.1 201 Created"
2025-09-11 13:52:18,698 - __main__ - INFO - Updated icu beds for hospital 1 to 181
2025-09-11 13:52:18,718 - httpx - INFO - HTTP Request: GET http://localhost:8002/api/beds/current/2 "HTTP/1.1 200 OK"
2025-09-11 13:52:18,744 - httpx - INFO - HTTP Request: POST http://localhost:8002/api/beds/update "HTTP/1.1 201 Created"
2025-09-11 13:52:18,744 - __main__ - INFO - Updated general beds for hospital 2 to 676
2025-09-11 13:52:18,757 - httpx - INFO - HTTP Request: POST http://localhost:8002/api/beds/update "HTTP/1.1 400 Bad Request"
2025-09-11 13:52:18,757 - __main__ - ERROR - Error updating icu beds for hospital 2: Client error '400 Bad Request' for url 'http://localhost:8002/api/beds/update'
For more information check: https://developer.mozilla.org/en-US/docs/Web/HTTP/Status/400
2025-09-11 13:52:18,778 - httpx - INFO - HTTP Request: GET http://localhost:8002/api/beds/current/3 "HTTP/1.1 200 OK"
2025-09-11 13:52:18,809 - httpx - INFO - HTTP Request: POST http://localhost:8002/api/beds/update "HTTP/1.1 201 Created"
2025-09-11 13:52:18,809 - __main__ - INFO - Updated icu beds for hospital 3 to 46
2025-09-11 13:52:48,872 - httpx - INFO - HTTP Request: GET http://localhost:8002/api/beds/current/1 "HTTP/1.1 200 OK"
2025-09-11 13:52:48,908 - httpx - INFO - HTTP Request: POST http://localhost:8002/api/beds/update "HTTP/1.1 201 Created"
2025-09-11 13:52:48,908 - __main__ - INFO - Updated general beds for hospital 1 to 997
2025-09-11 13:52:48,929 - httpx - INFO - HTTP Request: POST http://localhost:8002/api/beds/update "HTTP/1.1 201 Created"
2025-09-11 13:52:48,929 - __main__ - INFO - Updated icu beds for hospital 1 to 182
2025-09-11 13:52:48,952 - httpx - INFO - HTTP Request: GET http://localhost:8002/api/beds/current/2 "HTTP/1.1 200 OK"
2025-09-11 13:52:48,981 - httpx - INFO - HTTP Request: POST http://localhost:8002/api/beds/update "HTTP/1.1 201 Created"
2025-09-11 13:52:48,981 - __main__ - INFO - Updated general beds for hospital 2 to 675
2025-09-11 13:52:49,007 - httpx - INFO - HTTP Request: POST http://localhost:8002/api/beds/update "HTTP/1.1 201 Created"
2025-09-11 13:52:49,008 - __main__ - INFO - Updated icu beds for hospital 2 to 136
2025-09-11 13:52:49,030 - httpx - INFO - HTTP Request: GET http://localhost:8002/api/beds/current/3 "HTTP/1.1 200 OK"
2025-09-11 13:52:49,080 - httpx - INFO - HTTP Request: POST http://localhost:8002/api/beds/update "HTTP/1.1 201 Created"
2025-09-11 13:52:49,081 - __main__ - INFO - Updated general beds for hospital 3 to 285
2025-09-11 13:52:49,100 - httpx - INFO - HTTP Request: POST http://localhost:8002/api/beds/update "HTTP/1.1 201 Created"
2025-09-11 13:52:49,102 - __main__ - INFO - Updated icu beds for hospital 3 to 45
2025-09-11 13:53:19,146 - httpx - INFO - HTTP Request: GET http://localhost:8002/api/beds/current/1 "HTTP/1.1 200 OK"
2025-09-11 13:53:19,173 - httpx - INFO - HTTP Request: POST http://localhost:8002/api/beds/update "HTTP/1.1 201 Created"
2025-09-11 13:53:19,173 - __main__ - INFO - Updated general beds for hospital 1 to 999
2025-09-11 13:53:19,196 - httpx - INFO - HTTP Request: POST http://localhost:8002/api/beds/update "HTTP/1.1 201 Created"
2025-09-11 13:53:19,197 - __main__ - INFO - Updated icu beds for hospital 1 to 183
2025-09-11 13:53:19,221 - httpx - INFO - HTTP Request: GET http://localhost:8002/api/beds/current/2 "HTTP/1.1 200 OK"
2025-09-11 13:53:19,249 - httpx - INFO - HTTP Request: POST http://localhost:8002/api/beds/update "HTTP/1.1 201 Created"
2025-09-11 13:53:19,250 - __main__ - INFO - Updated general beds for hospital 2 to 678
2025-09-11 13:53:19,274 - httpx - INFO - HTTP Request: POST http://localhost:8002/api/beds/update "HTTP/1.1 201 Created"
2025-09-11 13:53:19,274 - __main__ - INFO - Updated icu beds for hospital 2 to 137
2025-09-11 13:53:19,294 - httpx - INFO - HTTP Request: GET http://localhost:8002/api/beds/current/3 "HTTP/1.1 200 OK"
2025-09-11 13:53:19,318 - httpx - INFO - HTTP Request: POST http://localhost:8002/api/beds/update "HTTP/1.1 201 Created"
2025-09-11 13:53:19,319 - __main__ - INFO - Updated general beds for hospital 3 to 284
2025-09-11 13:53:19,343 - httpx - INFO - HTTP Request: POST http://localhost:8002/api/beds/update "HTTP/1.1 201 Created"
2025-09-11 13:53:19,343 - __main__ - INFO - Updated icu beds for hospital 3 to 47
2025-09-11 13:53:49,381 - httpx - INFO - HTTP Request: GET http://localhost:8002/api/beds/current/1 "HTTP/1.1 200 OK"
2025-09-11 13:53:49,407 - httpx - INFO - HTTP Request: POST http://localhost:8002/api/beds/update "HTTP/1.1 201 Created"
2025-09-11 13:53:49,407 - __main__ - INFO - Updated general beds for hospital 1 to 996
2025-09-11 13:53:49,425 - httpx - INFO - HTTP Request: POST http://localhost:8002/api/beds/update "HTTP/1.1 201 Created"
2025-09-11 13:53:49,426 - __main__ - INFO - Updated icu beds for hospital 1 to 181
2025-09-11 13:53:49,446 - httpx - INFO - HTTP Request: GET http://localhost:8002/api/beds/current/2 "HTTP/1.1 200 OK"
2025-09-11 13:53:49,479 - httpx - INFO - HTTP Request: POST http://localhost:8002/api/beds/update "HTTP/1.1 201 Created"
2025-09-11 13:53:49,480 - __main__ - INFO - Updated general beds for hospital 2 to 681
2025-09-11 13:53:49,499 - httpx - INFO - HTTP Request: POST http://localhost:8002/api/beds/update "HTTP/1.1 400 Bad Request"
2025-09-11 13:53:49,499 - __main__ - ERROR - Error updating icu beds for hospital 2: Client error '400 Bad Request' for url 'http://localhost:8002/api/beds/update'
For more information check: https://developer.mozilla.org/en-US/docs/Web/HTTP/Status/400
2025-09-11 13:53:49,518 - httpx - INFO - HTTP Request: GET http://localhost:8002/api/beds/current/3 "HTTP/1.1 200 OK"
2025-09-11 13:53:49,624 - httpx - INFO - HTTP Request: POST http://localhost:8002/api/beds/update "HTTP/1.1 201 Created"
2025-09-11 13:53:49,625 - __main__ - INFO - Updated general beds for hospital 3 to 286
2025-09-11 13:53:49,644 - httpx - INFO - HTTP Request: POST http://localhost:8002/api/beds/update "HTTP/1.1 201 Created"
2025-09-11 13:53:49,645 - __main__ - INFO - Updated icu beds for hospital 3 to 45
2025-09-11 13:54:11,729 - __main__ - INFO - Starting bed simulation for hospitals: [1, 2, 3]
2025-09-11 13:54:11,730 - __main__ - INFO - Update interval: 20 seconds
2025-09-11 13:54:11,991 - httpx - INFO - HTTP Request: GET http://localhost:8002/api/beds/current/1 "HTTP/1.1 200 OK"
2025-09-11 13:54:12,023 - httpx - INFO - HTTP Request: POST http://localhost:8002/api/beds/update "HTTP/1.1 201 Created"
2025-09-11 13:54:12,023 - __main__ - INFO - Updated general beds for hospital 1 to 993
2025-09-11 13:54:12,052 - httpx - INFO - HTTP Request: GET http://localhost:8002/api/beds/current/2 "HTTP/1.1 200 OK"
2025-09-11 13:54:12,083 - httpx - INFO - HTTP Request: POST http://localhost:8002/api/beds/update "HTTP/1.1 201 Created"
2025-09-11 13:54:12,085 - __main__ - INFO - Updated general beds for hospital 2 to 680
2025-09-11 13:54:12,113 - httpx - INFO - HTTP Request: POST http://localhost:8002/api/beds/update "HTTP/1.1 201 Created"
2025-09-11 13:54:12,114 - __main__ - INFO - Updated icu beds for hospital 2 to 136
2025-09-11 13:54:12,141 - httpx - INFO - HTTP Request: GET http://localhost:8002/api/beds/current/3 "HTTP/1.1 200 OK"
2025-09-11 13:54:12,174 - httpx - INFO - HTTP Request: POST http://localhost:8002/api/beds/update "HTTP/1.1 201 Created"
2025-09-11 13:54:12,174 - __main__ - INFO - Updated general beds for hospital 3 to 288
2025-09-11 13:54:12,212 - httpx - INFO - HTTP Request: POST http://localhost:8002/api/beds/update "HTTP/1.1 201 Created"
2025-09-11 13:54:12,212 - __main__ - INFO - Updated icu beds for hospital 3 to 47
2025-09-11 13:54:32,273 - httpx - INFO - HTTP Request: GET http://localhost:8002/api/beds/current/1 "HTTP/1.1 200 OK"
2025-09-11 13:54:32,302 - httpx - INFO - HTTP Request: POST http://localhost:8002/api/beds/update "HTTP/1.1 201 Created"
2025-09-11 13:54:32,303 - __main__ - INFO - Updated general beds for hospital 1 to 994
2025-09-11 13:54:32,328 - httpx - INFO - HTTP Request: POST http://localhost:8002/api/beds/update "HTTP/1.1 201 Created"
2025-09-11 13:54:32,328 - __main__ - INFO - Updated icu beds for hospital 1 to 183
2025-09-11 13:54:32,364 - httpx - INFO - HTTP Request: GET http://localhost:8002/api/beds/current/2 "HTTP/1.1 200 OK"
2025-09-11 13:54:32,394 - httpx - INFO - HTTP Request: POST http://localhost:8002/api/beds/update "HTTP/1.1 201 Created"
2025-09-11 13:54:32,395 - __main__ - INFO - Updated general beds for hospital 2 to 679
2025-09-11 13:54:32,423 - httpx - INFO - HTTP Request: POST http://localhost:8002/api/beds/update "HTTP/1.1 201 Created"
2025-09-11 13:54:32,424 - __main__ - INFO - Updated icu beds for hospital 2 to 135
2025-09-11 13:54:32,462 - httpx - INFO - HTTP Request: GET http://localhost:8002/api/beds/current/3 "HTTP/1.1 200 OK"
2025-09-11 13:54:32,565 - httpx - INFO - HTTP Request: POST http://localhost:8002/api/beds/update "HTTP/1.1 201 Created"
2025-09-11 13:54:32,567 - __main__ - INFO - Updated general beds for hospital 3 to 290
2025-09-11 13:54:32,610 - httpx - INFO - HTTP Request: POST http://localhost:8002/api/beds/update "HTTP/1.1 201 Created"
2025-09-11 13:54:32,611 - __main__ - INFO - Updated icu beds for hospital 3 to 46
2025-09-11 13:54:52,662 - httpx - INFO - HTTP Request: GET http://localhost:8002/api/beds/current/1 "HTTP/1.1 200 OK"
2025-09-11 13:54:52,690 - httpx - INFO - HTTP Request: POST http://localhost:8002/api/beds/update "HTTP/1.1 201 Created"
2025-09-11 13:54:52,690 - __main__ - INFO - Updated general beds for hospital 1 to 991
2025-09-11 13:54:52,709 - httpx - INFO - HTTP Request: GET http://localhost:8002/api/beds/current/2 "HTTP/1.1 200 OK"
2025-09-11 13:54:52,738 - httpx - INFO - HTTP Request: POST http://localhost:8002/api/beds/update "HTTP/1.1 201 Created"
2025-09-11 13:54:52,739 - __main__ - INFO - Updated general beds for hospital 2 to 680
2025-09-11 13:54:52,782 - httpx - INFO - HTTP Request: POST http://localhost:8002/api/beds/update "HTTP/1.1 201 Created"
2025-09-11 13:54:52,782 - __main__ - INFO - Updated icu beds for hospital 2 to 136
2025-09-11 13:54:52,817 - httpx - INFO - HTTP Request: GET http://localhost:8002/api/beds/current/3 "HTTP/1.1 200 OK"
2025-09-11 13:54:52,847 - httpx - INFO - HTTP Request: POST http://localhost:8002/api/beds/update "HTTP/1.1 201 Created"
2025-09-11 13:54:52,849 - __main__ - INFO - Updated general beds for hospital 3 to 288
2025-09-11 13:54:52,892 - httpx - INFO - HTTP Request: POST http://localhost:8002/api/beds/update "HTTP/1.1 201 Created"
2025-09-11 13:54:52,893 - __main__ - INFO - Updated icu beds for hospital 3 to 47
2025-09-11 13:55:12,930 - httpx - INFO - HTTP Request: GET http://localhost:8002/api/beds/current/1 "HTTP/1.1 200 OK"
2025-09-11 13:55:12,966 - httpx - INFO - HTTP Request: POST http://localhost:8002/api/beds/update "HTTP/1.1 201 Created"
2025-09-11 13:55:12,966 - __main__ - INFO - Updated general beds for hospital 1 to 993
2025-09-11 13:55:12,992 - httpx - INFO - HTTP Request: POST http://localhost:8002/api/beds/update "HTTP/1.1 201 Created"
2025-09-11 13:55:12,992 - __main__ - INFO - Updated icu beds for hospital 1 to 182
2025-09-11 13:55:13,012 - httpx - INFO - HTTP Request: GET http://localhost:8002/api/beds/current/2 "HTTP/1.1 200 OK"
2025-09-11 13:55:13,037 - httpx - INFO - HTTP Request: POST http://localhost:8002/api/beds/update "HTTP/1.1 201 Created"
2025-09-11 13:55:13,038 - __main__ - INFO - Updated general beds for hospital 2 to 683
2025-09-11 13:55:13,060 - httpx - INFO - HTTP Request: GET http://localhost:8002/api/beds/current/3 "HTTP/1.1 200 OK"
2025-09-11 13:55:13,091 - httpx - INFO - HTTP Request: POST http://localhost:8002/api/beds/update "HTTP/1.1 201 Created"
2025-09-11 13:55:13,092 - __main__ - INFO - Updated icu beds for hospital 3 to 45
2025-09-11 13:55:33,117 - httpx - INFO - HTTP Request: GET http://localhost:8002/api/beds/current/1 "HTTP/1.1 200 OK"
2025-09-11 13:55:33,133 - httpx - INFO - HTTP Request: POST http://localhost:8002/api/beds/update "HTTP/1.1 201 Created"
2025-09-11 13:55:33,134 - __main__ - INFO - Updated general beds for hospital 1 to 992
2025-09-11 13:55:33,148 - httpx - INFO - HTTP Request: POST http://localhost:8002/api/beds/update "HTTP/1.1 201 Created"
2025-09-11 13:55:33,149 - __main__ - INFO - Updated icu beds for hospital 1 to 180
2025-09-11 13:55:33,161 - httpx - INFO - HTTP Request: GET http://localhost:8002/api/beds/current/2 "HTTP/1.1 200 OK"
2025-09-11 13:55:33,177 - httpx - INFO - HTTP Request: POST http://localhost:8002/api/beds/update "HTTP/1.1 201 Created"
2025-09-11 13:55:33,177 - __main__ - INFO - Updated general beds for hospital 2 to 685
2025-09-11 13:55:33,197 - httpx - INFO - HTTP Request: POST http://localhost:8002/api/beds/update "HTTP/1.1 201 Created"
2025-09-11 13:55:33,197 - __main__ - INFO - Updated icu beds for hospital 2 to 137
2025-09-11 13:55:33,212 - httpx - INFO - HTTP Request: GET http://localhost:8002/api/beds/current/3 "HTTP/1.1 200 OK"
2025-09-11 13:55:33,227 - httpx - INFO - HTTP Request: POST http://localhost:8002/api/beds/update "HTTP/1.1 201 Created"
2025-09-11 13:55:33,227 - __main__ - INFO - Updated general beds for hospital 3 to 291
2025-09-11 13:55:53,244 - httpx - INFO - HTTP Request: GET http://localhost:8002/api/beds/current/1 "HTTP/1.1 200 OK"
2025-09-11 13:55:53,259 - httpx - INFO - HTTP Request: POST http://localhost:8002/api/beds/update "HTTP/1.1 201 Created"
2025-09-11 13:55:53,259 - __main__ - INFO - Updated general beds for hospital 1 to 993
2025-09-11 13:55:53,273 - httpx - INFO - HTTP Request: POST http://localhost:8002/api/beds/update "HTTP/1.1 201 Created"
2025-09-11 13:55:53,273 - __main__ - INFO - Updated icu beds for hospital 1 to 178
2025-09-11 13:55:53,285 - httpx - INFO - HTTP Request: GET http://localhost:8002/api/beds/current/2 "HTTP/1.1 200 OK"
2025-09-11 13:55:53,300 - httpx - INFO - HTTP Request: POST http://localhost:8002/api/beds/update "HTTP/1.1 201 Created"
2025-09-11 13:55:53,300 - __main__ - INFO - Updated general beds for hospital 2 to 682
2025-09-11 13:55:53,313 - httpx - INFO - HTTP Request: POST http://localhost:8002/api/beds/update "HTTP/1.1 400 Bad Request"
2025-09-11 13:55:53,314 - __main__ - ERROR - Error updating icu beds for hospital 2: Client error '400 Bad Request' for url 'http://localhost:8002/api/beds/update'
For more information check: https://developer.mozilla.org/en-US/docs/Web/HTTP/Status/400
2025-09-11 13:55:53,329 - httpx - INFO - HTTP Request: GET http://localhost:8002/api/beds/current/3 "HTTP/1.1 200 OK"
2025-09-11 13:55:53,347 - httpx - INFO - HTTP Request: POST http://localhost:8002/api/beds/update "HTTP/1.1 201 Created"
2025-09-11 13:55:53,348 - __main__ - INFO - Updated general beds for hospital 3 to 289
2025-09-11 13:56:13,414 - httpx - INFO - HTTP Request: GET http://localhost:8002/api/beds/current/1 "HTTP/1.1 200 OK"
2025-09-11 13:56:13,498 - httpx - INFO - HTTP Request: POST http://localhost:8002/api/beds/update "HTTP/1.1 201 Created"
2025-09-11 13:56:13,498 - __main__ - INFO - Updated general beds for hospital 1 to 994
2025-09-11 13:56:13,525 - httpx - INFO - HTTP Request: POST http://localhost:8002/api/beds/update "HTTP/1.1 201 Created"
2025-09-11 13:56:13,525 - __main__ - INFO - Updated icu beds for hospital 1 to 179
2025-09-11 13:56:13,540 - httpx - INFO - HTTP Request: GET http://localhost:8002/api/beds/current/2 "HTTP/1.1 200 OK"
2025-09-11 13:56:13,633 - httpx - INFO - HTTP Request: POST http://localhost:8002/api/beds/update "HTTP/1.1 201 Created"
2025-09-11 13:56:13,634 - __main__ - INFO - Updated general beds for hospital 2 to 685
2025-09-11 13:56:13,680 - httpx - INFO - HTTP Request: POST http://localhost:8002/api/beds/update "HTTP/1.1 400 Bad Request"
2025-09-11 13:56:13,681 - __main__ - ERROR - Error updating icu beds for hospital 2: Client error '400 Bad Request' for url 'http://localhost:8002/api/beds/update'
For more information check: https://developer.mozilla.org/en-US/docs/Web/HTTP/Status/400
2025-09-11 13:56:13,748 - httpx - INFO - HTTP Request: GET http://localhost:8002/api/beds/current/3 "HTTP/1.1 200 OK"
2025-09-11 13:56:13,775 - httpx - INFO - HTTP Request: POST http://localhost:8002/api/beds/update "HTTP/1.1 201 Created"
2025-09-11 13:56:13,776 - __main__ - INFO - Updated general beds for hospital 3 to 288
2025-09-11 13:56:13,799 - httpx - INFO - HTTP Request: POST http://localhost:8002/api/beds/update "HTTP/1.1 201 Created"
2025-09-11 13:56:13,799 - __main__ - INFO - Updated icu beds for hospital 3 to 44
2025-09-11 13:56:33,835 - httpx - INFO - HTTP Request: GET http://localhost:8002/api/beds/current/1 "HTTP/1.1 200 OK"
2025-09-11 13:56:33,861 - httpx - INFO - HTTP Request: POST http://localhost:8002/api/beds/update "HTTP/1.1 201 Created"
2025-09-11 13:56:33,861 - __main__ - INFO - Updated general beds for hospital 1 to 997
2025-09-11 13:56:33,871 - httpx - INFO - HTTP Request: GET http://localhost:8002/api/beds/current/2 "HTTP/1.1 200 OK"
2025-09-11 13:56:33,885 - httpx - INFO - HTTP Request: POST http://localhost:8002/api/beds/update "HTTP/1.1 201 Created"
2025-09-11 13:56:33,885 - __main__ - INFO - Updated general beds for hospital 2 to 683
2025-09-11 13:56:33,899 - httpx - INFO - HTTP Request: POST http://localhost:8002/api/beds/update "HTTP/1.1 400 Bad Request"
2025-09-11 13:56:33,899 - __main__ - ERROR - Error updating icu beds for hospital 2: Client error '400 Bad Request' for url 'http://localhost:8002/api/beds/update'
For more information check: https://developer.mozilla.org/en-US/docs/Web/HTTP/Status/400
2025-09-11 13:56:33,922 - httpx - INFO - HTTP Request: GET http://localhost:8002/api/beds/current/3 "HTTP/1.1 200 OK"
2025-09-11 13:56:33,943 - httpx - INFO - HTTP Request: POST http://localhost:8002/api/beds/update "HTTP/1.1 201 Created"
2025-09-11 13:56:33,943 - __main__ - INFO - Updated general beds for hospital 3 to 290
2025-09-11 13:56:33,961 - httpx - INFO - HTTP Request: POST http://localhost:8002/api/beds/update "HTTP/1.1 201 Created"
2025-09-11 13:56:33,961 - __main__ - INFO - Updated icu beds for hospital 3 to 45
2025-09-11 13:56:53,987 - httpx - INFO - HTTP Request: GET http://localhost:8002/api/beds/current/1 "HTTP/1.1 200 OK"
2025-09-11 13:56:54,006 - httpx - INFO - HTTP Request: POST http://localhost:8002/api/beds/update "HTTP/1.1 201 Created"
2025-09-11 13:56:54,006 - __main__ - INFO - Updated general beds for hospital 1 to 995
2025-09-11 13:56:54,025 - httpx - INFO - HTTP Request: POST http://localhost:8002/api/beds/update "HTTP/1.1 201 Created"
2025-09-11 13:56:54,025 - __main__ - INFO - Updated icu beds for hospital 1 to 178
2025-09-11 13:56:54,044 - httpx - INFO - HTTP Request: GET http://localhost:8002/api/beds/current/2 "HTTP/1.1 200 OK"
2025-09-11 13:56:54,066 - httpx - INFO - HTTP Request: POST http://localhost:8002/api/beds/update "HTTP/1.1 201 Created"
2025-09-11 13:56:54,066 - __main__ - INFO - Updated general beds for hospital 2 to 686
2025-09-11 13:56:54,085 - httpx - INFO - HTTP Request: GET http://localhost:8002/api/beds/current/3 "HTTP/1.1 200 OK"
2025-09-11 13:56:54,108 - httpx - INFO - HTTP Request: POST http://localhost:8002/api/beds/update "HTTP/1.1 201 Created"
2025-09-11 13:56:54,108 - __main__ - INFO - Updated general beds for hospital 3 to 289
2025-09-11 13:57:14,146 - httpx - INFO - HTTP Request: GET http://localhost:8002/api/beds/current/1 "HTTP/1.1 200 OK"
2025-09-11 13:57:14,171 - httpx - INFO - HTTP Request: POST http://localhost:8002/api/beds/update "HTTP/1.1 201 Created"
2025-09-11 13:57:14,171 - __main__ - INFO - Updated general beds for hospital 1 to 996
2025-09-11 13:57:14,185 - httpx - INFO - HTTP Request: GET http://localhost:8002/api/beds/current/2 "HTTP/1.1 200 OK"
2025-09-11 13:57:14,202 - httpx - INFO - HTTP Request: POST http://localhost:8002/api/beds/update "HTTP/1.1 400 Bad Request"
2025-09-11 13:57:14,202 - __main__ - ERROR - Error updating general beds for hospital 2: Client error '400 Bad Request' for url 'http://localhost:8002/api/beds/update'
For more information check: https://developer.mozilla.org/en-US/docs/Web/HTTP/Status/400
2025-09-11 13:57:14,219 - httpx - INFO - HTTP Request: POST http://localhost:8002/api/beds/update "HTTP/1.1 201 Created"
2025-09-11 13:57:14,220 - __main__ - INFO - Updated icu beds for hospital 2 to 135
2025-09-11 13:57:14,236 - httpx - INFO - HTTP Request: GET http://localhost:8002/api/beds/current/3 "HTTP/1.1 200 OK"
2025-09-11 13:57:14,255 - httpx - INFO - HTTP Request: POST http://localhost:8002/api/beds/update "HTTP/1.1 201 Created"
2025-09-11 13:57:14,255 - __main__ - INFO - Updated general beds for hospital 3 to 287
2025-09-11 13:57:14,271 - httpx - INFO - HTTP Request: POST http://localhost:8002/api/beds/update "HTTP/1.1 201 Created"
2025-09-11 13:57:14,271 - __main__ - INFO - Updated icu beds for hospital 3 to 46
2025-09-11 13:57:34,300 - httpx - INFO - HTTP Request: GET http://localhost:8002/api/beds/current/1 "HTTP/1.1 200 OK"
2025-09-11 13:57:34,320 - httpx - INFO - HTTP Request: POST http://localhost:8002/api/beds/update "HTTP/1.1 201 Created"
2025-09-11 13:57:34,321 - __main__ - INFO - Updated general beds for hospital 1 to 997
2025-09-11 13:57:34,333 - httpx - INFO - HTTP Request: POST http://localhost:8002/api/beds/update "HTTP/1.1 201 Created"
2025-09-11 13:57:34,333 - __main__ - INFO - Updated icu beds for hospital 1 to 180
2025-09-11 13:57:34,344 - httpx - INFO - HTTP Request: GET http://localhost:8002/api/beds/current/2 "HTTP/1.1 200 OK"
2025-09-11 13:57:34,357 - httpx - INFO - HTTP Request: POST http://localhost:8002/api/beds/update "HTTP/1.1 201 Created"
2025-09-11 13:57:34,357 - __main__ - INFO - Updated icu beds for hospital 2 to 136
2025-09-11 13:57:34,368 - httpx - INFO - HTTP Request: GET http://localhost:8002/api/beds/current/3 "HTTP/1.1 200 OK"
2025-09-11 13:57:34,429 - httpx - INFO - HTTP Request: POST http://localhost:8002/api/beds/update "HTTP/1.1 201 Created"
2025-09-11 13:57:34,430 - __main__ - INFO - Updated general beds for hospital 3 to 284
2025-09-11 13:57:34,449 - httpx - INFO - HTTP Request: POST http://localhost:8002/api/beds/update "HTTP/1.1 201 Created"
2025-09-11 13:57:34,450 - __main__ - INFO - Updated icu beds for hospital 3 to 44
2025-09-11 13:57:54,560 - httpx - INFO - HTTP Request: GET http://localhost:8002/api/beds/current/1 "HTTP/1.1 200 OK"
2025-09-11 13:57:54,618 - httpx - INFO - HTTP Request: POST http://localhost:8002/api/beds/update "HTTP/1.1 201 Created"
2025-09-11 13:57:54,618 - __main__ - INFO - Updated general beds for hospital 1 to 1000
2025-09-11 13:57:54,647 - httpx - INFO - HTTP Request: POST http://localhost:8002/api/beds/update "HTTP/1.1 201 Created"
2025-09-11 13:57:54,648 - __main__ - INFO - Updated icu beds for hospital 1 to 179
2025-09-11 13:57:54,677 - httpx - INFO - HTTP Request: GET http://localhost:8002/api/beds/current/2 "HTTP/1.1 200 OK"
2025-09-11 13:57:54,716 - httpx - INFO - HTTP Request: POST http://localhost:8002/api/beds/update "HTTP/1.1 201 Created"
2025-09-11 13:57:54,716 - __main__ - INFO - Updated general beds for hospital 2 to 684
2025-09-11 13:57:54,742 - httpx - INFO - HTTP Request: GET http://localhost:8002/api/beds/current/3 "HTTP/1.1 200 OK"
2025-09-11 13:57:54,768 - httpx - INFO - HTTP Request: POST http://localhost:8002/api/beds/update "HTTP/1.1 201 Created"
2025-09-11 13:57:54,768 - __main__ - INFO - Updated general beds for hospital 3 to 286
2025-09-11 13:57:54,818 - httpx - INFO - HTTP Request: POST http://localhost:8002/api/beds/update "HTTP/1.1 201 Created"
2025-09-11 13:57:54,818 - __main__ - INFO - Updated icu beds for hospital 3 to 45
2025-09-11 13:58:14,914 - httpx - INFO - HTTP Request: GET http://localhost:8002/api/beds/current/1 "HTTP/1.1 200 OK"
2025-09-11 13:58:14,961 - httpx - INFO - HTTP Request: POST http://localhost:8002/api/beds/update "HTTP/1.1 400 Bad Request"
2025-09-11 13:58:14,962 - __main__ - ERROR - Error updating general beds for hospital 1: Client error '400 Bad Request' for url 'http://localhost:8002/api/beds/update'
For more information check: https://developer.mozilla.org/en-US/docs/Web/HTTP/Status/400
2025-09-11 13:58:14,992 - httpx - INFO - HTTP Request: POST http://localhost:8002/api/beds/update "HTTP/1.1 201 Created"
2025-09-11 13:58:14,992 - __main__ - INFO - Updated icu beds for hospital 1 to 180
2025-09-11 13:58:15,005 - httpx - INFO - HTTP Request: GET http://localhost:8002/api/beds/current/2 "HTTP/1.1 200 OK"
2025-09-11 13:58:15,023 - httpx - INFO - HTTP Request: POST http://localhost:8002/api/beds/update "HTTP/1.1 400 Bad Request"
2025-09-11 13:58:15,024 - __main__ - ERROR - Error updating general beds for hospital 2: Client error '400 Bad Request' for url 'http://localhost:8002/api/beds/update'
For more information check: https://developer.mozilla.org/en-US/docs/Web/HTTP/Status/400
2025-09-11 13:58:15,060 - httpx - INFO - HTTP Request: POST http://localhost:8002/api/beds/update "HTTP/1.1 201 Created"
2025-09-11 13:58:15,061 - __main__ - INFO - Updated icu beds for hospital 2 to 135
2025-09-11 13:58:15,079 - httpx - INFO - HTTP Request: GET http://localhost:8002/api/beds/current/3 "HTTP/1.1 200 OK"
2025-09-11 13:58:15,100 - httpx - INFO - HTTP Request: POST http://localhost:8002/api/beds/update "HTTP/1.1 201 Created"
2025-09-11 13:58:15,100 - __main__ - INFO - Updated general beds for hospital 3 to 285
2025-09-11 13:58:15,121 - httpx - INFO - HTTP Request: POST http://localhost:8002/api/beds/update "HTTP/1.1 201 Created"
2025-09-11 13:58:15,128 - __main__ - INFO - Updated icu beds for hospital 3 to 43
2025-09-11 13:58:35,165 - httpx - INFO - HTTP Request: GET http://localhost:8002/api/beds/current/1 "HTTP/1.1 200 OK"
2025-09-11 13:58:35,187 - httpx - INFO - HTTP Request: POST http://localhost:8002/api/beds/update "HTTP/1.1 201 Created"
2025-09-11 13:58:35,187 - __main__ - INFO - Updated general beds for hospital 1 to 997
2025-09-11 13:58:35,209 - httpx - INFO - HTTP Request: POST http://localhost:8002/api/beds/update "HTTP/1.1 201 Created"
2025-09-11 13:58:35,209 - __main__ - INFO - Updated icu beds for hospital 1 to 182
2025-09-11 13:58:35,223 - httpx - INFO - HTTP Request: GET http://localhost:8002/api/beds/current/2 "HTTP/1.1 200 OK"
2025-09-11 13:58:35,236 - httpx - INFO - HTTP Request: POST http://localhost:8002/api/beds/update "HTTP/1.1 201 Created"
2025-09-11 13:58:35,236 - __main__ - INFO - Updated general beds for hospital 2 to 683
2025-09-11 13:58:35,248 - httpx - INFO - HTTP Request: POST http://localhost:8002/api/beds/update "HTTP/1.1 201 Created"
2025-09-11 13:58:35,248 - __main__ - INFO - Updated icu beds for hospital 2 to 137
2025-09-11 13:58:35,268 - httpx - INFO - HTTP Request: GET http://localhost:8002/api/beds/current/3 "HTTP/1.1 200 OK"
2025-09-11 13:58:35,285 - httpx - INFO - HTTP Request: POST http://localhost:8002/api/beds/update "HTTP/1.1 201 Created"
2025-09-11 13:58:35,286 - __main__ - INFO - Updated general beds for hospital 3 to 283
2025-09-11 13:58:35,301 - httpx - INFO - HTTP Request: POST http://localhost:8002/api/beds/update "HTTP/1.1 201 Created"
2025-09-11 13:58:35,301 - __main__ - INFO - Updated icu beds for hospital 3 to 45
2025-09-11 13:58:55,323 - httpx - INFO - HTTP Request: GET http://localhost:8002/api/beds/current/1 "HTTP/1.1 200 OK"
2025-09-11 13:58:55,343 - httpx - INFO - HTTP Request: POST http://localhost:8002/api/beds/update "HTTP/1.1 201 Created"
2025-09-11 13:58:55,343 - __main__ - INFO - Updated general beds for hospital 1 to 996
2025-09-11 13:58:55,358 - httpx - INFO - HTTP Request: GET http://localhost:8002/api/beds/current/2 "HTTP/1.1 200 OK"
2025-09-11 13:58:55,377 - httpx - INFO - HTTP Request: POST http://localhost:8002/api/beds/update "HTTP/1.1 201 Created"
2025-09-11 13:58:55,378 - __main__ - INFO - Updated icu beds for hospital 2 to 135
2025-09-11 13:58:55,394 - httpx - INFO - HTTP Request: GET http://localhost:8002/api/beds/current/3 "HTTP/1.1 200 OK"
2025-09-11 13:58:55,414 - httpx - INFO - HTTP Request: POST http://localhost:8002/api/beds/update "HTTP/1.1 201 Created"
2025-09-11 13:58:55,414 - __main__ - INFO - Updated general beds for hospital 3 to 284
2025-09-11 13:58:55,431 - httpx - INFO - HTTP Request: POST http://localhost:8002/api/beds/update "HTTP/1.1 201 Created"
2025-09-11 13:58:55,431 - __main__ - INFO - Updated icu beds for hospital 3 to 43
2025-09-11 13:59:15,477 - httpx - INFO - HTTP Request: GET http://localhost:8002/api/beds/current/1 "HTTP/1.1 200 OK"
2025-09-11 13:59:15,496 - httpx - INFO - HTTP Request: POST http://localhost:8002/api/beds/update "HTTP/1.1 201 Created"
2025-09-11 13:59:15,497 - __main__ - INFO - Updated general beds for hospital 1 to 993
2025-09-11 13:59:15,511 - httpx - INFO - HTTP Request: POST http://localhost:8002/api/beds/update "HTTP/1.1 201 Created"
2025-09-11 13:59:15,511 - __main__ - INFO - Updated icu beds for hospital 1 to 183
2025-09-11 13:59:15,531 - httpx - INFO - HTTP Request: GET http://localhost:8002/api/beds/current/2 "HTTP/1.1 200 OK"
2025-09-11 13:59:15,625 - httpx - INFO - HTTP Request: POST http://localhost:8002/api/beds/update "HTTP/1.1 201 Created"
2025-09-11 13:59:15,625 - __main__ - INFO - Updated general beds for hospital 2 to 685
2025-09-11 13:59:15,641 - httpx - INFO - HTTP Request: POST http://localhost:8002/api/beds/update "HTTP/1.1 201 Created"
2025-09-11 13:59:15,641 - __main__ - INFO - Updated icu beds for hospital 2 to 136
2025-09-11 13:59:15,655 - httpx - INFO - HTTP Request: GET http://localhost:8002/api/beds/current/3 "HTTP/1.1 200 OK"
2025-09-11 13:59:15,671 - httpx - INFO - HTTP Request: POST http://localhost:8002/api/beds/update "HTTP/1.1 201 Created"
2025-09-11 13:59:15,672 - __main__ - INFO - Updated general beds for hospital 3 to 287
2025-09-11 13:59:35,717 - httpx - INFO - HTTP Request: GET http://localhost:8002/api/beds/current/1 "HTTP/1.1 200 OK"
2025-09-11 13:59:35,745 - httpx - INFO - HTTP Request: POST http://localhost:8002/api/beds/update "HTTP/1.1 201 Created"
2025-09-11 13:59:35,746 - __main__ - INFO - Updated icu beds for hospital 1 to 185
2025-09-11 13:59:35,762 - httpx - INFO - HTTP Request: GET http://localhost:8002/api/beds/current/2 "HTTP/1.1 200 OK"
2025-09-11 13:59:35,779 - httpx - INFO - HTTP Request: POST http://localhost:8002/api/beds/update "HTTP/1.1 400 Bad Request"
2025-09-11 13:59:35,780 - __main__ - ERROR - Error updating general beds for hospital 2: Client error '400 Bad Request' for url 'http://localhost:8002/api/beds/update'
For more information check: https://developer.mozilla.org/en-US/docs/Web/HTTP/Status/400
2025-09-11 13:59:35,797 - httpx - INFO - HTTP Request: POST http://localhost:8002/api/beds/update "HTTP/1.1 400 Bad Request"
2025-09-11 13:59:35,797 - __main__ - ERROR - Error updating icu beds for hospital 2: Client error '400 Bad Request' for url 'http://localhost:8002/api/beds/update'
For more information check: https://developer.mozilla.org/en-US/docs/Web/HTTP/Status/400
2025-09-11 13:59:35,814 - httpx - INFO - HTTP Request: GET http://localhost:8002/api/beds/current/3 "HTTP/1.1 200 OK"
2025-09-11 13:59:35,839 - httpx - INFO - HTTP Request: POST http://localhost:8002/api/beds/update "HTTP/1.1 201 Created"
2025-09-11 13:59:35,839 - __main__ - INFO - Updated general beds for hospital 3 to 290
2025-09-11 13:59:35,858 - httpx - INFO - HTTP Request: POST http://localhost:8002/api/beds/update "HTTP/1.1 201 Created"
2025-09-11 13:59:35,858 - __main__ - INFO - Updated icu beds for hospital 3 to 44
2025-09-11 13:59:55,894 - httpx - INFO - HTTP Request: GET http://localhost:8002/api/beds/current/1 "HTTP/1.1 200 OK"
2025-09-11 13:59:55,920 - httpx - INFO - HTTP Request: POST http://localhost:8002/api/beds/update "HTTP/1.1 201 Created"
2025-09-11 13:59:55,920 - __main__ - INFO - Updated general beds for hospital 1 to 992
2025-09-11 13:59:55,938 - httpx - INFO - HTTP Request: GET http://localhost:8002/api/beds/current/2 "HTTP/1.1 200 OK"
2025-09-11 13:59:55,956 - httpx - INFO - HTTP Request: POST http://localhost:8002/api/beds/update "HTTP/1.1 201 Created"
2025-09-11 13:59:55,956 - __main__ - INFO - Updated general beds for hospital 2 to 683
2025-09-11 13:59:55,980 - httpx - INFO - HTTP Request: GET http://localhost:8002/api/beds/current/3 "HTTP/1.1 200 OK"
2025-09-11 13:59:56,001 - httpx - INFO - HTTP Request: POST http://localhost:8002/api/beds/update "HTTP/1.1 201 Created"
2025-09-11 13:59:56,001 - __main__ - INFO - Updated general beds for hospital 3 to 289
2025-09-11 13:59:56,018 - httpx - INFO - HTTP Request: POST http://localhost:8002/api/beds/update "HTTP/1.1 201 Created"
2025-09-11 13:59:56,018 - __main__ - INFO - Updated icu beds for hospital 3 to 43
2025-09-11 14:00:16,064 - httpx - INFO - HTTP Request: GET http://localhost:8002/api/beds/current/1 "HTTP/1.1 200 OK"
2025-09-11 14:00:16,098 - httpx - INFO - HTTP Request: POST http://localhost:8002/api/beds/update "HTTP/1.1 201 Created"
2025-09-11 14:00:16,098 - __main__ - INFO - Updated general beds for hospital 1 to 989
2025-09-11 14:00:16,120 - httpx - INFO - HTTP Request: POST http://localhost:8002/api/beds/update "HTTP/1.1 201 Created"
2025-09-11 14:00:16,121 - __main__ - INFO - Updated icu beds for hospital 1 to 184
2025-09-11 14:00:16,139 - httpx - INFO - HTTP Request: GET http://localhost:8002/api/beds/current/2 "HTTP/1.1 200 OK"
2025-09-11 14:00:16,156 - httpx - INFO - HTTP Request: POST http://localhost:8002/api/beds/update "HTTP/1.1 201 Created"
2025-09-11 14:00:16,156 - __main__ - INFO - Updated general beds for hospital 2 to 682
2025-09-11 14:00:16,172 - httpx - INFO - HTTP Request: POST http://localhost:8002/api/beds/update "HTTP/1.1 201 Created"
2025-09-11 14:00:16,173 - __main__ - INFO - Updated icu beds for hospital 2 to 137
2025-09-11 14:00:16,199 - httpx - INFO - HTTP Request: GET http://localhost:8002/api/beds/current/3 "HTTP/1.1 200 OK"
2025-09-11 14:00:16,241 - httpx - INFO - HTTP Request: POST http://localhost:8002/api/beds/update "HTTP/1.1 201 Created"
2025-09-11 14:00:16,241 - __main__ - INFO - Updated general beds for hospital 3 to 287
2025-09-11 14:00:36,274 - httpx - INFO - HTTP Request: GET http://localhost:8002/api/beds/current/1 "HTTP/1.1 200 OK"
2025-09-11 14:00:36,305 - httpx - INFO - HTTP Request: POST http://localhost:8002/api/beds/update "HTTP/1.1 201 Created"
2025-09-11 14:00:36,306 - __main__ - INFO - Updated general beds for hospital 1 to 987
2025-09-11 14:00:36,323 - httpx - INFO - HTTP Request: POST http://localhost:8002/api/beds/update "HTTP/1.1 201 Created"
2025-09-11 14:00:36,323 - __main__ - INFO - Updated icu beds for hospital 1 to 183
2025-09-11 14:00:36,338 - httpx - INFO - HTTP Request: GET http://localhost:8002/api/beds/current/2 "HTTP/1.1 200 OK"
2025-09-11 14:00:36,356 - httpx - INFO - HTTP Request: GET http://localhost:8002/api/beds/current/3 "HTTP/1.1 200 OK"
2025-09-11 14:00:36,373 - httpx - INFO - HTTP Request: POST http://localhost:8002/api/beds/update "HTTP/1.1 201 Created"
2025-09-11 14:00:36,374 - __main__ - INFO - Updated general beds for hospital 3 to 290
2025-09-11 14:00:56,420 - httpx - INFO - HTTP Request: GET http://localhost:8002/api/beds/current/1 "HTTP/1.1 200 OK"
2025-09-11 14:00:56,443 - httpx - INFO - HTTP Request: GET http://localhost:8002/api/beds/current/2 "HTTP/1.1 200 OK"
2025-09-11 14:00:56,467 - httpx - INFO - HTTP Request: POST http://localhost:8002/api/beds/update "HTTP/1.1 201 Created"
2025-09-11 14:00:56,468 - __main__ - INFO - Updated general beds for hospital 2 to 680
2025-09-11 14:00:56,485 - httpx - INFO - HTTP Request: POST http://localhost:8002/api/beds/update "HTTP/1.1 201 Created"
2025-09-11 14:00:56,485 - __main__ - INFO - Updated icu beds for hospital 2 to 136
2025-09-11 14:00:56,507 - httpx - INFO - HTTP Request: GET http://localhost:8002/api/beds/current/3 "HTTP/1.1 200 OK"
2025-09-11 14:00:56,527 - httpx - INFO - HTTP Request: POST http://localhost:8002/api/beds/update "HTTP/1.1 201 Created"
2025-09-11 14:00:56,527 - __main__ - INFO - Updated general beds for hospital 3 to 291
2025-09-11 14:01:16,573 - httpx - INFO - HTTP Request: GET http://localhost:8002/api/beds/current/1 "HTTP/1.1 200 OK"
2025-09-11 14:01:16,663 - httpx - INFO - HTTP Request: POST http://localhost:8002/api/beds/update "HTTP/1.1 201 Created"
2025-09-11 14:01:16,663 - __main__ - INFO - Updated general beds for hospital 1 to 988
2025-09-11 14:01:16,678 - httpx - INFO - HTTP Request: GET http://localhost:8002/api/beds/current/2 "HTTP/1.1 200 OK"
2025-09-11 14:01:16,706 - httpx - INFO - HTTP Request: POST http://localhost:8002/api/beds/update "HTTP/1.1 201 Created"
2025-09-11 14:01:16,706 - __main__ - INFO - Updated general beds for hospital 2 to 681
2025-09-11 14:01:16,727 - httpx - INFO - HTTP Request: POST http://localhost:8002/api/beds/update "HTTP/1.1 201 Created"
2025-09-11 14:01:16,727 - __main__ - INFO - Updated icu beds for hospital 2 to 135
2025-09-11 14:01:16,741 - httpx - INFO - HTTP Request: GET http://localhost:8002/api/beds/current/3 "HTTP/1.1 200 OK"
2025-09-11 14:01:16,763 - httpx - INFO - HTTP Request: POST http://localhost:8002/api/beds/update "HTTP/1.1 201 Created"
2025-09-11 14:01:16,763 - __main__ - INFO - Updated general beds for hospital 3 to 293
2025-09-11 14:01:16,780 - httpx - INFO - HTTP Request: POST http://localhost:8002/api/beds/update "HTTP/1.1 201 Created"
2025-09-11 14:01:16,781 - __main__ - INFO - Updated icu beds for hospital 3 to 45
2025-09-11 14:02:14,625 - __main__ - INFO - Starting bed simulation for hospitals: [1, 2, 3]
2025-09-11 14:02:14,625 - __main__ - INFO - Update interval: 20 seconds
2025-09-11 14:02:14,736 - httpx - INFO - HTTP Request: GET http://localhost:8002/api/beds/current/1 "HTTP/1.1 200 OK"
2025-09-11 14:02:14,753 - httpx - INFO - HTTP Request: GET http://localhost:8002/api/beds/current/2 "HTTP/1.1 200 OK"
2025-09-11 14:02:14,774 - httpx - INFO - HTTP Request: POST http://localhost:8002/api/beds/update "HTTP/1.1 201 Created"
2025-09-11 14:02:14,774 - __main__ - INFO - Updated general beds for hospital 2 to 682
2025-09-11 14:02:14,799 - httpx - INFO - HTTP Request: POST http://localhost:8002/api/beds/update "HTTP/1.1 201 Created"
2025-09-11 14:02:14,799 - __main__ - INFO - Updated icu beds for hospital 2 to 136
2025-09-11 14:02:14,818 - httpx - INFO - HTTP Request: GET http://localhost:8002/api/beds/current/3 "HTTP/1.1 200 OK"
2025-09-11 14:02:14,843 - httpx - INFO - HTTP Request: POST http://localhost:8002/api/beds/update "HTTP/1.1 201 Created"
2025-09-11 14:02:14,843 - __main__ - INFO - Updated general beds for hospital 3 to 290
2025-09-11 14:02:14,864 - httpx - INFO - HTTP Request: POST http://localhost:8002/api/beds/update "HTTP/1.1 201 Created"
2025-09-11 14:02:14,864 - __main__ - INFO - Updated icu beds for hospital 3 to 43
2025-09-11 14:02:34,901 - httpx - INFO - HTTP Request: GET http://localhost:8002/api/beds/current/1 "HTTP/1.1 200 OK"
2025-09-11 14:02:34,921 - httpx - INFO - HTTP Request: POST http://localhost:8002/api/beds/update "HTTP/1.1 201 Created"
2025-09-11 14:02:34,922 - __main__ - INFO - Updated icu beds for hospital 1 to 185
2025-09-11 14:02:34,940 - httpx - INFO - HTTP Request: GET http://localhost:8002/api/beds/current/2 "HTTP/1.1 200 OK"
2025-09-11 14:02:34,966 - httpx - INFO - HTTP Request: POST http://localhost:8002/api/beds/update "HTTP/1.1 201 Created"
2025-09-11 14:02:34,966 - __main__ - INFO - Updated general beds for hospital 2 to 684
2025-09-11 14:02:34,987 - httpx - INFO - HTTP Request: POST http://localhost:8002/api/beds/update "HTTP/1.1 201 Created"
2025-09-11 14:02:34,987 - __main__ - INFO - Updated icu beds for hospital 2 to 137
2025-09-11 14:02:35,001 - httpx - INFO - HTTP Request: GET http://localhost:8002/api/beds/current/3 "HTTP/1.1 200 OK"
2025-09-11 14:02:35,017 - httpx - INFO - HTTP Request: POST http://localhost:8002/api/beds/update "HTTP/1.1 201 Created"
2025-09-11 14:02:35,018 - __main__ - INFO - Updated general beds for hospital 3 to 292
2025-09-11 14:02:35,038 - httpx - INFO - HTTP Request: POST http://localhost:8002/api/beds/update "HTTP/1.1 201 Created"
2025-09-11 14:02:35,038 - __main__ - INFO - Updated icu beds for hospital 3 to 44
2025-09-11 14:02:55,096 - httpx - INFO - HTTP Request: GET http://localhost:8002/api/beds/current/1 "HTTP/1.1 200 OK"
2025-09-11 14:02:55,125 - httpx - INFO - HTTP Request: POST http://localhost:8002/api/beds/update "HTTP/1.1 201 Created"
2025-09-11 14:02:55,126 - __main__ - INFO - Updated general beds for hospital 1 to 990
2025-09-11 14:02:55,148 - httpx - INFO - HTTP Request: POST http://localhost:8002/api/beds/update "HTTP/1.1 201 Created"
2025-09-11 14:02:55,148 - __main__ - INFO - Updated icu beds for hospital 1 to 183
2025-09-11 14:02:55,173 - httpx - INFO - HTTP Request: GET http://localhost:8002/api/beds/current/2 "HTTP/1.1 200 OK"
2025-09-11 14:02:55,203 - httpx - INFO - HTTP Request: POST http://localhost:8002/api/beds/update "HTTP/1.1 201 Created"
2025-09-11 14:02:55,203 - __main__ - INFO - Updated general beds for hospital 2 to 682
2025-09-11 14:02:55,227 - httpx - INFO - HTTP Request: POST http://localhost:8002/api/beds/update "HTTP/1.1 201 Created"
2025-09-11 14:02:55,227 - __main__ - INFO - Updated icu beds for hospital 2 to 135
2025-09-11 14:02:55,250 - httpx - INFO - HTTP Request: GET http://localhost:8002/api/beds/current/3 "HTTP/1.1 200 OK"
2025-09-11 14:02:55,278 - httpx - INFO - HTTP Request: POST http://localhost:8002/api/beds/update "HTTP/1.1 201 Created"
2025-09-11 14:02:55,280 - __main__ - INFO - Updated general beds for hospital 3 to 289
2025-09-11 14:02:55,306 - httpx - INFO - HTTP Request: POST http://localhost:8002/api/beds/update "HTTP/1.1 201 Created"
2025-09-11 14:02:55,306 - __main__ - INFO - Updated icu beds for hospital 3 to 46
2025-09-11 14:03:15,357 - httpx - INFO - HTTP Request: GET http://localhost:8002/api/beds/current/1 "HTTP/1.1 200 OK"
2025-09-11 14:03:15,393 - httpx - INFO - HTTP Request: POST http://localhost:8002/api/beds/update "HTTP/1.1 201 Created"
2025-09-11 14:03:15,394 - __main__ - INFO - Updated general beds for hospital 1 to 988
2025-09-11 14:03:15,410 - httpx - INFO - HTTP Request: GET http://localhost:8002/api/beds/current/2 "HTTP/1.1 200 OK"
2025-09-11 14:03:15,441 - httpx - INFO - HTTP Request: POST http://localhost:8002/api/beds/update "HTTP/1.1 201 Created"
2025-09-11 14:03:15,442 - __main__ - INFO - Updated general beds for hospital 2 to 683
2025-09-11 14:03:15,466 - httpx - INFO - HTTP Request: POST http://localhost:8002/api/beds/update "HTTP/1.1 201 Created"
2025-09-11 14:03:15,467 - __main__ - INFO - Updated icu beds for hospital 2 to 137
2025-09-11 14:03:15,488 - httpx - INFO - HTTP Request: GET http://localhost:8002/api/beds/current/3 "HTTP/1.1 200 OK"
2025-09-11 14:03:15,517 - httpx - INFO - HTTP Request: POST http://localhost:8002/api/beds/update "HTTP/1.1 201 Created"
2025-09-11 14:03:15,517 - __main__ - INFO - Updated general beds for hospital 3 to 286
2025-09-11 14:03:15,543 - httpx - INFO - HTTP Request: POST http://localhost:8002/api/beds/update "HTTP/1.1 201 Created"
2025-09-11 14:03:15,544 - __main__ - INFO - Updated icu beds for hospital 3 to 45
2025-09-11 14:03:35,585 - httpx - INFO - HTTP Request: GET http://localhost:8002/api/beds/current/1 "HTTP/1.1 200 OK"
2025-09-11 14:03:35,615 - httpx - INFO - HTTP Request: POST http://localhost:8002/api/beds/update "HTTP/1.1 201 Created"
2025-09-11 14:03:35,616 - __main__ - INFO - Updated icu beds for hospital 1 to 182
2025-09-11 14:03:35,633 - httpx - INFO - HTTP Request: GET http://localhost:8002/api/beds/current/2 "HTTP/1.1 200 OK"
2025-09-11 14:03:35,655 - httpx - INFO - HTTP Request: POST http://localhost:8002/api/beds/update "HTTP/1.1 201 Created"
2025-09-11 14:03:35,655 - __main__ - INFO - Updated general beds for hospital 2 to 682
2025-09-11 14:03:35,672 - httpx - INFO - HTTP Request: POST http://localhost:8002/api/beds/update "HTTP/1.1 201 Created"
2025-09-11 14:03:35,672 - __main__ - INFO - Updated icu beds for hospital 2 to 135
2025-09-11 14:03:35,684 - httpx - INFO - HTTP Request: GET http://localhost:8002/api/beds/current/3 "HTTP/1.1 200 OK"
2025-09-11 14:03:35,703 - httpx - INFO - HTTP Request: POST http://localhost:8002/api/beds/update "HTTP/1.1 201 Created"
2025-09-11 14:03:35,704 - __main__ - INFO - Updated general beds for hospital 3 to 283
2025-09-11 14:03:35,721 - httpx - INFO - HTTP Request: POST http://localhost:8002/api/beds/update "HTTP/1.1 201 Created"
2025-09-11 14:03:35,721 - __main__ - INFO - Updated icu beds for hospital 3 to 47
2025-09-11 14:03:55,754 - httpx - INFO - HTTP Request: GET http://localhost:8002/api/beds/current/1 "HTTP/1.1 200 OK"
2025-09-11 14:03:55,775 - httpx - INFO - HTTP Request: POST http://localhost:8002/api/beds/update "HTTP/1.1 201 Created"
2025-09-11 14:03:55,776 - __main__ - INFO - Updated general beds for hospital 1 to 985
2025-09-11 14:03:55,789 - httpx - INFO - HTTP Request: GET http://localhost:8002/api/beds/current/2 "HTTP/1.1 200 OK"
2025-09-11 14:03:55,804 - httpx - INFO - HTTP Request: POST http://localhost:8002/api/beds/update "HTTP/1.1 201 Created"
2025-09-11 14:03:55,804 - __main__ - INFO - Updated general beds for hospital 2 to 680
2025-09-11 14:03:55,822 - httpx - INFO - HTTP Request: POST http://localhost:8002/api/beds/update "HTTP/1.1 201 Created"
2025-09-11 14:03:55,822 - __main__ - INFO - Updated icu beds for hospital 2 to 133
2025-09-11 14:03:55,836 - httpx - INFO - HTTP Request: GET http://localhost:8002/api/beds/current/3 "HTTP/1.1 200 OK"
2025-09-11 14:03:55,851 - httpx - INFO - HTTP Request: POST http://localhost:8002/api/beds/update "HTTP/1.1 201 Created"
2025-09-11 14:03:55,851 - __main__ - INFO - Updated general beds for hospital 3 to 284
2025-09-11 14:03:55,868 - httpx - INFO - HTTP Request: POST http://localhost:8002/api/beds/update "HTTP/1.1 201 Created"
2025-09-11 14:03:55,869 - __main__ - INFO - Updated icu beds for hospital 3 to 45
2025-09-11 14:04:15,940 - httpx - INFO - HTTP Request: GET http://localhost:8002/api/beds/current/1 "HTTP/1.1 200 OK"
2025-09-11 14:04:16,022 - httpx - INFO - HTTP Request: POST http://localhost:8002/api/beds/update "HTTP/1.1 201 Created"
2025-09-11 14:04:16,023 - __main__ - INFO - Updated general beds for hospital 1 to 986
2025-09-11 14:04:16,038 - httpx - INFO - HTTP Request: POST http://localhost:8002/api/beds/update "HTTP/1.1 201 Created"
2025-09-11 14:04:16,038 - __main__ - INFO - Updated icu beds for hospital 1 to 181
2025-09-11 14:04:16,053 - httpx - INFO - HTTP Request: GET http://localhost:8002/api/beds/current/2 "HTTP/1.1 200 OK"
2025-09-11 14:04:16,068 - httpx - INFO - HTTP Request: POST http://localhost:8002/api/beds/update "HTTP/1.1 201 Created"
2025-09-11 14:04:16,069 - __main__ - INFO - Updated icu beds for hospital 2 to 134
2025-09-11 14:04:16,082 - httpx - INFO - HTTP Request: GET http://localhost:8002/api/beds/current/3 "HTTP/1.1 200 OK"
2025-09-11 14:04:16,096 - httpx - INFO - HTTP Request: POST http://localhost:8002/api/beds/update "HTTP/1.1 201 Created"
2025-09-11 14:04:16,097 - __main__ - INFO - Updated general beds for hospital 3 to 281
2025-09-11 14:04:16,113 - httpx - INFO - HTTP Request: POST http://localhost:8002/api/beds/update "HTTP/1.1 201 Created"
2025-09-11 14:04:16,113 - __main__ - INFO - Updated icu beds for hospital 3 to 46
2025-09-11 14:04:36,133 - httpx - INFO - HTTP Request: GET http://localhost:8002/api/beds/current/1 "HTTP/1.1 200 OK"
2025-09-11 14:04:36,146 - httpx - INFO - HTTP Request: POST http://localhost:8002/api/beds/update "HTTP/1.1 201 Created"
2025-09-11 14:04:36,146 - __main__ - INFO - Updated general beds for hospital 1 to 989
2025-09-11 14:04:36,160 - httpx - INFO - HTTP Request: POST http://localhost:8002/api/beds/update "HTTP/1.1 201 Created"
2025-09-11 14:04:36,160 - __main__ - INFO - Updated icu beds for hospital 1 to 182
2025-09-11 14:04:36,171 - httpx - INFO - HTTP Request: GET http://localhost:8002/api/beds/current/2 "HTTP/1.1 200 OK"
2025-09-11 14:04:36,184 - httpx - INFO - HTTP Request: POST http://localhost:8002/api/beds/update "HTTP/1.1 201 Created"
2025-09-11 14:04:36,184 - __main__ - INFO - Updated general beds for hospital 2 to 681
2025-09-11 14:04:36,196 - httpx - INFO - HTTP Request: GET http://localhost:8002/api/beds/current/3 "HTTP/1.1 200 OK"
2025-09-11 14:04:36,209 - httpx - INFO - HTTP Request: POST http://localhost:8002/api/beds/update "HTTP/1.1 201 Created"
2025-09-11 14:04:36,209 - __main__ - INFO - Updated general beds for hospital 3 to 282
2025-09-11 14:04:36,224 - httpx - INFO - HTTP Request: POST http://localhost:8002/api/beds/update "HTTP/1.1 201 Created"
2025-09-11 14:04:36,224 - __main__ - INFO - Updated icu beds for hospital 3 to 44
2025-09-11 14:04:56,246 - httpx - INFO - HTTP Request: GET http://localhost:8002/api/beds/current/1 "HTTP/1.1 200 OK"
2025-09-11 14:04:56,265 - httpx - INFO - HTTP Request: POST http://localhost:8002/api/beds/update "HTTP/1.1 201 Created"
2025-09-11 14:04:56,266 - __main__ - INFO - Updated icu beds for hospital 1 to 184
2025-09-11 14:04:56,281 - httpx - INFO - HTTP Request: GET http://localhost:8002/api/beds/current/2 "HTTP/1.1 200 OK"
2025-09-11 14:04:56,299 - httpx - INFO - HTTP Request: POST http://localhost:8002/api/beds/update "HTTP/1.1 201 Created"
2025-09-11 14:04:56,300 - __main__ - INFO - Updated general beds for hospital 2 to 678
2025-09-11 14:04:56,321 - httpx - INFO - HTTP Request: GET http://localhost:8002/api/beds/current/3 "HTTP/1.1 200 OK"
2025-09-11 14:04:56,342 - httpx - INFO - HTTP Request: POST http://localhost:8002/api/beds/update "HTTP/1.1 201 Created"
2025-09-11 14:04:56,342 - __main__ - INFO - Updated general beds for hospital 3 to 285
2025-09-11 14:04:56,357 - httpx - INFO - HTTP Request: POST http://localhost:8002/api/beds/update "HTTP/1.1 201 Created"
2025-09-11 14:04:56,357 - __main__ - INFO - Updated icu beds for hospital 3 to 45
2025-09-11 14:05:16,380 - httpx - INFO - HTTP Request: GET http://localhost:8002/api/beds/current/1 "HTTP/1.1 200 OK"
2025-09-11 14:05:16,396 - httpx - INFO - HTTP Request: POST http://localhost:8002/api/beds/update "HTTP/1.1 201 Created"
2025-09-11 14:05:16,396 - __main__ - INFO - Updated general beds for hospital 1 to 990
2025-09-11 14:05:16,410 - httpx - INFO - HTTP Request: POST http://localhost:8002/api/beds/update "HTTP/1.1 201 Created"
2025-09-11 14:05:16,411 - __main__ - INFO - Updated icu beds for hospital 1 to 186
2025-09-11 14:05:16,424 - httpx - INFO - HTTP Request: GET http://localhost:8002/api/beds/current/2 "HTTP/1.1 200 OK"
2025-09-11 14:05:16,442 - httpx - INFO - HTTP Request: POST http://localhost:8002/api/beds/update "HTTP/1.1 201 Created"
2025-09-11 14:05:16,442 - __main__ - INFO - Updated general beds for hospital 2 to 680
2025-09-11 14:05:16,457 - httpx - INFO - HTTP Request: POST http://localhost:8002/api/beds/update "HTTP/1.1 201 Created"
2025-09-11 14:05:16,457 - __main__ - INFO - Updated icu beds for hospital 2 to 136
2025-09-11 14:05:16,470 - httpx - INFO - HTTP Request: GET http://localhost:8002/api/beds/current/3 "HTTP/1.1 200 OK"
2025-09-11 14:05:16,484 - httpx - INFO - HTTP Request: POST http://localhost:8002/api/beds/update "HTTP/1.1 201 Created"
2025-09-11 14:05:16,484 - __main__ - INFO - Updated general beds for hospital 3 to 284
2025-09-11 14:05:36,523 - httpx - INFO - HTTP Request: GET http://localhost:8002/api/beds/current/1 "HTTP/1.1 200 OK"
2025-09-11 14:05:36,545 - httpx - INFO - HTTP Request: POST http://localhost:8002/api/beds/update "HTTP/1.1 201 Created"
2025-09-11 14:05:36,545 - __main__ - INFO - Updated icu beds for hospital 1 to 184
2025-09-11 14:05:36,559 - httpx - INFO - HTTP Request: GET http://localhost:8002/api/beds/current/2 "HTTP/1.1 200 OK"
2025-09-11 14:05:36,576 - httpx - INFO - HTTP Request: POST http://localhost:8002/api/beds/update "HTTP/1.1 201 Created"
2025-09-11 14:05:36,576 - __main__ - INFO - Updated general beds for hospital 2 to 678
2025-09-11 14:05:36,606 - httpx - INFO - HTTP Request: POST http://localhost:8002/api/beds/update "HTTP/1.1 201 Created"
2025-09-11 14:05:36,607 - __main__ - INFO - Updated icu beds for hospital 2 to 137
2025-09-11 14:05:36,630 - httpx - INFO - HTTP Request: GET http://localhost:8002/api/beds/current/3 "HTTP/1.1 200 OK"
2025-09-11 14:05:36,653 - httpx - INFO - HTTP Request: POST http://localhost:8002/api/beds/update "HTTP/1.1 201 Created"
2025-09-11 14:05:36,653 - __main__ - INFO - Updated general beds for hospital 3 to 286
2025-09-11 14:05:36,737 - httpx - INFO - HTTP Request: POST http://localhost:8002/api/beds/update "HTTP/1.1 201 Created"
2025-09-11 14:05:36,737 - __main__ - INFO - Updated icu beds for hospital 3 to 46
2025-09-11 14:05:56,778 - httpx - INFO - HTTP Request: GET http://localhost:8002/api/beds/current/1 "HTTP/1.1 200 OK"
2025-09-11 14:05:56,807 - httpx - INFO - HTTP Request: POST http://localhost:8002/api/beds/update "HTTP/1.1 201 Created"
2025-09-11 14:05:56,808 - __main__ - INFO - Updated general beds for hospital 1 to 987
2025-09-11 14:05:56,830 - httpx - INFO - HTTP Request: POST http://localhost:8002/api/beds/update "HTTP/1.1 201 Created"
2025-09-11 14:05:56,830 - __main__ - INFO - Updated icu beds for hospital 1 to 186
2025-09-11 14:05:56,856 - httpx - INFO - HTTP Request: GET http://localhost:8002/api/beds/current/2 "HTTP/1.1 200 OK"
2025-09-11 14:05:56,881 - httpx - INFO - HTTP Request: GET http://localhost:8002/api/beds/current/3 "HTTP/1.1 200 OK"
2025-09-11 14:05:56,899 - httpx - INFO - HTTP Request: POST http://localhost:8002/api/beds/update "HTTP/1.1 201 Created"
2025-09-11 14:05:56,900 - __main__ - INFO - Updated general beds for hospital 3 to 284
2025-09-11 14:06:16,937 - httpx - INFO - HTTP Request: GET http://localhost:8002/api/beds/current/1 "HTTP/1.1 200 OK"
2025-09-11 14:06:16,962 - httpx - INFO - HTTP Request: POST http://localhost:8002/api/beds/update "HTTP/1.1 201 Created"
2025-09-11 14:06:16,962 - __main__ - INFO - Updated general beds for hospital 1 to 990
2025-09-11 14:06:16,979 - httpx - INFO - HTTP Request: POST http://localhost:8002/api/beds/update "HTTP/1.1 201 Created"
2025-09-11 14:06:16,979 - __main__ - INFO - Updated icu beds for hospital 1 to 188
2025-09-11 14:06:16,990 - httpx - INFO - HTTP Request: GET http://localhost:8002/api/beds/current/2 "HTTP/1.1 200 OK"
2025-09-11 14:06:17,010 - httpx - INFO - HTTP Request: POST http://localhost:8002/api/beds/update "HTTP/1.1 201 Created"
2025-09-11 14:06:17,010 - __main__ - INFO - Updated general beds for hospital 2 to 677
2025-09-11 14:06:17,029 - httpx - INFO - HTTP Request: GET http://localhost:8002/api/beds/current/3 "HTTP/1.1 200 OK"
2025-09-11 14:06:17,046 - httpx - INFO - HTTP Request: POST http://localhost:8002/api/beds/update "HTTP/1.1 201 Created"
2025-09-11 14:06:17,046 - __main__ - INFO - Updated general beds for hospital 3 to 287
2025-09-11 14:06:37,080 - httpx - INFO - HTTP Request: GET http://localhost:8002/api/beds/current/1 "HTTP/1.1 200 OK"
2025-09-11 14:06:37,107 - httpx - INFO - HTTP Request: POST http://localhost:8002/api/beds/update "HTTP/1.1 201 Created"
2025-09-11 14:06:37,108 - __main__ - INFO - Updated general beds for hospital 1 to 988
2025-09-11 14:06:37,124 - httpx - INFO - HTTP Request: POST http://localhost:8002/api/beds/update "HTTP/1.1 201 Created"
2025-09-11 14:06:37,124 - __main__ - INFO - Updated icu beds for hospital 1 to 187
2025-09-11 14:06:37,145 - httpx - INFO - HTTP Request: GET http://localhost:8002/api/beds/current/2 "HTTP/1.1 200 OK"
2025-09-11 14:06:37,167 - httpx - INFO - HTTP Request: POST http://localhost:8002/api/beds/update "HTTP/1.1 201 Created"
2025-09-11 14:06:37,167 - __main__ - INFO - Updated general beds for hospital 2 to 679
2025-09-11 14:06:37,183 - httpx - INFO - HTTP Request: POST http://localhost:8002/api/beds/update "HTTP/1.1 201 Created"
2025-09-11 14:06:37,183 - __main__ - INFO - Updated icu beds for hospital 2 to 137
2025-09-11 14:06:37,201 - httpx - INFO - HTTP Request: GET http://localhost:8002/api/beds/current/3 "HTTP/1.1 200 OK"
2025-09-11 14:06:37,221 - httpx - INFO - HTTP Request: POST http://localhost:8002/api/beds/update "HTTP/1.1 201 Created"
2025-09-11 14:06:37,221 - __main__ - INFO - Updated general beds for hospital 3 to 285
2025-09-11 14:06:37,239 - httpx - INFO - HTTP Request: POST http://localhost:8002/api/beds/update "HTTP/1.1 201 Created"
2025-09-11 14:06:37,239 - __main__ - INFO - Updated icu beds for hospital 3 to 45
2025-09-11 14:06:57,278 - httpx - INFO - HTTP Request: GET http://localhost:8002/api/beds/current/1 "HTTP/1.1 200 OK"
2025-09-11 14:06:57,296 - httpx - INFO - HTTP Request: POST http://localhost:8002/api/beds/update "HTTP/1.1 201 Created"
2025-09-11 14:06:57,297 - __main__ - INFO - Updated general beds for hospital 1 to 986
2025-09-11 14:06:57,314 - httpx - INFO - HTTP Request: POST http://localhost:8002/api/beds/update "HTTP/1.1 201 Created"
2025-09-11 14:06:57,315 - __main__ - INFO - Updated icu beds for hospital 1 to 189
2025-09-11 14:06:57,328 - httpx - INFO - HTTP Request: GET http://localhost:8002/api/beds/current/2 "HTTP/1.1 200 OK"
2025-09-11 14:06:57,341 - httpx - INFO - HTTP Request: POST http://localhost:8002/api/beds/update "HTTP/1.1 201 Created"
2025-09-11 14:06:57,341 - __main__ - INFO - Updated general beds for hospital 2 to 682
2025-09-11 14:06:57,359 - httpx - INFO - HTTP Request: POST http://localhost:8002/api/beds/update "HTTP/1.1 201 Created"
2025-09-11 14:06:57,360 - __main__ - INFO - Updated icu beds for hospital 2 to 136
2025-09-11 14:06:57,376 - httpx - INFO - HTTP Request: GET http://localhost:8002/api/beds/current/3 "HTTP/1.1 200 OK"
2025-09-11 14:06:57,394 - httpx - INFO - HTTP Request: POST http://localhost:8002/api/beds/update "HTTP/1.1 201 Created"
2025-09-11 14:06:57,395 - __main__ - INFO - Updated general beds for hospital 3 to 288
2025-09-11 14:07:17,447 - httpx - INFO - HTTP Request: GET http://localhost:8002/api/beds/current/1 "HTTP/1.1 200 OK"
2025-09-11 14:07:17,479 - httpx - INFO - HTTP Request: POST http://localhost:8002/api/beds/update "HTTP/1.1 201 Created"
2025-09-11 14:07:17,479 - __main__ - INFO - Updated general beds for hospital 1 to 983
2025-09-11 14:07:17,494 - httpx - INFO - HTTP Request: GET http://localhost:8002/api/beds/current/2 "HTTP/1.1 200 OK"
2025-09-11 14:07:17,526 - httpx - INFO - HTTP Request: POST http://localhost:8002/api/beds/update "HTTP/1.1 201 Created"
2025-09-11 14:07:17,526 - __main__ - INFO - Updated general beds for hospital 2 to 683
2025-09-11 14:07:17,556 - httpx - INFO - HTTP Request: POST http://localhost:8002/api/beds/update "HTTP/1.1 201 Created"
2025-09-11 14:07:17,556 - __main__ - INFO - Updated icu beds for hospital 2 to 137
2025-09-11 14:07:17,579 - httpx - INFO - HTTP Request: GET http://localhost:8002/api/beds/current/3 "HTTP/1.1 200 OK"
2025-09-11 14:07:17,596 - httpx - INFO - HTTP Request: POST http://localhost:8002/api/beds/update "HTTP/1.1 201 Created"
2025-09-11 14:07:17,596 - __main__ - INFO - Updated general beds for hospital 3 to 285
2025-09-11 14:07:17,624 - httpx - INFO - HTTP Request: POST http://localhost:8002/api/beds/update "HTTP/1.1 201 Created"
2025-09-11 14:07:17,625 - __main__ - INFO - Updated icu beds for hospital 3 to 46
2025-09-11 14:07:37,742 - httpx - INFO - HTTP Request: GET http://localhost:8002/api/beds/current/1 "HTTP/1.1 200 OK"
2025-09-11 14:07:37,763 - httpx - INFO - HTTP Request: POST http://localhost:8002/api/beds/update "HTTP/1.1 201 Created"
2025-09-11 14:07:37,764 - __main__ - INFO - Updated general beds for hospital 1 to 982
2025-09-11 14:07:37,782 - httpx - INFO - HTTP Request: POST http://localhost:8002/api/beds/update "HTTP/1.1 201 Created"
2025-09-11 14:07:37,782 - __main__ - INFO - Updated icu beds for hospital 1 to 191
2025-09-11 14:07:37,795 - httpx - INFO - HTTP Request: GET http://localhost:8002/api/beds/current/2 "HTTP/1.1 200 OK"
2025-09-11 14:07:37,809 - httpx - INFO - HTTP Request: GET http://localhost:8002/api/beds/current/3 "HTTP/1.1 200 OK"
2025-09-11 14:07:37,825 - httpx - INFO - HTTP Request: POST http://localhost:8002/api/beds/update "HTTP/1.1 201 Created"
2025-09-11 14:07:37,826 - __main__ - INFO - Updated general beds for hospital 3 to 287
2025-09-11 14:07:37,847 - httpx - INFO - HTTP Request: POST http://localhost:8002/api/beds/update "HTTP/1.1 201 Created"
2025-09-11 14:07:37,848 - __main__ - INFO - Updated icu beds for hospital 3 to 47
2025-09-11 14:07:57,890 - httpx - INFO - HTTP Request: GET http://localhost:8002/api/beds/current/1 "HTTP/1.1 200 OK"
2025-09-11 14:07:57,912 - httpx - INFO - HTTP Request: POST http://localhost:8002/api/beds/update "HTTP/1.1 201 Created"
2025-09-11 14:07:57,912 - __main__ - INFO - Updated general beds for hospital 1 to 985
2025-09-11 14:07:57,938 - httpx - INFO - HTTP Request: POST http://localhost:8002/api/beds/update "HTTP/1.1 201 Created"
2025-09-11 14:07:57,939 - __main__ - INFO - Updated icu beds for hospital 1 to 189
2025-09-11 14:07:57,950 - httpx - INFO - HTTP Request: GET http://localhost:8002/api/beds/current/2 "HTTP/1.1 200 OK"
2025-09-11 14:07:57,969 - httpx - INFO - HTTP Request: POST http://localhost:8002/api/beds/update "HTTP/1.1 201 Created"
2025-09-11 14:07:57,970 - __main__ - INFO - Updated icu beds for hospital 2 to 135
2025-09-11 14:07:57,988 - httpx - INFO - HTTP Request: GET http://localhost:8002/api/beds/current/3 "HTTP/1.1 200 OK"
2025-09-11 14:07:58,006 - httpx - INFO - HTTP Request: POST http://localhost:8002/api/beds/update "HTTP/1.1 201 Created"
2025-09-11 14:07:58,007 - __main__ - INFO - Updated general beds for hospital 3 to 284
2025-09-11 14:07:58,025 - httpx - INFO - HTTP Request: POST http://localhost:8002/api/beds/update "HTTP/1.1 201 Created"
2025-09-11 14:07:58,025 - __main__ - INFO - Updated icu beds for hospital 3 to 45
2025-09-11 14:08:18,096 - httpx - INFO - HTTP Request: GET http://localhost:8002/api/beds/current/1 "HTTP/1.1 200 OK"
2025-09-11 14:08:18,126 - httpx - INFO - HTTP Request: POST http://localhost:8002/api/beds/update "HTTP/1.1 201 Created"
2025-09-11 14:08:18,126 - __main__ - INFO - Updated general beds for hospital 1 to 986
2025-09-11 14:08:18,142 - httpx - INFO - HTTP Request: POST http://localhost:8002/api/beds/update "HTTP/1.1 201 Created"
2025-09-11 14:08:18,142 - __main__ - INFO - Updated icu beds for hospital 1 to 190
2025-09-11 14:08:18,156 - httpx - INFO - HTTP Request: GET http://localhost:8002/api/beds/current/2 "HTTP/1.1 200 OK"
2025-09-11 14:08:18,176 - httpx - INFO - HTTP Request: POST http://localhost:8002/api/beds/update "HTTP/1.1 201 Created"
2025-09-11 14:08:18,176 - __main__ - INFO - Updated general beds for hospital 2 to 686
2025-09-11 14:08:18,204 - httpx - INFO - HTTP Request: GET http://localhost:8002/api/beds/current/3 "HTTP/1.1 200 OK"
2025-09-11 14:08:18,267 - httpx - INFO - HTTP Request: POST http://localhost:8002/api/beds/update "HTTP/1.1 201 Created"
2025-09-11 14:08:18,268 - __main__ - INFO - Updated icu beds for hospital 3 to 44
2025-09-11 14:08:38,306 - httpx - INFO - HTTP Request: GET http://localhost:8002/api/beds/current/1 "HTTP/1.1 200 OK"
2025-09-11 14:08:38,328 - httpx - INFO - HTTP Request: POST http://localhost:8002/api/beds/update "HTTP/1.1 201 Created"
2025-09-11 14:08:38,328 - __main__ - INFO - Updated general beds for hospital 1 to 987
2025-09-11 14:08:38,343 - httpx - INFO - HTTP Request: POST http://localhost:8002/api/beds/update "HTTP/1.1 201 Created"
2025-09-11 14:08:38,344 - __main__ - INFO - Updated icu beds for hospital 1 to 192
2025-09-11 14:08:38,359 - httpx - INFO - HTTP Request: GET http://localhost:8002/api/beds/current/2 "HTTP/1.1 200 OK"
2025-09-11 14:08:38,376 - httpx - INFO - HTTP Request: POST http://localhost:8002/api/beds/update "HTTP/1.1 201 Created"
2025-09-11 14:08:38,376 - __main__ - INFO - Updated general beds for hospital 2 to 686
2025-09-11 14:08:38,394 - httpx - INFO - HTTP Request: GET http://localhost:8002/api/beds/current/3 "HTTP/1.1 200 OK"
2025-09-11 14:08:38,423 - httpx - INFO - HTTP Request: POST http://localhost:8002/api/beds/update "HTTP/1.1 201 Created"
2025-09-11 14:08:38,423 - __main__ - INFO - Updated general beds for hospital 3 to 285
2025-09-11 14:08:38,444 - httpx - INFO - HTTP Request: POST http://localhost:8002/api/beds/update "HTTP/1.1 201 Created"
2025-09-11 14:08:38,444 - __main__ - INFO - Updated icu beds for hospital 3 to 42
2025-09-11 14:08:58,476 - httpx - INFO - HTTP Request: GET http://localhost:8002/api/beds/current/1 "HTTP/1.1 200 OK"
2025-09-11 14:08:58,498 - httpx - INFO - HTTP Request: POST http://localhost:8002/api/beds/update "HTTP/1.1 201 Created"
2025-09-11 14:08:58,498 - __main__ - INFO - Updated general beds for hospital 1 to 986
2025-09-11 14:08:58,511 - httpx - INFO - HTTP Request: GET http://localhost:8002/api/beds/current/2 "HTTP/1.1 200 OK"
2025-09-11 14:08:58,523 - httpx - INFO - HTTP Request: POST http://localhost:8002/api/beds/update "HTTP/1.1 201 Created"
2025-09-11 14:08:58,523 - __main__ - INFO - Updated general beds for hospital 2 to 683
2025-09-11 14:08:58,536 - httpx - INFO - HTTP Request: POST http://localhost:8002/api/beds/update "HTTP/1.1 201 Created"
2025-09-11 14:08:58,536 - __main__ - INFO - Updated icu beds for hospital 2 to 133
2025-09-11 14:08:58,545 - httpx - INFO - HTTP Request: GET http://localhost:8002/api/beds/current/3 "HTTP/1.1 200 OK"
2025-09-11 14:08:58,558 - httpx - INFO - HTTP Request: POST http://localhost:8002/api/beds/update "HTTP/1.1 201 Created"
2025-09-11 14:08:58,558 - __main__ - INFO - Updated general beds for hospital 3 to 283
2025-09-11 14:08:58,570 - httpx - INFO - HTTP Request: POST http://localhost:8002/api/beds/update "HTTP/1.1 201 Created"
2025-09-11 14:08:58,570 - __main__ - INFO - Updated icu beds for hospital 3 to 40
2025-09-11 14:09:18,599 - httpx - INFO - HTTP Request: GET http://localhost:8002/api/beds/current/1 "HTTP/1.1 200 OK"
2025-09-11 14:09:18,622 - httpx - INFO - HTTP Request: POST http://localhost:8002/api/beds/update "HTTP/1.1 201 Created"
2025-09-11 14:09:18,673 - __main__ - INFO - Updated general beds for hospital 1 to 987
2025-09-11 14:09:18,692 - httpx - INFO - HTTP Request: POST http://localhost:8002/api/beds/update "HTTP/1.1 201 Created"
2025-09-11 14:09:18,692 - __main__ - INFO - Updated icu beds for hospital 1 to 193
2025-09-11 14:09:18,716 - httpx - INFO - HTTP Request: GET http://localhost:8002/api/beds/current/2 "HTTP/1.1 200 OK"
2025-09-11 14:09:18,737 - httpx - INFO - HTTP Request: POST http://localhost:8002/api/beds/update "HTTP/1.1 201 Created"
2025-09-11 14:09:18,737 - __main__ - INFO - Updated general beds for hospital 2 to 682
2025-09-11 14:09:18,763 - httpx - INFO - HTTP Request: POST http://localhost:8002/api/beds/update "HTTP/1.1 201 Created"
2025-09-11 14:09:18,764 - __main__ - INFO - Updated icu beds for hospital 2 to 134
2025-09-11 14:09:18,785 - httpx - INFO - HTTP Request: GET http://localhost:8002/api/beds/current/3 "HTTP/1.1 200 OK"
2025-09-11 14:09:18,808 - httpx - INFO - HTTP Request: POST http://localhost:8002/api/beds/update "HTTP/1.1 201 Created"
2025-09-11 14:09:18,809 - __main__ - INFO - Updated general beds for hospital 3 to 284
2025-09-11 14:09:18,826 - httpx - INFO - HTTP Request: POST http://localhost:8002/api/beds/update "HTTP/1.1 201 Created"
2025-09-11 14:09:18,826 - __main__ - INFO - Updated icu beds for hospital 3 to 42
2025-09-11 14:09:38,871 - httpx - INFO - HTTP Request: GET http://localhost:8002/api/beds/current/1 "HTTP/1.1 200 OK"
2025-09-11 14:09:38,895 - httpx - INFO - HTTP Request: POST http://localhost:8002/api/beds/update "HTTP/1.1 201 Created"
2025-09-11 14:09:38,895 - __main__ - INFO - Updated general beds for hospital 1 to 989
2025-09-11 14:09:38,909 - httpx - INFO - HTTP Request: GET http://localhost:8002/api/beds/current/2 "HTTP/1.1 200 OK"
2025-09-11 14:09:38,927 - httpx - INFO - HTTP Request: POST http://localhost:8002/api/beds/update "HTTP/1.1 201 Created"
2025-09-11 14:09:38,928 - __main__ - INFO - Updated general beds for hospital 2 to 685
2025-09-11 14:09:38,946 - httpx - INFO - HTTP Request: POST http://localhost:8002/api/beds/update "HTTP/1.1 201 Created"
2025-09-11 14:09:38,946 - __main__ - INFO - Updated icu beds for hospital 2 to 132
2025-09-11 14:09:38,963 - httpx - INFO - HTTP Request: GET http://localhost:8002/api/beds/current/3 "HTTP/1.1 200 OK"
2025-09-11 14:09:38,990 - httpx - INFO - HTTP Request: POST http://localhost:8002/api/beds/update "HTTP/1.1 201 Created"
2025-09-11 14:09:38,991 - __main__ - INFO - Updated general beds for hospital 3 to 287
2025-09-11 14:09:39,016 - httpx - INFO - HTTP Request: POST http://localhost:8002/api/beds/update "HTTP/1.1 201 Created"
2025-09-11 14:09:39,017 - __main__ - INFO - Updated icu beds for hospital 3 to 41
2025-09-11 14:09:59,044 - httpx - INFO - HTTP Request: GET http://localhost:8002/api/beds/current/1 "HTTP/1.1 200 OK"
2025-09-11 14:09:59,062 - httpx - INFO - HTTP Request: POST http://localhost:8002/api/beds/update "HTTP/1.1 201 Created"
2025-09-11 14:09:59,062 - __main__ - INFO - Updated general beds for hospital 1 to 990
2025-09-11 14:09:59,076 - httpx - INFO - HTTP Request: POST http://localhost:8002/api/beds/update "HTTP/1.1 201 Created"
2025-09-11 14:09:59,076 - __main__ - INFO - Updated icu beds for hospital 1 to 194
2025-09-11 14:09:59,088 - httpx - INFO - HTTP Request: GET http://localhost:8002/api/beds/current/2 "HTTP/1.1 200 OK"
2025-09-11 14:09:59,099 - httpx - INFO - HTTP Request: POST http://localhost:8002/api/beds/update "HTTP/1.1 201 Created"
2025-09-11 14:09:59,099 - __main__ - INFO - Updated general beds for hospital 2 to 686
2025-09-11 14:09:59,111 - httpx - INFO - HTTP Request: POST http://localhost:8002/api/beds/update "HTTP/1.1 201 Created"
2025-09-11 14:09:59,111 - __main__ - INFO - Updated icu beds for hospital 2 to 131
2025-09-11 14:09:59,124 - httpx - INFO - HTTP Request: GET http://localhost:8002/api/beds/current/3 "HTTP/1.1 200 OK"
2025-09-11 14:09:59,136 - httpx - INFO - HTTP Request: POST http://localhost:8002/api/beds/update "HTTP/1.1 201 Created"
2025-09-11 14:09:59,136 - __main__ - INFO - Updated general beds for hospital 3 to 290
2025-09-11 14:09:59,147 - httpx - INFO - HTTP Request: POST http://localhost:8002/api/beds/update "HTTP/1.1 201 Created"
2025-09-11 14:09:59,147 - __main__ - INFO - Updated icu beds for hospital 3 to 42
2025-09-11 14:10:19,188 - httpx - INFO - HTTP Request: GET http://localhost:8002/api/beds/current/1 "HTTP/1.1 200 OK"
2025-09-11 14:10:19,217 - httpx - INFO - HTTP Request: POST http://localhost:8002/api/beds/update "HTTP/1.1 201 Created"
2025-09-11 14:10:19,218 - __main__ - INFO - Updated general beds for hospital 1 to 988
2025-09-11 14:10:19,234 - httpx - INFO - HTTP Request: POST http://localhost:8002/api/beds/update "HTTP/1.1 201 Created"
2025-09-11 14:10:19,234 - __main__ - INFO - Updated icu beds for hospital 1 to 195
2025-09-11 14:10:19,250 - httpx - INFO - HTTP Request: GET http://localhost:8002/api/beds/current/2 "HTTP/1.1 200 OK"
2025-09-11 14:10:19,268 - httpx - INFO - HTTP Request: POST http://localhost:8002/api/beds/update "HTTP/1.1 201 Created"
2025-09-11 14:10:19,268 - __main__ - INFO - Updated general beds for hospital 2 to 686
2025-09-11 14:10:19,283 - httpx - INFO - HTTP Request: POST http://localhost:8002/api/beds/update "HTTP/1.1 201 Created"
2025-09-11 14:10:19,283 - __main__ - INFO - Updated icu beds for hospital 2 to 130
2025-09-11 14:10:19,306 - httpx - INFO - HTTP Request: GET http://localhost:8002/api/beds/current/3 "HTTP/1.1 200 OK"
2025-09-11 14:10:19,323 - httpx - INFO - HTTP Request: POST http://localhost:8002/api/beds/update "HTTP/1.1 201 Created"
2025-09-11 14:10:19,323 - __main__ - INFO - Updated general beds for hospital 3 to 291
2025-09-11 14:10:39,379 - httpx - INFO - HTTP Request: GET http://localhost:8002/api/beds/current/1 "HTTP/1.1 200 OK"
2025-09-11 14:10:39,402 - httpx - INFO - HTTP Request: POST http://localhost:8002/api/beds/update "HTTP/1.1 201 Created"
2025-09-11 14:10:39,402 - __main__ - INFO - Updated general beds for hospital 1 to 989
2025-09-11 14:10:39,418 - httpx - INFO - HTTP Request: POST http://localhost:8002/api/beds/update "HTTP/1.1 201 Created"
2025-09-11 14:10:39,418 - __main__ - INFO - Updated icu beds for hospital 1 to 194
2025-09-11 14:10:39,433 - httpx - INFO - HTTP Request: GET http://localhost:8002/api/beds/current/2 "HTTP/1.1 200 OK"
2025-09-11 14:10:39,451 - httpx - INFO - HTTP Request: POST http://localhost:8002/api/beds/update "HTTP/1.1 201 Created"
2025-09-11 14:10:39,451 - __main__ - INFO - Updated general beds for hospital 2 to 686
2025-09-11 14:10:39,463 - httpx - INFO - HTTP Request: GET http://localhost:8002/api/beds/current/3 "HTTP/1.1 200 OK"
2025-09-11 14:10:39,485 - httpx - INFO - HTTP Request: POST http://localhost:8002/api/beds/update "HTTP/1.1 201 Created"
2025-09-11 14:10:39,559 - __main__ - INFO - Updated general beds for hospital 3 to 289
2025-09-11 14:10:59,589 - httpx - INFO - HTTP Request: GET http://localhost:8002/api/beds/current/1 "HTTP/1.1 200 OK"
2025-09-11 14:10:59,607 - httpx - INFO - HTTP Request: POST http://localhost:8002/api/beds/update "HTTP/1.1 201 Created"
2025-09-11 14:10:59,608 - __main__ - INFO - Updated general beds for hospital 1 to 990
2025-09-11 14:10:59,620 - httpx - INFO - HTTP Request: POST http://localhost:8002/api/beds/update "HTTP/1.1 201 Created"
2025-09-11 14:10:59,620 - __main__ - INFO - Updated icu beds for hospital 1 to 192
2025-09-11 14:10:59,630 - httpx - INFO - HTTP Request: GET http://localhost:8002/api/beds/current/2 "HTTP/1.1 200 OK"
2025-09-11 14:10:59,649 - httpx - INFO - HTTP Request: POST http://localhost:8002/api/beds/update "HTTP/1.1 201 Created"
2025-09-11 14:10:59,649 - __main__ - INFO - Updated general beds for hospital 2 to 686
2025-09-11 14:10:59,661 - httpx - INFO - HTTP Request: POST http://localhost:8002/api/beds/update "HTTP/1.1 201 Created"
2025-09-11 14:10:59,661 - __main__ - INFO - Updated icu beds for hospital 2 to 131
2025-09-11 14:10:59,671 - httpx - INFO - HTTP Request: GET http://localhost:8002/api/beds/current/3 "HTTP/1.1 200 OK"
2025-09-11 14:10:59,696 - httpx - INFO - HTTP Request: POST http://localhost:8002/api/beds/update "HTTP/1.1 201 Created"
2025-09-11 14:10:59,696 - __main__ - INFO - Updated general beds for hospital 3 to 288
2025-09-11 14:10:59,720 - httpx - INFO - HTTP Request: POST http://localhost:8002/api/beds/update "HTTP/1.1 201 Created"
2025-09-11 14:10:59,720 - __main__ - INFO - Updated icu beds for hospital 3 to 40
2025-09-11 14:11:19,780 - httpx - INFO - HTTP Request: GET http://localhost:8002/api/beds/current/1 "HTTP/1.1 200 OK"
2025-09-11 14:11:19,811 - httpx - INFO - HTTP Request: POST http://localhost:8002/api/beds/update "HTTP/1.1 201 Created"
2025-09-11 14:11:19,811 - __main__ - INFO - Updated general beds for hospital 1 to 993
2025-09-11 14:11:19,828 - httpx - INFO - HTTP Request: POST http://localhost:8002/api/beds/update "HTTP/1.1 201 Created"
2025-09-11 14:11:19,828 - __main__ - INFO - Updated icu beds for hospital 1 to 193
2025-09-11 14:11:19,843 - httpx - INFO - HTTP Request: GET http://localhost:8002/api/beds/current/2 "HTTP/1.1 200 OK"
2025-09-11 14:11:19,857 - httpx - INFO - HTTP Request: POST http://localhost:8002/api/beds/update "HTTP/1.1 201 Created"
2025-09-11 14:11:19,858 - __main__ - INFO - Updated general beds for hospital 2 to 685
2025-09-11 14:11:19,881 - httpx - INFO - HTTP Request: POST http://localhost:8002/api/beds/update "HTTP/1.1 201 Created"
2025-09-11 14:11:19,881 - __main__ - INFO - Updated icu beds for hospital 2 to 132
2025-09-11 14:11:19,899 - httpx - INFO - HTTP Request: GET http://localhost:8002/api/beds/current/3 "HTTP/1.1 200 OK"
2025-09-11 14:11:19,918 - httpx - INFO - HTTP Request: POST http://localhost:8002/api/beds/update "HTTP/1.1 201 Created"
2025-09-11 14:11:19,919 - __main__ - INFO - Updated general beds for hospital 3 to 291
2025-09-11 14:11:19,945 - httpx - INFO - HTTP Request: POST http://localhost:8002/api/beds/update "HTTP/1.1 201 Created"
2025-09-11 14:11:19,945 - __main__ - INFO - Updated icu beds for hospital 3 to 38
2025-09-11 14:11:39,980 - httpx - INFO - HTTP Request: GET http://localhost:8002/api/beds/current/1 "HTTP/1.1 200 OK"
2025-09-11 14:11:40,004 - httpx - INFO - HTTP Request: POST http://localhost:8002/api/beds/update "HTTP/1.1 201 Created"
2025-09-11 14:11:40,005 - __main__ - INFO - Updated general beds for hospital 1 to 991
2025-09-11 14:11:40,024 - httpx - INFO - HTTP Request: POST http://localhost:8002/api/beds/update "HTTP/1.1 201 Created"
2025-09-11 14:11:40,024 - __main__ - INFO - Updated icu beds for hospital 1 to 195
2025-09-11 14:11:40,039 - httpx - INFO - HTTP Request: GET http://localhost:8002/api/beds/current/2 "HTTP/1.1 200 OK"
2025-09-11 14:11:40,056 - httpx - INFO - HTTP Request: POST http://localhost:8002/api/beds/update "HTTP/1.1 201 Created"
2025-09-11 14:11:40,057 - __main__ - INFO - Updated general beds for hospital 2 to 686
2025-09-11 14:11:40,074 - httpx - INFO - HTTP Request: POST http://localhost:8002/api/beds/update "HTTP/1.1 201 Created"
2025-09-11 14:11:40,075 - __main__ - INFO - Updated icu beds for hospital 2 to 131
2025-09-11 14:11:40,089 - httpx - INFO - HTTP Request: GET http://localhost:8002/api/beds/current/3 "HTTP/1.1 200 OK"
2025-09-11 14:11:40,106 - httpx - INFO - HTTP Request: POST http://localhost:8002/api/beds/update "HTTP/1.1 201 Created"
2025-09-11 14:11:40,106 - __main__ - INFO - Updated general beds for hospital 3 to 290
2025-09-11 14:12:00,137 - httpx - INFO - HTTP Request: GET http://localhost:8002/api/beds/current/1 "HTTP/1.1 200 OK"
2025-09-11 14:12:00,155 - httpx - INFO - HTTP Request: POST http://localhost:8002/api/beds/update "HTTP/1.1 201 Created"
2025-09-11 14:12:00,156 - __main__ - INFO - Updated general beds for hospital 1 to 994
2025-09-11 14:12:00,169 - httpx - INFO - HTTP Request: POST http://localhost:8002/api/beds/update "HTTP/1.1 201 Created"
2025-09-11 14:12:00,170 - __main__ - INFO - Updated icu beds for hospital 1 to 197
2025-09-11 14:12:00,190 - httpx - INFO - HTTP Request: GET http://localhost:8002/api/beds/current/2 "HTTP/1.1 200 OK"
2025-09-11 14:12:00,203 - httpx - INFO - HTTP Request: POST http://localhost:8002/api/beds/update "HTTP/1.1 201 Created"
2025-09-11 14:12:00,204 - __main__ - INFO - Updated icu beds for hospital 2 to 129
2025-09-11 14:12:00,213 - httpx - INFO - HTTP Request: GET http://localhost:8002/api/beds/current/3 "HTTP/1.1 200 OK"
2025-09-11 14:12:00,224 - httpx - INFO - HTTP Request: POST http://localhost:8002/api/beds/update "HTTP/1.1 201 Created"
2025-09-11 14:12:00,225 - __main__ - INFO - Updated general beds for hospital 3 to 291
2025-09-11 14:12:35,661 - httpx - INFO - HTTP Request: GET http://localhost:8002/api/beds/current/1 "HTTP/1.1 200 OK"
2025-09-11 14:12:35,688 - httpx - INFO - HTTP Request: POST http://localhost:8002/api/beds/update "HTTP/1.1 201 Created"
2025-09-11 14:12:35,689 - __main__ - INFO - Updated icu beds for hospital 1 to 196
2025-09-11 14:12:35,701 - httpx - INFO - HTTP Request: GET http://localhost:8002/api/beds/current/2 "HTTP/1.1 200 OK"
2025-09-11 14:12:35,717 - httpx - INFO - HTTP Request: POST http://localhost:8002/api/beds/update "HTTP/1.1 201 Created"
2025-09-11 14:12:35,717 - __main__ - INFO - Updated general beds for hospital 2 to 686
2025-09-11 14:12:35,741 - httpx - INFO - HTTP Request: POST http://localhost:8002/api/beds/update "HTTP/1.1 201 Created"
2025-09-11 14:12:35,741 - __main__ - INFO - Updated icu beds for hospital 2 to 131
2025-09-11 14:12:35,761 - httpx - INFO - HTTP Request: GET http://localhost:8002/api/beds/current/3 "HTTP/1.1 200 OK"
2025-09-11 14:12:35,879 - httpx - INFO - HTTP Request: POST http://localhost:8002/api/beds/update "HTTP/1.1 201 Created"
2025-09-11 14:12:35,879 - __main__ - INFO - Updated general beds for hospital 3 to 289
2025-09-11 14:12:35,899 - httpx - INFO - HTTP Request: POST http://localhost:8002/api/beds/update "HTTP/1.1 201 Created"
2025-09-11 14:12:35,899 - __main__ - INFO - Updated icu beds for hospital 3 to 40
2025-09-11 14:13:44,739 - httpx - INFO - HTTP Request: GET http://localhost:8002/api/beds/current/1 "HTTP/1.1 200 OK"
2025-09-11 14:13:44,755 - httpx - INFO - HTTP Request: POST http://localhost:8002/api/beds/update "HTTP/1.1 201 Created"
2025-09-11 14:13:44,755 - __main__ - INFO - Updated general beds for hospital 1 to 996
2025-09-11 14:13:44,767 - httpx - INFO - HTTP Request: POST http://localhost:8002/api/beds/update "HTTP/1.1 201 Created"
2025-09-11 14:13:44,768 - __main__ - INFO - Updated icu beds for hospital 1 to 197
2025-09-11 14:13:44,778 - httpx - INFO - HTTP Request: GET http://localhost:8002/api/beds/current/2 "HTTP/1.1 200 OK"
2025-09-11 14:13:44,790 - httpx - INFO - HTTP Request: POST http://localhost:8002/api/beds/update "HTTP/1.1 201 Created"
2025-09-11 14:13:44,791 - __main__ - INFO - Updated general beds for hospital 2 to 683
2025-09-11 14:13:44,804 - httpx - INFO - HTTP Request: POST http://localhost:8002/api/beds/update "HTTP/1.1 201 Created"
2025-09-11 14:13:44,804 - __main__ - INFO - Updated icu beds for hospital 2 to 129
2025-09-11 14:13:44,813 - httpx - INFO - HTTP Request: GET http://localhost:8002/api/beds/current/3 "HTTP/1.1 200 OK"
2025-09-11 14:13:44,825 - httpx - INFO - HTTP Request: POST http://localhost:8002/api/beds/update "HTTP/1.1 201 Created"
2025-09-11 14:13:44,825 - __main__ - INFO - Updated icu beds for hospital 3 to 41
2025-09-11 14:14:04,924 - httpx - INFO - HTTP Request: GET http://localhost:8002/api/beds/current/1 "HTTP/1.1 200 OK"
2025-09-11 14:14:04,952 - httpx - INFO - HTTP Request: POST http://localhost:8002/api/beds/update "HTTP/1.1 201 Created"
2025-09-11 14:14:04,952 - __main__ - INFO - Updated general beds for hospital 1 to 993
2025-09-11 14:14:04,969 - httpx - INFO - HTTP Request: POST http://localhost:8002/api/beds/update "HTTP/1.1 201 Created"
2025-09-11 14:14:04,970 - __main__ - INFO - Updated icu beds for hospital 1 to 195
2025-09-11 14:14:04,994 - httpx - INFO - HTTP Request: GET http://localhost:8002/api/beds/current/2 "HTTP/1.1 200 OK"
2025-09-11 14:14:05,014 - httpx - INFO - HTTP Request: POST http://localhost:8002/api/beds/update "HTTP/1.1 201 Created"
2025-09-11 14:14:05,014 - __main__ - INFO - Updated general beds for hospital 2 to 682
2025-09-11 14:14:05,034 - httpx - INFO - HTTP Request: POST http://localhost:8002/api/beds/update "HTTP/1.1 201 Created"
2025-09-11 14:14:05,034 - __main__ - INFO - Updated icu beds for hospital 2 to 128
2025-09-11 14:14:05,050 - httpx - INFO - HTTP Request: GET http://localhost:8002/api/beds/current/3 "HTTP/1.1 200 OK"
2025-09-11 14:14:05,069 - httpx - INFO - HTTP Request: POST http://localhost:8002/api/beds/update "HTTP/1.1 201 Created"
2025-09-11 14:14:05,070 - __main__ - INFO - Updated general beds for hospital 3 to 290
2025-09-11 14:14:05,087 - httpx - INFO - HTTP Request: POST http://localhost:8002/api/beds/update "HTTP/1.1 201 Created"
2025-09-11 14:14:05,088 - __main__ - INFO - Updated icu beds for hospital 3 to 43
2025-09-11 14:14:25,122 - httpx - INFO - HTTP Request: GET http://localhost:8002/api/beds/current/1 "HTTP/1.1 200 OK"
2025-09-11 14:14:25,148 - httpx - INFO - HTTP Request: POST http://localhost:8002/api/beds/update "HTTP/1.1 201 Created"
2025-09-11 14:14:25,149 - __main__ - INFO - Updated general beds for hospital 1 to 995
2025-09-11 14:14:25,163 - httpx - INFO - HTTP Request: POST http://localhost:8002/api/beds/update "HTTP/1.1 201 Created"
2025-09-11 14:14:25,164 - __main__ - INFO - Updated icu beds for hospital 1 to 194
2025-09-11 14:14:25,178 - httpx - INFO - HTTP Request: GET http://localhost:8002/api/beds/current/2 "HTTP/1.1 200 OK"
2025-09-11 14:14:25,194 - httpx - INFO - HTTP Request: POST http://localhost:8002/api/beds/update "HTTP/1.1 201 Created"
2025-09-11 14:14:25,194 - __main__ - INFO - Updated general beds for hospital 2 to 681
2025-09-11 14:14:25,206 - httpx - INFO - HTTP Request: POST http://localhost:8002/api/beds/update "HTTP/1.1 201 Created"
2025-09-11 14:14:25,207 - __main__ - INFO - Updated icu beds for hospital 2 to 130
2025-09-11 14:14:25,217 - httpx - INFO - HTTP Request: GET http://localhost:8002/api/beds/current/3 "HTTP/1.1 200 OK"
2025-09-11 14:14:25,234 - httpx - INFO - HTTP Request: POST http://localhost:8002/api/beds/update "HTTP/1.1 201 Created"
2025-09-11 14:14:25,234 - __main__ - INFO - Updated general beds for hospital 3 to 287
2025-09-11 14:14:25,248 - httpx - INFO - HTTP Request: POST http://localhost:8002/api/beds/update "HTTP/1.1 201 Created"
2025-09-11 14:14:25,248 - __main__ - INFO - Updated icu beds for hospital 3 to 44
2025-09-11 14:14:45,317 - httpx - INFO - HTTP Request: GET http://localhost:8002/api/beds/current/1 "HTTP/1.1 200 OK"
2025-09-11 14:14:45,363 - httpx - INFO - HTTP Request: POST http://localhost:8002/api/beds/update "HTTP/1.1 201 Created"
2025-09-11 14:14:45,364 - __main__ - INFO - Updated general beds for hospital 1 to 993
2025-09-11 14:14:45,420 - httpx - INFO - HTTP Request: GET http://localhost:8002/api/beds/current/2 "HTTP/1.1 200 OK"
2025-09-11 14:14:45,476 - httpx - INFO - HTTP Request: POST http://localhost:8002/api/beds/update "HTTP/1.1 201 Created"
2025-09-11 14:14:45,483 - __main__ - INFO - Updated general beds for hospital 2 to 682
2025-09-11 14:14:45,518 - httpx - INFO - HTTP Request: GET http://localhost:8002/api/beds/current/3 "HTTP/1.1 200 OK"
2025-09-11 14:14:45,564 - httpx - INFO - HTTP Request: POST http://localhost:8002/api/beds/update "HTTP/1.1 201 Created"
2025-09-11 14:14:45,564 - __main__ - INFO - Updated general beds for hospital 3 to 286
2025-09-11 14:14:45,603 - httpx - INFO - HTTP Request: POST http://localhost:8002/api/beds/update "HTTP/1.1 201 Created"
2025-09-11 14:14:45,604 - __main__ - INFO - Updated icu beds for hospital 3 to 46
2025-09-11 14:15:05,637 - httpx - INFO - HTTP Request: GET http://localhost:8002/api/beds/current/1 "HTTP/1.1 200 OK"
2025-09-11 14:15:05,663 - httpx - INFO - HTTP Request: POST http://localhost:8002/api/beds/update "HTTP/1.1 201 Created"
2025-09-11 14:15:05,664 - __main__ - INFO - Updated general beds for hospital 1 to 994
2025-09-11 14:15:05,683 - httpx - INFO - HTTP Request: POST http://localhost:8002/api/beds/update "HTTP/1.1 201 Created"
2025-09-11 14:15:05,683 - __main__ - INFO - Updated icu beds for hospital 1 to 192
2025-09-11 14:15:05,700 - httpx - INFO - HTTP Request: GET http://localhost:8002/api/beds/current/2 "HTTP/1.1 200 OK"
2025-09-11 14:15:05,782 - httpx - INFO - HTTP Request: POST http://localhost:8002/api/beds/update "HTTP/1.1 201 Created"
2025-09-11 14:15:05,782 - __main__ - INFO - Updated general beds for hospital 2 to 685
2025-09-11 14:15:05,796 - httpx - INFO - HTTP Request: GET http://localhost:8002/api/beds/current/3 "HTTP/1.1 200 OK"
2025-09-11 14:15:05,813 - httpx - INFO - HTTP Request: POST http://localhost:8002/api/beds/update "HTTP/1.1 201 Created"
2025-09-11 14:15:05,814 - __main__ - INFO - Updated general beds for hospital 3 to 289
2025-09-11 14:15:05,833 - httpx - INFO - HTTP Request: POST http://localhost:8002/api/beds/update "HTTP/1.1 201 Created"
2025-09-11 14:15:05,834 - __main__ - INFO - Updated icu beds for hospital 3 to 45
2025-09-11 14:15:25,848 - httpx - INFO - HTTP Request: GET http://localhost:8002/api/beds/current/1 "HTTP/1.1 200 OK"
2025-09-11 14:15:25,861 - httpx - INFO - HTTP Request: POST http://localhost:8002/api/beds/update "HTTP/1.1 201 Created"
2025-09-11 14:15:25,862 - __main__ - INFO - Updated general beds for hospital 1 to 992
2025-09-11 14:15:25,874 - httpx - INFO - HTTP Request: POST http://localhost:8002/api/beds/update "HTTP/1.1 201 Created"
2025-09-11 14:15:25,874 - __main__ - INFO - Updated icu beds for hospital 1 to 191
2025-09-11 14:15:25,884 - httpx - INFO - HTTP Request: GET http://localhost:8002/api/beds/current/2 "HTTP/1.1 200 OK"
2025-09-11 14:15:25,897 - httpx - INFO - HTTP Request: POST http://localhost:8002/api/beds/update "HTTP/1.1 201 Created"
2025-09-11 14:15:25,898 - __main__ - INFO - Updated general beds for hospital 2 to 686
2025-09-11 14:15:25,911 - httpx - INFO - HTTP Request: POST http://localhost:8002/api/beds/update "HTTP/1.1 201 Created"
2025-09-11 14:15:25,911 - __main__ - INFO - Updated icu beds for hospital 2 to 128
2025-09-11 14:15:25,924 - httpx - INFO - HTTP Request: GET http://localhost:8002/api/beds/current/3 "HTTP/1.1 200 OK"
2025-09-11 14:15:25,937 - httpx - INFO - HTTP Request: POST http://localhost:8002/api/beds/update "HTTP/1.1 201 Created"
2025-09-11 14:15:25,937 - __main__ - INFO - Updated general beds for hospital 3 to 286
2025-09-11 14:15:45,962 - httpx - INFO - HTTP Request: GET http://localhost:8002/api/beds/current/1 "HTTP/1.1 200 OK"
2025-09-11 14:15:45,976 - httpx - INFO - HTTP Request: POST http://localhost:8002/api/beds/update "HTTP/1.1 201 Created"
2025-09-11 14:15:45,976 - __main__ - INFO - Updated icu beds for hospital 1 to 190
2025-09-11 14:15:45,987 - httpx - INFO - HTTP Request: GET http://localhost:8002/api/beds/current/2 "HTTP/1.1 200 OK"
2025-09-11 14:15:45,998 - httpx - INFO - HTTP Request: POST http://localhost:8002/api/beds/update "HTTP/1.1 201 Created"
2025-09-11 14:15:45,998 - __main__ - INFO - Updated general beds for hospital 2 to 684
2025-09-11 14:15:46,010 - httpx - INFO - HTTP Request: POST http://localhost:8002/api/beds/update "HTTP/1.1 201 Created"
2025-09-11 14:15:46,010 - __main__ - INFO - Updated icu beds for hospital 2 to 127
2025-09-11 14:15:46,023 - httpx - INFO - HTTP Request: GET http://localhost:8002/api/beds/current/3 "HTTP/1.1 200 OK"
2025-09-11 14:15:46,034 - httpx - INFO - HTTP Request: POST http://localhost:8002/api/beds/update "HTTP/1.1 201 Created"
2025-09-11 14:15:46,035 - __main__ - INFO - Updated general beds for hospital 3 to 283
2025-09-11 14:15:46,046 - httpx - INFO - HTTP Request: POST http://localhost:8002/api/beds/update "HTTP/1.1 201 Created"
2025-09-11 14:15:46,046 - __main__ - INFO - Updated icu beds for hospital 3 to 44
2025-09-11 14:16:06,067 - httpx - INFO - HTTP Request: GET http://localhost:8002/api/beds/current/1 "HTTP/1.1 200 OK"
2025-09-11 14:16:06,080 - httpx - INFO - HTTP Request: POST http://localhost:8002/api/beds/update "HTTP/1.1 201 Created"
2025-09-11 14:16:06,080 - __main__ - INFO - Updated general beds for hospital 1 to 993
2025-09-11 14:16:06,092 - httpx - INFO - HTTP Request: POST http://localhost:8002/api/beds/update "HTTP/1.1 201 Created"
2025-09-11 14:16:06,092 - __main__ - INFO - Updated icu beds for hospital 1 to 192
2025-09-11 14:16:06,100 - httpx - INFO - HTTP Request: GET http://localhost:8002/api/beds/current/2 "HTTP/1.1 200 OK"
2025-09-11 14:16:06,110 - httpx - INFO - HTTP Request: POST http://localhost:8002/api/beds/update "HTTP/1.1 201 Created"
2025-09-11 14:16:06,111 - __main__ - INFO - Updated general beds for hospital 2 to 682
2025-09-11 14:16:06,121 - httpx - INFO - HTTP Request: POST http://localhost:8002/api/beds/update "HTTP/1.1 201 Created"
2025-09-11 14:16:06,122 - __main__ - INFO - Updated icu beds for hospital 2 to 128
2025-09-11 14:16:06,129 - httpx - INFO - HTTP Request: GET http://localhost:8002/api/beds/current/3 "HTTP/1.1 200 OK"
2025-09-11 14:16:06,139 - httpx - INFO - HTTP Request: POST http://localhost:8002/api/beds/update "HTTP/1.1 201 Created"
2025-09-11 14:16:06,140 - __main__ - INFO - Updated icu beds for hospital 3 to 46
2025-09-11 14:16:26,156 - httpx - INFO - HTTP Request: GET http://localhost:8002/api/beds/current/1 "HTTP/1.1 200 OK"
2025-09-11 14:16:26,169 - httpx - INFO - HTTP Request: POST http://localhost:8002/api/beds/update "HTTP/1.1 201 Created"
2025-09-11 14:16:26,169 - __main__ - INFO - Updated icu beds for hospital 1 to 194
2025-09-11 14:16:26,179 - httpx - INFO - HTTP Request: GET http://localhost:8002/api/beds/current/2 "HTTP/1.1 200 OK"
2025-09-11 14:16:26,190 - httpx - INFO - HTTP Request: POST http://localhost:8002/api/beds/update "HTTP/1.1 201 Created"
2025-09-11 14:16:26,191 - __main__ - INFO - Updated general beds for hospital 2 to 679
2025-09-11 14:16:26,202 - httpx - INFO - HTTP Request: POST http://localhost:8002/api/beds/update "HTTP/1.1 201 Created"
2025-09-11 14:16:26,202 - __main__ - INFO - Updated icu beds for hospital 2 to 127
2025-09-11 14:16:26,211 - httpx - INFO - HTTP Request: GET http://localhost:8002/api/beds/current/3 "HTTP/1.1 200 OK"
2025-09-11 14:16:26,223 - httpx - INFO - HTTP Request: POST http://localhost:8002/api/beds/update "HTTP/1.1 201 Created"
2025-09-11 14:16:26,224 - __main__ - INFO - Updated icu beds for hospital 3 to 47
2025-09-11 14:16:46,266 - httpx - INFO - HTTP Request: GET http://localhost:8002/api/beds/current/1 "HTTP/1.1 200 OK"
2025-09-11 14:16:46,308 - httpx - INFO - HTTP Request: POST http://localhost:8002/api/beds/update "HTTP/1.1 201 Created"
2025-09-11 14:16:46,308 - __main__ - INFO - Updated icu beds for hospital 1 to 195
2025-09-11 14:16:46,323 - httpx - INFO - HTTP Request: GET http://localhost:8002/api/beds/current/2 "HTTP/1.1 200 OK"
2025-09-11 14:16:46,341 - httpx - INFO - HTTP Request: POST http://localhost:8002/api/beds/update "HTTP/1.1 201 Created"
2025-09-11 14:16:46,396 - __main__ - INFO - Updated general beds for hospital 2 to 680
2025-09-11 14:16:46,412 - httpx - INFO - HTTP Request: GET http://localhost:8002/api/beds/current/3 "HTTP/1.1 200 OK"
2025-09-11 14:16:46,425 - httpx - INFO - HTTP Request: POST http://localhost:8002/api/beds/update "HTTP/1.1 201 Created"
2025-09-11 14:16:46,425 - __main__ - INFO - Updated general beds for hospital 3 to 280
2025-09-11 14:16:46,446 - httpx - INFO - HTTP Request: POST http://localhost:8002/api/beds/update "HTTP/1.1 201 Created"
2025-09-11 14:16:46,446 - __main__ - INFO - Updated icu beds for hospital 3 to 49
2025-09-11 14:17:06,478 - httpx - INFO - HTTP Request: GET http://localhost:8002/api/beds/current/1 "HTTP/1.1 200 OK"
2025-09-11 14:17:06,499 - httpx - INFO - HTTP Request: POST http://localhost:8002/api/beds/update "HTTP/1.1 201 Created"
2025-09-11 14:17:06,499 - __main__ - INFO - Updated general beds for hospital 1 to 994
2025-09-11 14:17:06,514 - httpx - INFO - HTTP Request: GET http://localhost:8002/api/beds/current/2 "HTTP/1.1 200 OK"
2025-09-11 14:17:06,530 - httpx - INFO - HTTP Request: POST http://localhost:8002/api/beds/update "HTTP/1.1 201 Created"
2025-09-11 14:17:06,530 - __main__ - INFO - Updated general beds for hospital 2 to 679
2025-09-11 14:17:06,546 - httpx - INFO - HTTP Request: POST http://localhost:8002/api/beds/update "HTTP/1.1 201 Created"
2025-09-11 14:17:06,547 - __main__ - INFO - Updated icu beds for hospital 2 to 128
2025-09-11 14:17:06,561 - httpx - INFO - HTTP Request: GET http://localhost:8002/api/beds/current/3 "HTTP/1.1 200 OK"
2025-09-11 14:17:06,579 - httpx - INFO - HTTP Request: POST http://localhost:8002/api/beds/update "HTTP/1.1 201 Created"
2025-09-11 14:17:06,579 - __main__ - INFO - Updated general beds for hospital 3 to 281
2025-09-11 14:17:06,598 - httpx - INFO - HTTP Request: POST http://localhost:8002/api/beds/update "HTTP/1.1 201 Created"
2025-09-11 14:17:06,599 - __main__ - INFO - Updated icu beds for hospital 3 to 48
2025-09-11 14:17:26,645 - httpx - INFO - HTTP Request: GET http://localhost:8002/api/beds/current/1 "HTTP/1.1 200 OK"
2025-09-11 14:17:26,663 - httpx - INFO - HTTP Request: POST http://localhost:8002/api/beds/update "HTTP/1.1 201 Created"
2025-09-11 14:17:26,663 - __main__ - INFO - Updated general beds for hospital 1 to 993
2025-09-11 14:17:26,677 - httpx - INFO - HTTP Request: POST http://localhost:8002/api/beds/update "HTTP/1.1 201 Created"
2025-09-11 14:17:26,678 - __main__ - INFO - Updated icu beds for hospital 1 to 197
2025-09-11 14:17:26,693 - httpx - INFO - HTTP Request: GET http://localhost:8002/api/beds/current/2 "HTTP/1.1 200 OK"
2025-09-11 14:17:26,708 - httpx - INFO - HTTP Request: POST http://localhost:8002/api/beds/update "HTTP/1.1 201 Created"
2025-09-11 14:17:26,708 - __main__ - INFO - Updated general beds for hospital 2 to 681
2025-09-11 14:17:26,721 - httpx - INFO - HTTP Request: GET http://localhost:8002/api/beds/current/3 "HTTP/1.1 200 OK"
2025-09-11 14:17:26,735 - httpx - INFO - HTTP Request: POST http://localhost:8002/api/beds/update "HTTP/1.1 201 Created"
2025-09-11 14:17:26,735 - __main__ - INFO - Updated general beds for hospital 3 to 280
2025-09-11 14:17:26,748 - httpx - INFO - HTTP Request: POST http://localhost:8002/api/beds/update "HTTP/1.1 201 Created"
2025-09-11 14:17:26,748 - __main__ - INFO - Updated icu beds for hospital 3 to 47
2025-09-11 14:17:46,789 - httpx - INFO - HTTP Request: GET http://localhost:8002/api/beds/current/1 "HTTP/1.1 200 OK"
2025-09-11 14:17:46,805 - httpx - INFO - HTTP Request: POST http://localhost:8002/api/beds/update "HTTP/1.1 201 Created"
2025-09-11 14:17:46,805 - __main__ - INFO - Updated general beds for hospital 1 to 996
2025-09-11 14:17:46,823 - httpx - INFO - HTTP Request: POST http://localhost:8002/api/beds/update "HTTP/1.1 201 Created"
2025-09-11 14:17:46,823 - __main__ - INFO - Updated icu beds for hospital 1 to 198
2025-09-11 14:17:46,833 - httpx - INFO - HTTP Request: GET http://localhost:8002/api/beds/current/2 "HTTP/1.1 200 OK"
2025-09-11 14:17:46,847 - httpx - INFO - HTTP Request: POST http://localhost:8002/api/beds/update "HTTP/1.1 201 Created"
2025-09-11 14:17:46,848 - __main__ - INFO - Updated general beds for hospital 2 to 679
2025-09-11 14:17:46,865 - httpx - INFO - HTTP Request: POST http://localhost:8002/api/beds/update "HTTP/1.1 201 Created"
2025-09-11 14:17:46,865 - __main__ - INFO - Updated icu beds for hospital 2 to 129
2025-09-11 14:17:46,885 - httpx - INFO - HTTP Request: GET http://localhost:8002/api/beds/current/3 "HTTP/1.1 200 OK"
2025-09-11 14:17:46,917 - httpx - INFO - HTTP Request: POST http://localhost:8002/api/beds/update "HTTP/1.1 201 Created"
2025-09-11 14:17:46,917 - __main__ - INFO - Updated general beds for hospital 3 to 277
2025-09-11 14:17:46,934 - httpx - INFO - HTTP Request: POST http://localhost:8002/api/beds/update "HTTP/1.1 201 Created"
2025-09-11 14:17:46,934 - __main__ - INFO - Updated icu beds for hospital 3 to 48
2025-09-11 14:18:06,956 - httpx - INFO - HTTP Request: GET http://localhost:8002/api/beds/current/1 "HTTP/1.1 200 OK"
2025-09-11 14:18:06,978 - httpx - INFO - HTTP Request: POST http://localhost:8002/api/beds/update "HTTP/1.1 201 Created"
2025-09-11 14:18:06,978 - __main__ - INFO - Updated general beds for hospital 1 to 995
2025-09-11 14:18:06,995 - httpx - INFO - HTTP Request: GET http://localhost:8002/api/beds/current/2 "HTTP/1.1 200 OK"
2025-09-11 14:18:07,014 - httpx - INFO - HTTP Request: POST http://localhost:8002/api/beds/update "HTTP/1.1 201 Created"
2025-09-11 14:18:07,014 - __main__ - INFO - Updated general beds for hospital 2 to 682
2025-09-11 14:18:07,041 - httpx - INFO - HTTP Request: POST http://localhost:8002/api/beds/update "HTTP/1.1 201 Created"
2025-09-11 14:18:07,041 - __main__ - INFO - Updated icu beds for hospital 2 to 128
2025-09-11 14:18:07,057 - httpx - INFO - HTTP Request: GET http://localhost:8002/api/beds/current/3 "HTTP/1.1 200 OK"
2025-09-11 14:18:07,077 - httpx - INFO - HTTP Request: POST http://localhost:8002/api/beds/update "HTTP/1.1 201 Created"
2025-09-11 14:18:07,078 - __main__ - INFO - Updated general beds for hospital 3 to 275
2025-09-11 14:18:07,093 - httpx - INFO - HTTP Request: POST http://localhost:8002/api/beds/update "HTTP/1.1 201 Created"
2025-09-11 14:18:07,094 - __main__ - INFO - Updated icu beds for hospital 3 to 46
2025-09-11 14:18:27,129 - httpx - INFO - HTTP Request: GET http://localhost:8002/api/beds/current/1 "HTTP/1.1 200 OK"
2025-09-11 14:18:27,148 - httpx - INFO - HTTP Request: POST http://localhost:8002/api/beds/update "HTTP/1.1 201 Created"
2025-09-11 14:18:27,148 - __main__ - INFO - Updated general beds for hospital 1 to 997
2025-09-11 14:18:27,164 - httpx - INFO - HTTP Request: GET http://localhost:8002/api/beds/current/2 "HTTP/1.1 200 OK"
2025-09-11 14:18:27,250 - httpx - INFO - HTTP Request: POST http://localhost:8002/api/beds/update "HTTP/1.1 201 Created"
2025-09-11 14:18:27,250 - __main__ - INFO - Updated general beds for hospital 2 to 684
2025-09-11 14:18:27,266 - httpx - INFO - HTTP Request: POST http://localhost:8002/api/beds/update "HTTP/1.1 201 Created"
2025-09-11 14:18:27,266 - __main__ - INFO - Updated icu beds for hospital 2 to 126
2025-09-11 14:18:27,278 - httpx - INFO - HTTP Request: GET http://localhost:8002/api/beds/current/3 "HTTP/1.1 200 OK"
2025-09-11 14:18:27,294 - httpx - INFO - HTTP Request: POST http://localhost:8002/api/beds/update "HTTP/1.1 201 Created"
2025-09-11 14:18:27,295 - __main__ - INFO - Updated general beds for hospital 3 to 278
2025-09-11 14:18:27,310 - httpx - INFO - HTTP Request: POST http://localhost:8002/api/beds/update "HTTP/1.1 201 Created"
2025-09-11 14:18:27,310 - __main__ - INFO - Updated icu beds for hospital 3 to 47
2025-09-11 14:18:47,343 - httpx - INFO - HTTP Request: GET http://localhost:8002/api/beds/current/1 "HTTP/1.1 200 OK"
2025-09-11 14:18:47,366 - httpx - INFO - HTTP Request: POST http://localhost:8002/api/beds/update "HTTP/1.1 201 Created"
2025-09-11 14:18:47,366 - __main__ - INFO - Updated general beds for hospital 1 to 999
2025-09-11 14:18:47,391 - httpx - INFO - HTTP Request: POST http://localhost:8002/api/beds/update "HTTP/1.1 201 Created"
2025-09-11 14:18:47,391 - __main__ - INFO - Updated icu beds for hospital 1 to 197
2025-09-11 14:18:47,406 - httpx - INFO - HTTP Request: GET http://localhost:8002/api/beds/current/2 "HTTP/1.1 200 OK"
2025-09-11 14:18:47,445 - httpx - INFO - HTTP Request: POST http://localhost:8002/api/beds/update "HTTP/1.1 201 Created"
2025-09-11 14:18:47,445 - __main__ - INFO - Updated general beds for hospital 2 to 681
2025-09-11 14:18:47,474 - httpx - INFO - HTTP Request: POST http://localhost:8002/api/beds/update "HTTP/1.1 201 Created"
2025-09-11 14:18:47,474 - __main__ - INFO - Updated icu beds for hospital 2 to 128
2025-09-11 14:18:47,493 - httpx - INFO - HTTP Request: GET http://localhost:8002/api/beds/current/3 "HTTP/1.1 200 OK"
2025-09-11 14:18:47,513 - httpx - INFO - HTTP Request: POST http://localhost:8002/api/beds/update "HTTP/1.1 201 Created"
2025-09-11 14:18:47,513 - __main__ - INFO - Updated general beds for hospital 3 to 275
2025-09-11 14:18:47,533 - httpx - INFO - HTTP Request: POST http://localhost:8002/api/beds/update "HTTP/1.1 201 Created"
2025-09-11 14:18:47,533 - __main__ - INFO - Updated icu beds for hospital 3 to 45
2025-09-11 14:19:07,577 - httpx - INFO - HTTP Request: GET http://localhost:8002/api/beds/current/1 "HTTP/1.1 200 OK"
2025-09-11 14:19:07,604 - httpx - INFO - HTTP Request: POST http://localhost:8002/api/beds/update "HTTP/1.1 201 Created"
2025-09-11 14:19:07,605 - __main__ - INFO - Updated icu beds for hospital 1 to 198
2025-09-11 14:19:07,624 - httpx - INFO - HTTP Request: GET http://localhost:8002/api/beds/current/2 "HTTP/1.1 200 OK"
2025-09-11 14:19:07,644 - httpx - INFO - HTTP Request: POST http://localhost:8002/api/beds/update "HTTP/1.1 201 Created"
2025-09-11 14:19:07,644 - __main__ - INFO - Updated general beds for hospital 2 to 683
2025-09-11 14:19:07,679 - httpx - INFO - HTTP Request: POST http://localhost:8002/api/beds/update "HTTP/1.1 201 Created"
2025-09-11 14:19:07,680 - __main__ - INFO - Updated icu beds for hospital 2 to 127
2025-09-11 14:19:07,709 - httpx - INFO - HTTP Request: GET http://localhost:8002/api/beds/current/3 "HTTP/1.1 200 OK"
2025-09-11 14:19:07,729 - httpx - INFO - HTTP Request: POST http://localhost:8002/api/beds/update "HTTP/1.1 201 Created"
2025-09-11 14:19:07,729 - __main__ - INFO - Updated general beds for hospital 3 to 276
2025-09-11 14:19:07,752 - httpx - INFO - HTTP Request: POST http://localhost:8002/api/beds/update "HTTP/1.1 201 Created"
2025-09-11 14:19:07,752 - __main__ - INFO - Updated icu beds for hospital 3 to 47
2025-09-11 14:19:27,792 - httpx - INFO - HTTP Request: GET http://localhost:8002/api/beds/current/1 "HTTP/1.1 200 OK"
2025-09-11 14:19:27,814 - httpx - INFO - HTTP Request: POST http://localhost:8002/api/beds/update "HTTP/1.1 201 Created"
2025-09-11 14:19:27,814 - __main__ - INFO - Updated general beds for hospital 1 to 1000
2025-09-11 14:19:27,829 - httpx - INFO - HTTP Request: POST http://localhost:8002/api/beds/update "HTTP/1.1 201 Created"
2025-09-11 14:19:27,829 - __main__ - INFO - Updated icu beds for hospital 1 to 200
2025-09-11 14:19:27,841 - httpx - INFO - HTTP Request: GET http://localhost:8002/api/beds/current/2 "HTTP/1.1 200 OK"
2025-09-11 14:19:27,862 - httpx - INFO - HTTP Request: GET http://localhost:8002/api/beds/current/3 "HTTP/1.1 200 OK"
2025-09-11 14:19:27,886 - httpx - INFO - HTTP Request: POST http://localhost:8002/api/beds/update "HTTP/1.1 201 Created"
2025-09-11 14:19:27,887 - __main__ - INFO - Updated general beds for hospital 3 to 279
2025-09-11 14:19:48,083 - httpx - INFO - HTTP Request: GET http://localhost:8002/api/beds/current/1 "HTTP/1.1 200 OK"
2025-09-11 14:19:48,139 - httpx - INFO - HTTP Request: GET http://localhost:8002/api/beds/current/2 "HTTP/1.1 200 OK"
2025-09-11 14:19:48,170 - httpx - INFO - HTTP Request: POST http://localhost:8002/api/beds/update "HTTP/1.1 201 Created"
2025-09-11 14:19:48,171 - __main__ - INFO - Updated general beds for hospital 2 to 684
2025-09-11 14:19:48,200 - httpx - INFO - HTTP Request: POST http://localhost:8002/api/beds/update "HTTP/1.1 201 Created"
2025-09-11 14:19:48,200 - __main__ - INFO - Updated icu beds for hospital 2 to 129
2025-09-11 14:19:48,222 - httpx - INFO - HTTP Request: GET http://localhost:8002/api/beds/current/3 "HTTP/1.1 200 OK"
2025-09-11 14:19:48,262 - httpx - INFO - HTTP Request: POST http://localhost:8002/api/beds/update "HTTP/1.1 201 Created"
2025-09-11 14:19:48,262 - __main__ - INFO - Updated general beds for hospital 3 to 277
2025-09-11 14:19:48,289 - httpx - INFO - HTTP Request: POST http://localhost:8002/api/beds/update "HTTP/1.1 201 Created"
2025-09-11 14:19:48,289 - __main__ - INFO - Updated icu beds for hospital 3 to 49
2025-09-11 14:20:08,351 - httpx - INFO - HTTP Request: GET http://localhost:8002/api/beds/current/1 "HTTP/1.1 200 OK"
2025-09-11 14:20:08,381 - httpx - INFO - HTTP Request: POST http://localhost:8002/api/beds/update "HTTP/1.1 201 Created"
2025-09-11 14:20:08,382 - __main__ - INFO - Updated general beds for hospital 1 to 999
2025-09-11 14:20:08,398 - httpx - INFO - HTTP Request: POST http://localhost:8002/api/beds/update "HTTP/1.1 201 Created"
2025-09-11 14:20:08,399 - __main__ - INFO - Updated icu beds for hospital 1 to 199
2025-09-11 14:20:08,413 - httpx - INFO - HTTP Request: GET http://localhost:8002/api/beds/current/2 "HTTP/1.1 200 OK"
2025-09-11 14:20:08,499 - httpx - INFO - HTTP Request: POST http://localhost:8002/api/beds/update "HTTP/1.1 201 Created"
2025-09-11 14:20:08,499 - __main__ - INFO - Updated general beds for hospital 2 to 681
2025-09-11 14:20:08,514 - httpx - INFO - HTTP Request: POST http://localhost:8002/api/beds/update "HTTP/1.1 201 Created"
2025-09-11 14:20:08,514 - __main__ - INFO - Updated icu beds for hospital 2 to 130
2025-09-11 14:20:08,537 - httpx - INFO - HTTP Request: GET http://localhost:8002/api/beds/current/3 "HTTP/1.1 200 OK"
2025-09-11 14:20:08,558 - httpx - INFO - HTTP Request: POST http://localhost:8002/api/beds/update "HTTP/1.1 201 Created"
2025-09-11 14:20:08,558 - __main__ - INFO - Updated general beds for hospital 3 to 280
2025-09-11 14:20:08,582 - httpx - INFO - HTTP Request: POST http://localhost:8002/api/beds/update "HTTP/1.1 201 Created"
2025-09-11 14:20:08,583 - __main__ - INFO - Updated icu beds for hospital 3 to 47
2025-09-11 14:20:28,621 - httpx - INFO - HTTP Request: GET http://localhost:8002/api/beds/current/1 "HTTP/1.1 200 OK"
2025-09-11 14:20:28,641 - httpx - INFO - HTTP Request: POST http://localhost:8002/api/beds/update "HTTP/1.1 201 Created"
2025-09-11 14:20:28,641 - __main__ - INFO - Updated general beds for hospital 1 to 1000
2025-09-11 14:20:28,662 - httpx - INFO - HTTP Request: POST http://localhost:8002/api/beds/update "HTTP/1.1 201 Created"
2025-09-11 14:20:28,662 - __main__ - INFO - Updated icu beds for hospital 1 to 200
2025-09-11 14:20:28,674 - httpx - INFO - HTTP Request: GET http://localhost:8002/api/beds/current/2 "HTTP/1.1 200 OK"
2025-09-11 14:20:28,689 - httpx - INFO - HTTP Request: POST http://localhost:8002/api/beds/update "HTTP/1.1 201 Created"
2025-09-11 14:20:28,690 - __main__ - INFO - Updated general beds for hospital 2 to 678
2025-09-11 14:20:28,709 - httpx - INFO - HTTP Request: POST http://localhost:8002/api/beds/update "HTTP/1.1 201 Created"
2025-09-11 14:20:28,709 - __main__ - INFO - Updated icu beds for hospital 2 to 132
2025-09-11 14:20:28,720 - httpx - INFO - HTTP Request: GET http://localhost:8002/api/beds/current/3 "HTTP/1.1 200 OK"
2025-09-11 14:20:28,732 - httpx - INFO - HTTP Request: POST http://localhost:8002/api/beds/update "HTTP/1.1 201 Created"
2025-09-11 14:20:28,732 - __main__ - INFO - Updated general beds for hospital 3 to 277
2025-09-11 14:20:28,744 - httpx - INFO - HTTP Request: POST http://localhost:8002/api/beds/update "HTTP/1.1 201 Created"
2025-09-11 14:20:28,744 - __main__ - INFO - Updated icu beds for hospital 3 to 49
2025-09-11 14:20:57,144 - __main__ - INFO - Starting bed simulation for hospitals: [1, 2]
2025-09-11 14:20:57,145 - __main__ - INFO - Update interval: 20 seconds
2025-09-11 14:20:57,298 - httpx - INFO - HTTP Request: GET http://localhost:8002/api/beds/current/1 "HTTP/1.1 200 OK"
2025-09-11 14:20:57,334 - httpx - INFO - HTTP Request: POST http://localhost:8002/api/beds/update "HTTP/1.1 201 Created"
2025-09-11 14:20:57,335 - __main__ - INFO - Updated general beds for hospital 1 to 1000
2025-09-11 14:20:57,358 - httpx - INFO - HTTP Request: POST http://localhost:8002/api/beds/update "HTTP/1.1 201 Created"
2025-09-11 14:20:57,359 - __main__ - INFO - Updated icu beds for hospital 1 to 200
2025-09-11 14:20:57,446 - httpx - INFO - HTTP Request: GET http://localhost:8002/api/beds/current/2 "HTTP/1.1 200 OK"
2025-09-11 14:20:57,606 - httpx - INFO - HTTP Request: POST http://localhost:8002/api/beds/update "HTTP/1.1 201 Created"
2025-09-11 14:20:57,606 - __main__ - INFO - Updated general beds for hospital 2 to 681
2025-09-11 14:20:57,634 - httpx - INFO - HTTP Request: POST http://localhost:8002/api/beds/update "HTTP/1.1 201 Created"
2025-09-11 14:20:57,635 - __main__ - INFO - Updated icu beds for hospital 2 to 134
2025-09-11 14:21:17,676 - httpx - INFO - HTTP Request: GET http://localhost:8002/api/beds/current/1 "HTTP/1.1 200 OK"
2025-09-11 14:21:17,707 - httpx - INFO - HTTP Request: POST http://localhost:8002/api/beds/update "HTTP/1.1 201 Created"
2025-09-11 14:21:17,708 - __main__ - INFO - Updated general beds for hospital 1 to 1000
2025-09-11 14:21:17,734 - httpx - INFO - HTTP Request: POST http://localhost:8002/api/beds/update "HTTP/1.1 201 Created"
2025-09-11 14:21:17,734 - __main__ - INFO - Updated icu beds for hospital 1 to 198
2025-09-11 14:21:17,755 - httpx - INFO - HTTP Request: GET http://localhost:8002/api/beds/current/2 "HTTP/1.1 200 OK"
2025-09-11 14:21:17,777 - httpx - INFO - HTTP Request: POST http://localhost:8002/api/beds/update "HTTP/1.1 201 Created"
2025-09-11 14:21:17,777 - __main__ - INFO - Updated general beds for hospital 2 to 682
2025-09-11 14:21:17,802 - httpx - INFO - HTTP Request: POST http://localhost:8002/api/beds/update "HTTP/1.1 201 Created"
2025-09-11 14:21:17,802 - __main__ - INFO - Updated icu beds for hospital 2 to 132
2025-09-11 14:21:37,850 - httpx - INFO - HTTP Request: GET http://localhost:8002/api/beds/current/1 "HTTP/1.1 200 OK"
2025-09-11 14:21:37,877 - httpx - INFO - HTTP Request: POST http://localhost:8002/api/beds/update "HTTP/1.1 201 Created"
2025-09-11 14:21:37,877 - __main__ - INFO - Updated general beds for hospital 1 to 1000
2025-09-11 14:21:37,891 - httpx - INFO - HTTP Request: GET http://localhost:8002/api/beds/current/2 "HTTP/1.1 200 OK"
2025-09-11 14:21:37,938 - httpx - INFO - HTTP Request: POST http://localhost:8002/api/beds/update "HTTP/1.1 201 Created"
2025-09-11 14:21:37,938 - __main__ - INFO - Updated general beds for hospital 2 to 684
2025-09-11 14:21:57,998 - httpx - INFO - HTTP Request: GET http://localhost:8002/api/beds/current/1 "HTTP/1.1 200 OK"
2025-09-11 14:21:58,027 - httpx - INFO - HTTP Request: POST http://localhost:8002/api/beds/update "HTTP/1.1 201 Created"
2025-09-11 14:21:58,027 - __main__ - INFO - Updated general beds for hospital 1 to 997
2025-09-11 14:21:58,053 - httpx - INFO - HTTP Request: POST http://localhost:8002/api/beds/update "HTTP/1.1 201 Created"
2025-09-11 14:21:58,053 - __main__ - INFO - Updated icu beds for hospital 1 to 200
2025-09-11 14:21:58,081 - httpx - INFO - HTTP Request: GET http://localhost:8002/api/beds/current/2 "HTTP/1.1 200 OK"
2025-09-11 14:21:58,110 - httpx - INFO - HTTP Request: POST http://localhost:8002/api/beds/update "HTTP/1.1 201 Created"
2025-09-11 14:21:58,110 - __main__ - INFO - Updated general beds for hospital 2 to 681
2025-09-11 14:22:18,143 - httpx - INFO - HTTP Request: GET http://localhost:8002/api/beds/current/1 "HTTP/1.1 200 OK"
2025-09-11 14:22:18,168 - httpx - INFO - HTTP Request: POST http://localhost:8002/api/beds/update "HTTP/1.1 201 Created"
2025-09-11 14:22:18,169 - __main__ - INFO - Updated icu beds for hospital 1 to 200
2025-09-11 14:22:18,186 - httpx - INFO - HTTP Request: GET http://localhost:8002/api/beds/current/2 "HTTP/1.1 200 OK"
2025-09-11 14:22:18,202 - httpx - INFO - HTTP Request: POST http://localhost:8002/api/beds/update "HTTP/1.1 201 Created"
2025-09-11 14:22:18,203 - __main__ - INFO - Updated general beds for hospital 2 to 683
2025-09-11 14:22:18,234 - httpx - INFO - HTTP Request: POST http://localhost:8002/api/beds/update "HTTP/1.1 201 Created"
2025-09-11 14:22:18,234 - __main__ - INFO - Updated icu beds for hospital 2 to 134
2025-09-11 14:22:38,264 - httpx - INFO - HTTP Request: GET http://localhost:8002/api/beds/current/1 "HTTP/1.1 200 OK"
2025-09-11 14:22:38,282 - httpx - INFO - HTTP Request: POST http://localhost:8002/api/beds/update "HTTP/1.1 201 Created"
2025-09-11 14:22:38,282 - __main__ - INFO - Updated general beds for hospital 1 to 996
2025-09-11 14:22:38,298 - httpx - INFO - HTTP Request: POST http://localhost:8002/api/beds/update "HTTP/1.1 201 Created"
2025-09-11 14:22:38,298 - __main__ - INFO - Updated icu beds for hospital 1 to 200
2025-09-11 14:22:38,311 - httpx - INFO - HTTP Request: GET http://localhost:8002/api/beds/current/2 "HTTP/1.1 200 OK"
2025-09-11 14:22:38,342 - httpx - INFO - HTTP Request: POST http://localhost:8002/api/beds/update "HTTP/1.1 201 Created"
2025-09-11 14:22:38,342 - __main__ - INFO - Updated icu beds for hospital 2 to 136
2025-09-11 14:22:58,354 - httpx - INFO - HTTP Request: GET http://localhost:8002/api/beds/current/1 "HTTP/1.1 200 OK"
2025-09-11 14:22:58,369 - httpx - INFO - HTTP Request: POST http://localhost:8002/api/beds/update "HTTP/1.1 201 Created"
2025-09-11 14:22:58,369 - __main__ - INFO - Updated general beds for hospital 1 to 995
2025-09-11 14:22:58,381 - httpx - INFO - HTTP Request: POST http://localhost:8002/api/beds/update "HTTP/1.1 201 Created"
2025-09-11 14:22:58,381 - __main__ - INFO - Updated icu beds for hospital 1 to 198
2025-09-11 14:22:58,392 - httpx - INFO - HTTP Request: GET http://localhost:8002/api/beds/current/2 "HTTP/1.1 200 OK"
2025-09-11 14:22:58,405 - httpx - INFO - HTTP Request: POST http://localhost:8002/api/beds/update "HTTP/1.1 201 Created"
2025-09-11 14:22:58,405 - __main__ - INFO - Updated general beds for hospital 2 to 681
2025-09-11 14:22:58,417 - httpx - INFO - HTTP Request: POST http://localhost:8002/api/beds/update "HTTP/1.1 201 Created"
2025-09-11 14:22:58,417 - __main__ - INFO - Updated icu beds for hospital 2 to 137
2025-09-11 14:23:18,442 - httpx - INFO - HTTP Request: GET http://localhost:8002/api/beds/current/1 "HTTP/1.1 200 OK"
2025-09-11 14:23:18,462 - httpx - INFO - HTTP Request: POST http://localhost:8002/api/beds/update "HTTP/1.1 201 Created"
2025-09-11 14:23:18,462 - __main__ - INFO - Updated general beds for hospital 1 to 993
2025-09-11 14:23:18,477 - httpx - INFO - HTTP Request: GET http://localhost:8002/api/beds/current/2 "HTTP/1.1 200 OK"
2025-09-11 14:23:18,492 - httpx - INFO - HTTP Request: POST http://localhost:8002/api/beds/update "HTTP/1.1 201 Created"
2025-09-11 14:23:18,492 - __main__ - INFO - Updated general beds for hospital 2 to 679
2025-09-11 14:23:18,503 - httpx - INFO - HTTP Request: POST http://localhost:8002/api/beds/update "HTTP/1.1 201 Created"
2025-09-11 14:23:18,504 - __main__ - INFO - Updated icu beds for hospital 2 to 137
2025-09-11 14:23:38,523 - httpx - INFO - HTTP Request: GET http://localhost:8002/api/beds/current/1 "HTTP/1.1 200 OK"
2025-09-11 14:23:38,549 - httpx - INFO - HTTP Request: POST http://localhost:8002/api/beds/update "HTTP/1.1 201 Created"
2025-09-11 14:23:38,549 - __main__ - INFO - Updated icu beds for hospital 1 to 197
2025-09-11 14:23:38,564 - httpx - INFO - HTTP Request: GET http://localhost:8002/api/beds/current/2 "HTTP/1.1 200 OK"
2025-09-11 14:23:38,582 - httpx - INFO - HTTP Request: POST http://localhost:8002/api/beds/update "HTTP/1.1 201 Created"
2025-09-11 14:23:38,582 - __main__ - INFO - Updated general beds for hospital 2 to 676
2025-09-11 14:23:38,600 - httpx - INFO - HTTP Request: POST http://localhost:8002/api/beds/update "HTTP/1.1 201 Created"
2025-09-11 14:23:38,600 - __main__ - INFO - Updated icu beds for hospital 2 to 135
2025-09-11 14:23:58,631 - httpx - INFO - HTTP Request: GET http://localhost:8002/api/beds/current/1 "HTTP/1.1 200 OK"
2025-09-11 14:23:58,661 - httpx - INFO - HTTP Request: POST http://localhost:8002/api/beds/update "HTTP/1.1 201 Created"
2025-09-11 14:23:58,709 - __main__ - INFO - Updated general beds for hospital 1 to 994
2025-09-11 14:23:58,732 - httpx - INFO - HTTP Request: POST http://localhost:8002/api/beds/update "HTTP/1.1 201 Created"
2025-09-11 14:23:58,732 - __main__ - INFO - Updated icu beds for hospital 1 to 198
2025-09-11 14:23:58,747 - httpx - INFO - HTTP Request: GET http://localhost:8002/api/beds/current/2 "HTTP/1.1 200 OK"
2025-09-11 14:23:58,760 - httpx - INFO - HTTP Request: POST http://localhost:8002/api/beds/update "HTTP/1.1 201 Created"
2025-09-11 14:23:58,760 - __main__ - INFO - Updated general beds for hospital 2 to 677
2025-09-11 14:23:58,771 - httpx - INFO - HTTP Request: POST http://localhost:8002/api/beds/update "HTTP/1.1 201 Created"
2025-09-11 14:23:58,772 - __main__ - INFO - Updated icu beds for hospital 2 to 133
2025-09-11 14:24:18,817 - httpx - INFO - HTTP Request: GET http://localhost:8002/api/beds/current/1 "HTTP/1.1 200 OK"
2025-09-11 14:24:18,839 - httpx - INFO - HTTP Request: POST http://localhost:8002/api/beds/update "HTTP/1.1 201 Created"
2025-09-11 14:24:18,839 - __main__ - INFO - Updated general beds for hospital 1 to 996
2025-09-11 14:24:18,859 - httpx - INFO - HTTP Request: POST http://localhost:8002/api/beds/update "HTTP/1.1 201 Created"
2025-09-11 14:24:18,860 - __main__ - INFO - Updated icu beds for hospital 1 to 197
2025-09-11 14:24:18,875 - httpx - INFO - HTTP Request: GET http://localhost:8002/api/beds/current/2 "HTTP/1.1 200 OK"
2025-09-11 14:24:18,890 - httpx - INFO - HTTP Request: POST http://localhost:8002/api/beds/update "HTTP/1.1 201 Created"
2025-09-11 14:24:18,890 - __main__ - INFO - Updated general beds for hospital 2 to 680
2025-09-11 14:24:38,928 - httpx - INFO - HTTP Request: GET http://localhost:8002/api/beds/current/1 "HTTP/1.1 200 OK"
2025-09-11 14:24:38,953 - httpx - INFO - HTTP Request: POST http://localhost:8002/api/beds/update "HTTP/1.1 201 Created"
2025-09-11 14:24:38,953 - __main__ - INFO - Updated general beds for hospital 1 to 994
2025-09-11 14:24:38,969 - httpx - INFO - HTTP Request: POST http://localhost:8002/api/beds/update "HTTP/1.1 201 Created"
2025-09-11 14:24:38,969 - __main__ - INFO - Updated icu beds for hospital 1 to 198
2025-09-11 14:24:38,985 - httpx - INFO - HTTP Request: GET http://localhost:8002/api/beds/current/2 "HTTP/1.1 200 OK"
2025-09-11 14:24:39,002 - httpx - INFO - HTTP Request: POST http://localhost:8002/api/beds/update "HTTP/1.1 201 Created"
2025-09-11 14:24:39,002 - __main__ - INFO - Updated general beds for hospital 2 to 683
2025-09-11 14:24:39,016 - httpx - INFO - HTTP Request: POST http://localhost:8002/api/beds/update "HTTP/1.1 201 Created"
2025-09-11 14:24:39,016 - __main__ - INFO - Updated icu beds for hospital 2 to 131
2025-09-11 14:24:59,051 - httpx - INFO - HTTP Request: GET http://localhost:8002/api/beds/current/1 "HTTP/1.1 200 OK"
2025-09-11 14:24:59,074 - httpx - INFO - HTTP Request: POST http://localhost:8002/api/beds/update "HTTP/1.1 201 Created"
2025-09-11 14:24:59,074 - __main__ - INFO - Updated general beds for hospital 1 to 992
2025-09-11 14:24:59,088 - httpx - INFO - HTTP Request: POST http://localhost:8002/api/beds/update "HTTP/1.1 201 Created"
2025-09-11 14:24:59,089 - __main__ - INFO - Updated icu beds for hospital 1 to 197
2025-09-11 14:24:59,101 - httpx - INFO - HTTP Request: GET http://localhost:8002/api/beds/current/2 "HTTP/1.1 200 OK"
2025-09-11 14:24:59,118 - httpx - INFO - HTTP Request: POST http://localhost:8002/api/beds/update "HTTP/1.1 201 Created"
2025-09-11 14:24:59,118 - __main__ - INFO - Updated general beds for hospital 2 to 685
2025-09-11 14:24:59,132 - httpx - INFO - HTTP Request: POST http://localhost:8002/api/beds/update "HTTP/1.1 201 Created"
2025-09-11 14:24:59,133 - __main__ - INFO - Updated icu beds for hospital 2 to 132
2025-09-11 14:25:19,169 - httpx - INFO - HTTP Request: GET http://localhost:8002/api/beds/current/1 "HTTP/1.1 200 OK"
2025-09-11 14:25:19,192 - httpx - INFO - HTTP Request: POST http://localhost:8002/api/beds/update "HTTP/1.1 201 Created"
2025-09-11 14:25:19,192 - __main__ - INFO - Updated general beds for hospital 1 to 993
2025-09-11 14:25:19,208 - httpx - INFO - HTTP Request: POST http://localhost:8002/api/beds/update "HTTP/1.1 201 Created"
2025-09-11 14:25:19,208 - __main__ - INFO - Updated icu beds for hospital 1 to 195
2025-09-11 14:25:19,222 - httpx - INFO - HTTP Request: GET http://localhost:8002/api/beds/current/2 "HTTP/1.1 200 OK"
2025-09-11 14:25:19,236 - httpx - INFO - HTTP Request: POST http://localhost:8002/api/beds/update "HTTP/1.1 201 Created"
2025-09-11 14:25:19,236 - __main__ - INFO - Updated general beds for hospital 2 to 686
2025-09-11 14:25:39,267 - httpx - INFO - HTTP Request: GET http://localhost:8002/api/beds/current/1 "HTTP/1.1 200 OK"
2025-09-11 14:25:39,289 - httpx - INFO - HTTP Request: POST http://localhost:8002/api/beds/update "HTTP/1.1 201 Created"
2025-09-11 14:25:39,289 - __main__ - INFO - Updated general beds for hospital 1 to 990
2025-09-11 14:25:39,299 - httpx - INFO - HTTP Request: POST http://localhost:8002/api/beds/update "HTTP/1.1 201 Created"
2025-09-11 14:25:39,299 - __main__ - INFO - Updated icu beds for hospital 1 to 196
2025-09-11 14:25:39,308 - httpx - INFO - HTTP Request: GET http://localhost:8002/api/beds/current/2 "HTTP/1.1 200 OK"
2025-09-11 14:25:39,324 - httpx - INFO - HTTP Request: POST http://localhost:8002/api/beds/update "HTTP/1.1 201 Created"
2025-09-11 14:25:39,324 - __main__ - INFO - Updated general beds for hospital 2 to 685
2025-09-11 14:25:59,368 - httpx - INFO - HTTP Request: GET http://localhost:8002/api/beds/current/1 "HTTP/1.1 200 OK"
2025-09-11 14:25:59,391 - httpx - INFO - HTTP Request: POST http://localhost:8002/api/beds/update "HTTP/1.1 201 Created"
2025-09-11 14:25:59,392 - __main__ - INFO - Updated general beds for hospital 1 to 992
2025-09-11 14:25:59,411 - httpx - INFO - HTTP Request: GET http://localhost:8002/api/beds/current/2 "HTTP/1.1 200 OK"
2025-09-11 14:25:59,440 - httpx - INFO - HTTP Request: POST http://localhost:8002/api/beds/update "HTTP/1.1 201 Created"
2025-09-11 14:25:59,440 - __main__ - INFO - Updated general beds for hospital 2 to 686
2025-09-11 14:25:59,463 - httpx - INFO - HTTP Request: POST http://localhost:8002/api/beds/update "HTTP/1.1 201 Created"
2025-09-11 14:25:59,464 - __main__ - INFO - Updated icu beds for hospital 2 to 134
2025-09-11 14:26:19,500 - httpx - INFO - HTTP Request: GET http://localhost:8002/api/beds/current/1 "HTTP/1.1 200 OK"
2025-09-11 14:26:19,585 - httpx - INFO - HTTP Request: POST http://localhost:8002/api/beds/update "HTTP/1.1 201 Created"
2025-09-11 14:26:19,585 - __main__ - INFO - Updated general beds for hospital 1 to 991
2025-09-11 14:26:19,608 - httpx - INFO - HTTP Request: POST http://localhost:8002/api/beds/update "HTTP/1.1 201 Created"
2025-09-11 14:26:19,608 - __main__ - INFO - Updated icu beds for hospital 1 to 195
2025-09-11 14:26:19,627 - httpx - INFO - HTTP Request: GET http://localhost:8002/api/beds/current/2 "HTTP/1.1 200 OK"
2025-09-11 14:26:19,654 - httpx - INFO - HTTP Request: POST http://localhost:8002/api/beds/update "HTTP/1.1 201 Created"
2025-09-11 14:26:19,654 - __main__ - INFO - Updated general beds for hospital 2 to 686
2025-09-11 14:26:19,833 - httpx - INFO - HTTP Request: POST http://localhost:8002/api/beds/update "HTTP/1.1 201 Created"
2025-09-11 14:26:19,833 - __main__ - INFO - Updated icu beds for hospital 2 to 135
2025-09-11 14:26:39,876 - httpx - INFO - HTTP Request: GET http://localhost:8002/api/beds/current/1 "HTTP/1.1 200 OK"
2025-09-11 14:26:39,899 - httpx - INFO - HTTP Request: GET http://localhost:8002/api/beds/current/2 "HTTP/1.1 200 OK"
2025-09-11 14:26:39,916 - httpx - INFO - HTTP Request: POST http://localhost:8002/api/beds/update "HTTP/1.1 201 Created"
2025-09-11 14:26:39,916 - __main__ - INFO - Updated general beds for hospital 2 to 686
2025-09-11 14:26:39,932 - httpx - INFO - HTTP Request: POST http://localhost:8002/api/beds/update "HTTP/1.1 201 Created"
2025-09-11 14:26:39,933 - __main__ - INFO - Updated icu beds for hospital 2 to 137
2025-09-11 14:27:18,128 - httpx - INFO - HTTP Request: GET http://localhost:8002/hospitals/ "HTTP/1.1 200 OK"
2025-09-11 14:27:18,128 - __main__ - INFO - Starting bed simulation for hospitals: [1, 2, 3, 4, 5, 6, 7, 8, 9, 10, 11, 12, 13, 14, 15, 16, 17, 18, 19, 20]
2025-09-11 14:27:18,129 - __main__ - INFO - Update interval: 20 seconds
2025-09-11 14:27:18,157 - httpx - INFO - HTTP Request: GET http://localhost:8002/api/beds/current/1 "HTTP/1.1 200 OK"
2025-09-11 14:27:18,186 - httpx - INFO - HTTP Request: POST http://localhost:8002/api/beds/update "HTTP/1.1 201 Created"
2025-09-11 14:27:18,186 - __main__ - INFO - Updated general beds for hospital 1 to 989
2025-09-11 14:27:18,204 - httpx - INFO - HTTP Request: POST http://localhost:8002/api/beds/update "HTTP/1.1 201 Created"
2025-09-11 14:27:18,205 - __main__ - INFO - Updated icu beds for hospital 1 to 196
2025-09-11 14:27:18,230 - httpx - INFO - HTTP Request: GET http://localhost:8002/api/beds/current/2 "HTTP/1.1 200 OK"
2025-09-11 14:27:18,255 - httpx - INFO - HTTP Request: POST http://localhost:8002/api/beds/update "HTTP/1.1 201 Created"
2025-09-11 14:27:18,256 - __main__ - INFO - Updated general beds for hospital 2 to 684
2025-09-11 14:27:18,282 - httpx - INFO - HTTP Request: POST http://localhost:8002/api/beds/update "HTTP/1.1 201 Created"
2025-09-11 14:27:18,283 - __main__ - INFO - Updated icu beds for hospital 2 to 137
2025-09-11 14:27:18,299 - httpx - INFO - HTTP Request: GET http://localhost:8002/api/beds/current/3 "HTTP/1.1 200 OK"
2025-09-11 14:27:18,318 - httpx - INFO - HTTP Request: GET http://localhost:8002/api/beds/current/4 "HTTP/1.1 200 OK"
2025-09-11 14:27:18,337 - httpx - INFO - HTTP Request: POST http://localhost:8002/api/beds/update "HTTP/1.1 201 Created"
2025-09-11 14:27:18,337 - __main__ - INFO - Updated general beds for hospital 4 to 1150
2025-09-11 14:27:18,363 - httpx - INFO - HTTP Request: GET http://localhost:8002/api/beds/current/5 "HTTP/1.1 200 OK"
2025-09-11 14:27:18,395 - httpx - INFO - HTTP Request: POST http://localhost:8002/api/beds/update "HTTP/1.1 201 Created"
2025-09-11 14:27:18,396 - __main__ - INFO - Updated general beds for hospital 5 to 1000
2025-09-11 14:27:18,411 - httpx - INFO - HTTP Request: GET http://localhost:8002/api/beds/current/6 "HTTP/1.1 200 OK"
2025-09-11 14:27:18,432 - httpx - INFO - HTTP Request: POST http://localhost:8002/api/beds/update "HTTP/1.1 201 Created"
2025-09-11 14:27:18,432 - __main__ - INFO - Updated general beds for hospital 6 to 500
2025-09-11 14:27:18,452 - httpx - INFO - HTTP Request: POST http://localhost:8002/api/beds/update "HTTP/1.1 201 Created"
2025-09-11 14:27:18,453 - __main__ - INFO - Updated icu beds for hospital 6 to 99
2025-09-11 14:27:18,493 - httpx - INFO - HTTP Request: GET http://localhost:8002/api/beds/current/7 "HTTP/1.1 200 OK"
2025-09-11 14:27:18,527 - httpx - INFO - HTTP Request: GET http://localhost:8002/api/beds/current/8 "HTTP/1.1 200 OK"
2025-09-11 14:27:18,549 - httpx - INFO - HTTP Request: POST http://localhost:8002/api/beds/update "HTTP/1.1 201 Created"
2025-09-11 14:27:18,549 - __main__ - INFO - Updated general beds for hospital 8 to 470
2025-09-11 14:27:18,578 - httpx - INFO - HTTP Request: POST http://localhost:8002/api/beds/update "HTTP/1.1 201 Created"
2025-09-11 14:27:18,579 - __main__ - INFO - Updated icu beds for hospital 8 to 94
2025-09-11 14:27:18,603 - httpx - INFO - HTTP Request: GET http://localhost:8002/api/beds/current/9 "HTTP/1.1 200 OK"
2025-09-11 14:27:18,629 - httpx - INFO - HTTP Request: POST http://localhost:8002/api/beds/update "HTTP/1.1 201 Created"
2025-09-11 14:27:18,629 - __main__ - INFO - Updated general beds for hospital 9 to 400
2025-09-11 14:27:18,651 - httpx - INFO - HTTP Request: POST http://localhost:8002/api/beds/update "HTTP/1.1 201 Created"
2025-09-11 14:27:18,651 - __main__ - INFO - Updated icu beds for hospital 9 to 79
2025-09-11 14:27:18,669 - httpx - INFO - HTTP Request: GET http://localhost:8002/api/beds/current/10 "HTTP/1.1 200 OK"
2025-09-11 14:27:18,691 - httpx - INFO - HTTP Request: POST http://localhost:8002/api/beds/update "HTTP/1.1 201 Created"
2025-09-11 14:27:18,691 - __main__ - INFO - Updated general beds for hospital 10 to 1500
2025-09-11 14:27:18,711 - httpx - INFO - HTTP Request: POST http://localhost:8002/api/beds/update "HTTP/1.1 201 Created"
2025-09-11 14:27:18,711 - __main__ - INFO - Updated icu beds for hospital 10 to 300
2025-09-11 14:27:18,734 - httpx - INFO - HTTP Request: GET http://localhost:8002/api/beds/current/11 "HTTP/1.1 200 OK"
2025-09-11 14:27:18,754 - httpx - INFO - HTTP Request: POST http://localhost:8002/api/beds/update "HTTP/1.1 201 Created"
2025-09-11 14:27:18,755 - __main__ - INFO - Updated general beds for hospital 11 to 449
2025-09-11 14:27:18,777 - httpx - INFO - HTTP Request: POST http://localhost:8002/api/beds/update "HTTP/1.1 201 Created"
2025-09-11 14:27:18,777 - __main__ - INFO - Updated icu beds for hospital 11 to 90
2025-09-11 14:27:18,794 - httpx - INFO - HTTP Request: GET http://localhost:8002/api/beds/current/12 "HTTP/1.1 200 OK"
2025-09-11 14:27:18,810 - httpx - INFO - HTTP Request: POST http://localhost:8002/api/beds/update "HTTP/1.1 201 Created"
2025-09-11 14:27:18,810 - __main__ - INFO - Updated general beds for hospital 12 to 349
2025-09-11 14:27:18,833 - httpx - INFO - HTTP Request: POST http://localhost:8002/api/beds/update "HTTP/1.1 201 Created"
2025-09-11 14:27:18,834 - __main__ - INFO - Updated icu beds for hospital 12 to 68
2025-09-11 14:27:18,847 - httpx - INFO - HTTP Request: GET http://localhost:8002/api/beds/current/13 "HTTP/1.1 200 OK"
2025-09-11 14:27:18,864 - httpx - INFO - HTTP Request: POST http://localhost:8002/api/beds/update "HTTP/1.1 201 Created"
2025-09-11 14:27:18,864 - __main__ - INFO - Updated general beds for hospital 13 to 250
2025-09-11 14:27:18,878 - httpx - INFO - HTTP Request: POST http://localhost:8002/api/beds/update "HTTP/1.1 201 Created"
2025-09-11 14:27:18,879 - __main__ - INFO - Updated icu beds for hospital 13 to 49
2025-09-11 14:27:18,894 - httpx - INFO - HTTP Request: GET http://localhost:8002/api/beds/current/14 "HTTP/1.1 200 OK"
2025-09-11 14:27:18,909 - httpx - INFO - HTTP Request: GET http://localhost:8002/api/beds/current/15 "HTTP/1.1 200 OK"
2025-09-11 14:27:18,927 - httpx - INFO - HTTP Request: POST http://localhost:8002/api/beds/update "HTTP/1.1 201 Created"
2025-09-11 14:27:18,928 - __main__ - INFO - Updated general beds for hospital 15 to 276
2025-09-11 14:27:18,943 - httpx - INFO - HTTP Request: GET http://localhost:8002/api/beds/current/16 "HTTP/1.1 200 OK"
2025-09-11 14:27:18,960 - httpx - INFO - HTTP Request: POST http://localhost:8002/api/beds/update "HTTP/1.1 201 Created"
2025-09-11 14:27:18,960 - __main__ - INFO - Updated general beds for hospital 16 to 280
2025-09-11 14:27:18,979 - httpx - INFO - HTTP Request: POST http://localhost:8002/api/beds/update "HTTP/1.1 201 Created"
2025-09-11 14:27:18,980 - __main__ - INFO - Updated icu beds for hospital 16 to 56
2025-09-11 14:27:18,994 - httpx - INFO - HTTP Request: GET http://localhost:8002/api/beds/current/17 "HTTP/1.1 200 OK"
2025-09-11 14:27:19,013 - httpx - INFO - HTTP Request: POST http://localhost:8002/api/beds/update "HTTP/1.1 201 Created"
2025-09-11 14:27:19,013 - __main__ - INFO - Updated general beds for hospital 17 to 88
2025-09-11 14:27:19,030 - httpx - INFO - HTTP Request: POST http://localhost:8002/api/beds/update "HTTP/1.1 201 Created"
2025-09-11 14:27:19,031 - __main__ - INFO - Updated icu beds for hospital 17 to 18
2025-09-11 14:27:19,044 - httpx - INFO - HTTP Request: GET http://localhost:8002/api/beds/current/18 "HTTP/1.1 200 OK"
2025-09-11 14:27:19,064 - httpx - INFO - HTTP Request: POST http://localhost:8002/api/beds/update "HTTP/1.1 201 Created"
2025-09-11 14:27:19,065 - __main__ - INFO - Updated general beds for hospital 18 to 198
2025-09-11 14:27:19,088 - httpx - INFO - HTTP Request: POST http://localhost:8002/api/beds/update "HTTP/1.1 201 Created"
2025-09-11 14:27:19,088 - __main__ - INFO - Updated icu beds for hospital 18 to 40
2025-09-11 14:27:19,108 - httpx - INFO - HTTP Request: GET http://localhost:8002/api/beds/current/19 "HTTP/1.1 200 OK"
2025-09-11 14:27:19,138 - httpx - INFO - HTTP Request: POST http://localhost:8002/api/beds/update "HTTP/1.1 201 Created"
2025-09-11 14:27:19,139 - __main__ - INFO - Updated general beds for hospital 19 to 198
2025-09-11 14:27:19,235 - httpx - INFO - HTTP Request: POST http://localhost:8002/api/beds/update "HTTP/1.1 201 Created"
2025-09-11 14:27:19,236 - __main__ - INFO - Updated icu beds for hospital 19 to 38
2025-09-11 14:27:19,266 - httpx - INFO - HTTP Request: GET http://localhost:8002/api/beds/current/20 "HTTP/1.1 200 OK"
2025-09-11 14:27:19,287 - httpx - INFO - HTTP Request: POST http://localhost:8002/api/beds/update "HTTP/1.1 201 Created"
2025-09-11 14:27:19,287 - __main__ - INFO - Updated general beds for hospital 20 to 197
2025-09-11 14:27:19,311 - httpx - INFO - HTTP Request: POST http://localhost:8002/api/beds/update "HTTP/1.1 201 Created"
2025-09-11 14:27:19,311 - __main__ - INFO - Updated icu beds for hospital 20 to 40
2025-09-11 14:27:39,402 - httpx - INFO - HTTP Request: GET http://localhost:8002/api/beds/current/1 "HTTP/1.1 200 OK"
2025-09-11 14:27:39,426 - httpx - INFO - HTTP Request: POST http://localhost:8002/api/beds/update "HTTP/1.1 201 Created"
2025-09-11 14:27:39,427 - __main__ - INFO - Updated general beds for hospital 1 to 988
2025-09-11 14:27:39,447 - httpx - INFO - HTTP Request: POST http://localhost:8002/api/beds/update "HTTP/1.1 201 Created"
2025-09-11 14:27:39,447 - __main__ - INFO - Updated icu beds for hospital 1 to 194
2025-09-11 14:27:39,461 - httpx - INFO - HTTP Request: GET http://localhost:8002/api/beds/current/2 "HTTP/1.1 200 OK"
2025-09-11 14:27:39,490 - httpx - INFO - HTTP Request: POST http://localhost:8002/api/beds/update "HTTP/1.1 201 Created"
2025-09-11 14:27:39,490 - __main__ - INFO - Updated general beds for hospital 2 to 685
2025-09-11 14:27:39,508 - httpx - INFO - HTTP Request: POST http://localhost:8002/api/beds/update "HTTP/1.1 201 Created"
2025-09-11 14:27:39,508 - __main__ - INFO - Updated icu beds for hospital 2 to 136
2025-09-11 14:27:39,528 - httpx - INFO - HTTP Request: GET http://localhost:8002/api/beds/current/3 "HTTP/1.1 200 OK"
2025-09-11 14:27:39,552 - httpx - INFO - HTTP Request: POST http://localhost:8002/api/beds/update "HTTP/1.1 201 Created"
2025-09-11 14:27:39,553 - __main__ - INFO - Updated icu beds for hospital 3 to 51
2025-09-11 14:27:39,575 - httpx - INFO - HTTP Request: GET http://localhost:8002/api/beds/current/4 "HTTP/1.1 200 OK"
2025-09-11 14:27:39,591 - httpx - INFO - HTTP Request: POST http://localhost:8002/api/beds/update "HTTP/1.1 201 Created"
2025-09-11 14:27:39,591 - __main__ - INFO - Updated general beds for hospital 4 to 1150
2025-09-11 14:27:39,607 - httpx - INFO - HTTP Request: POST http://localhost:8002/api/beds/update "HTTP/1.1 201 Created"
2025-09-11 14:27:39,607 - __main__ - INFO - Updated icu beds for hospital 4 to 228
2025-09-11 14:27:39,621 - httpx - INFO - HTTP Request: GET http://localhost:8002/api/beds/current/5 "HTTP/1.1 200 OK"
2025-09-11 14:27:39,639 - httpx - INFO - HTTP Request: POST http://localhost:8002/api/beds/update "HTTP/1.1 201 Created"
2025-09-11 14:27:39,640 - __main__ - INFO - Updated general beds for hospital 5 to 1000
2025-09-11 14:27:39,657 - httpx - INFO - HTTP Request: POST http://localhost:8002/api/beds/update "HTTP/1.1 201 Created"
2025-09-11 14:27:39,657 - __main__ - INFO - Updated icu beds for hospital 5 to 199
2025-09-11 14:27:39,671 - httpx - INFO - HTTP Request: GET http://localhost:8002/api/beds/current/6 "HTTP/1.1 200 OK"
2025-09-11 14:27:39,688 - httpx - INFO - HTTP Request: POST http://localhost:8002/api/beds/update "HTTP/1.1 201 Created"
2025-09-11 14:27:39,688 - __main__ - INFO - Updated general beds for hospital 6 to 500
2025-09-11 14:27:39,704 - httpx - INFO - HTTP Request: POST http://localhost:8002/api/beds/update "HTTP/1.1 201 Created"
2025-09-11 14:27:39,705 - __main__ - INFO - Updated icu beds for hospital 6 to 100
2025-09-11 14:27:39,718 - httpx - INFO - HTTP Request: GET http://localhost:8002/api/beds/current/7 "HTTP/1.1 200 OK"
2025-09-11 14:27:39,737 - httpx - INFO - HTTP Request: POST http://localhost:8002/api/beds/update "HTTP/1.1 201 Created"
2025-09-11 14:27:39,738 - __main__ - INFO - Updated general beds for hospital 7 to 499
2025-09-11 14:27:39,753 - httpx - INFO - HTTP Request: POST http://localhost:8002/api/beds/update "HTTP/1.1 201 Created"
2025-09-11 14:27:39,753 - __main__ - INFO - Updated icu beds for hospital 7 to 100
2025-09-11 14:27:39,770 - httpx - INFO - HTTP Request: GET http://localhost:8002/api/beds/current/8 "HTTP/1.1 200 OK"
2025-09-11 14:27:39,784 - httpx - INFO - HTTP Request: GET http://localhost:8002/api/beds/current/9 "HTTP/1.1 200 OK"
2025-09-11 14:27:39,801 - httpx - INFO - HTTP Request: POST http://localhost:8002/api/beds/update "HTTP/1.1 201 Created"
2025-09-11 14:27:39,801 - __main__ - INFO - Updated general beds for hospital 9 to 399
2025-09-11 14:27:39,819 - httpx - INFO - HTTP Request: POST http://localhost:8002/api/beds/update "HTTP/1.1 201 Created"
2025-09-11 14:27:39,819 - __main__ - INFO - Updated icu beds for hospital 9 to 80
2025-09-11 14:27:39,833 - httpx - INFO - HTTP Request: GET http://localhost:8002/api/beds/current/10 "HTTP/1.1 200 OK"
2025-09-11 14:27:39,853 - httpx - INFO - HTTP Request: POST http://localhost:8002/api/beds/update "HTTP/1.1 201 Created"
2025-09-11 14:27:39,853 - __main__ - INFO - Updated general beds for hospital 10 to 1499
2025-09-11 14:27:39,870 - httpx - INFO - HTTP Request: POST http://localhost:8002/api/beds/update "HTTP/1.1 201 Created"
2025-09-11 14:27:39,871 - __main__ - INFO - Updated icu beds for hospital 10 to 300
2025-09-11 14:27:39,885 - httpx - INFO - HTTP Request: GET http://localhost:8002/api/beds/current/11 "HTTP/1.1 200 OK"
2025-09-11 14:27:39,901 - httpx - INFO - HTTP Request: POST http://localhost:8002/api/beds/update "HTTP/1.1 201 Created"
2025-09-11 14:27:39,901 - __main__ - INFO - Updated general beds for hospital 11 to 446
2025-09-11 14:27:39,918 - httpx - INFO - HTTP Request: POST http://localhost:8002/api/beds/update "HTTP/1.1 201 Created"
2025-09-11 14:27:39,918 - __main__ - INFO - Updated icu beds for hospital 11 to 88
2025-09-11 14:27:39,932 - httpx - INFO - HTTP Request: GET http://localhost:8002/api/beds/current/12 "HTTP/1.1 200 OK"
2025-09-11 14:27:39,948 - httpx - INFO - HTTP Request: POST http://localhost:8002/api/beds/update "HTTP/1.1 201 Created"
2025-09-11 14:27:39,948 - __main__ - INFO - Updated general beds for hospital 12 to 346
2025-09-11 14:27:39,964 - httpx - INFO - HTTP Request: POST http://localhost:8002/api/beds/update "HTTP/1.1 201 Created"
2025-09-11 14:27:39,964 - __main__ - INFO - Updated icu beds for hospital 12 to 69
2025-09-11 14:27:39,976 - httpx - INFO - HTTP Request: GET http://localhost:8002/api/beds/current/13 "HTTP/1.1 200 OK"
2025-09-11 14:27:40,045 - httpx - INFO - HTTP Request: POST http://localhost:8002/api/beds/update "HTTP/1.1 201 Created"
2025-09-11 14:27:40,045 - __main__ - INFO - Updated icu beds for hospital 13 to 50
2025-09-11 14:27:40,062 - httpx - INFO - HTTP Request: GET http://localhost:8002/api/beds/current/14 "HTTP/1.1 200 OK"
2025-09-11 14:27:40,079 - httpx - INFO - HTTP Request: POST http://localhost:8002/api/beds/update "HTTP/1.1 201 Created"
2025-09-11 14:27:40,079 - __main__ - INFO - Updated general beds for hospital 14 to 607
2025-09-11 14:27:40,099 - httpx - INFO - HTTP Request: POST http://localhost:8002/api/beds/update "HTTP/1.1 201 Created"
2025-09-11 14:27:40,100 - __main__ - INFO - Updated icu beds for hospital 14 to 121
2025-09-11 14:27:40,118 - httpx - INFO - HTTP Request: GET http://localhost:8002/api/beds/current/15 "HTTP/1.1 200 OK"
2025-09-11 14:27:40,139 - httpx - INFO - HTTP Request: POST http://localhost:8002/api/beds/update "HTTP/1.1 201 Created"
2025-09-11 14:27:40,139 - __main__ - INFO - Updated general beds for hospital 15 to 274
2025-09-11 14:27:40,163 - httpx - INFO - HTTP Request: POST http://localhost:8002/api/beds/update "HTTP/1.1 201 Created"
2025-09-11 14:27:40,163 - __main__ - INFO - Updated icu beds for hospital 15 to 53
2025-09-11 14:27:40,182 - httpx - INFO - HTTP Request: GET http://localhost:8002/api/beds/current/16 "HTTP/1.1 200 OK"
2025-09-11 14:27:40,200 - httpx - INFO - HTTP Request: POST http://localhost:8002/api/beds/update "HTTP/1.1 201 Created"
2025-09-11 14:27:40,200 - __main__ - INFO - Updated general beds for hospital 16 to 277
2025-09-11 14:27:40,215 - httpx - INFO - HTTP Request: GET http://localhost:8002/api/beds/current/17 "HTTP/1.1 200 OK"
2025-09-11 14:27:40,232 - httpx - INFO - HTTP Request: POST http://localhost:8002/api/beds/update "HTTP/1.1 201 Created"
2025-09-11 14:27:40,232 - __main__ - INFO - Updated general beds for hospital 17 to 87
2025-09-11 14:27:40,254 - httpx - INFO - HTTP Request: POST http://localhost:8002/api/beds/update "HTTP/1.1 201 Created"
2025-09-11 14:27:40,254 - __main__ - INFO - Updated icu beds for hospital 17 to 18
2025-09-11 14:27:40,271 - httpx - INFO - HTTP Request: GET http://localhost:8002/api/beds/current/18 "HTTP/1.1 200 OK"
2025-09-11 14:27:40,289 - httpx - INFO - HTTP Request: POST http://localhost:8002/api/beds/update "HTTP/1.1 201 Created"
2025-09-11 14:27:40,290 - __main__ - INFO - Updated icu beds for hospital 18 to 40
2025-09-11 14:27:40,306 - httpx - INFO - HTTP Request: GET http://localhost:8002/api/beds/current/19 "HTTP/1.1 200 OK"
2025-09-11 14:27:40,322 - httpx - INFO - HTTP Request: POST http://localhost:8002/api/beds/update "HTTP/1.1 201 Created"
2025-09-11 14:27:40,322 - __main__ - INFO - Updated general beds for hospital 19 to 199
2025-09-11 14:27:40,339 - httpx - INFO - HTTP Request: POST http://localhost:8002/api/beds/update "HTTP/1.1 201 Created"
2025-09-11 14:27:40,339 - __main__ - INFO - Updated icu beds for hospital 19 to 39
2025-09-11 14:27:40,364 - httpx - INFO - HTTP Request: GET http://localhost:8002/api/beds/current/20 "HTTP/1.1 200 OK"
2025-09-11 14:27:40,384 - httpx - INFO - HTTP Request: POST http://localhost:8002/api/beds/update "HTTP/1.1 201 Created"
2025-09-11 14:27:40,385 - __main__ - INFO - Updated general beds for hospital 20 to 195
2025-09-11 14:27:40,543 - httpx - INFO - HTTP Request: POST http://localhost:8002/api/beds/update "HTTP/1.1 201 Created"
2025-09-11 14:27:40,544 - __main__ - INFO - Updated icu beds for hospital 20 to 40
2025-09-11 14:28:00,570 - httpx - INFO - HTTP Request: GET http://localhost:8002/api/beds/current/1 "HTTP/1.1 200 OK"
2025-09-11 14:28:00,585 - httpx - INFO - HTTP Request: POST http://localhost:8002/api/beds/update "HTTP/1.1 201 Created"
2025-09-11 14:28:00,585 - __main__ - INFO - Updated general beds for hospital 1 to 990
2025-09-11 14:28:00,596 - httpx - INFO - HTTP Request: GET http://localhost:8002/api/beds/current/2 "HTTP/1.1 200 OK"
2025-09-11 14:28:00,607 - httpx - INFO - HTTP Request: POST http://localhost:8002/api/beds/update "HTTP/1.1 201 Created"
2025-09-11 14:28:00,608 - __main__ - INFO - Updated general beds for hospital 2 to 686
2025-09-11 14:28:00,621 - httpx - INFO - HTTP Request: GET http://localhost:8002/api/beds/current/3 "HTTP/1.1 200 OK"
2025-09-11 14:28:00,636 - httpx - INFO - HTTP Request: POST http://localhost:8002/api/beds/update "HTTP/1.1 201 Created"
2025-09-11 14:28:00,636 - __main__ - INFO - Updated general beds for hospital 3 to 275
2025-09-11 14:28:00,649 - httpx - INFO - HTTP Request: POST http://localhost:8002/api/beds/update "HTTP/1.1 201 Created"
2025-09-11 14:28:00,649 - __main__ - INFO - Updated icu beds for hospital 3 to 53
2025-09-11 14:28:00,661 - httpx - INFO - HTTP Request: GET http://localhost:8002/api/beds/current/4 "HTTP/1.1 200 OK"
2025-09-11 14:28:00,675 - httpx - INFO - HTTP Request: POST http://localhost:8002/api/beds/update "HTTP/1.1 201 Created"
2025-09-11 14:28:00,675 - __main__ - INFO - Updated general beds for hospital 4 to 1148
2025-09-11 14:28:00,688 - httpx - INFO - HTTP Request: POST http://localhost:8002/api/beds/update "HTTP/1.1 201 Created"
2025-09-11 14:28:00,688 - __main__ - INFO - Updated icu beds for hospital 4 to 230
2025-09-11 14:28:00,698 - httpx - INFO - HTTP Request: GET http://localhost:8002/api/beds/current/5 "HTTP/1.1 200 OK"
2025-09-11 14:28:00,712 - httpx - INFO - HTTP Request: POST http://localhost:8002/api/beds/update "HTTP/1.1 201 Created"
2025-09-11 14:28:00,712 - __main__ - INFO - Updated general beds for hospital 5 to 997
2025-09-11 14:28:00,725 - httpx - INFO - HTTP Request: POST http://localhost:8002/api/beds/update "HTTP/1.1 201 Created"
2025-09-11 14:28:00,725 - __main__ - INFO - Updated icu beds for hospital 5 to 200
2025-09-11 14:28:00,737 - httpx - INFO - HTTP Request: GET http://localhost:8002/api/beds/current/6 "HTTP/1.1 200 OK"
2025-09-11 14:28:00,748 - httpx - INFO - HTTP Request: POST http://localhost:8002/api/beds/update "HTTP/1.1 201 Created"
2025-09-11 14:28:00,748 - __main__ - INFO - Updated general beds for hospital 6 to 500
2025-09-11 14:28:00,759 - httpx - INFO - HTTP Request: POST http://localhost:8002/api/beds/update "HTTP/1.1 201 Created"
2025-09-11 14:28:00,759 - __main__ - INFO - Updated icu beds for hospital 6 to 100
2025-09-11 14:28:00,768 - httpx - INFO - HTTP Request: GET http://localhost:8002/api/beds/current/7 "HTTP/1.1 200 OK"
2025-09-11 14:28:00,779 - httpx - INFO - HTTP Request: POST http://localhost:8002/api/beds/update "HTTP/1.1 201 Created"
2025-09-11 14:28:00,779 - __main__ - INFO - Updated general beds for hospital 7 to 500
2025-09-11 14:28:00,788 - httpx - INFO - HTTP Request: GET http://localhost:8002/api/beds/current/8 "HTTP/1.1 200 OK"
2025-09-11 14:28:00,839 - httpx - INFO - HTTP Request: POST http://localhost:8002/api/beds/update "HTTP/1.1 201 Created"
2025-09-11 14:28:00,839 - __main__ - INFO - Updated general beds for hospital 8 to 469
2025-09-11 14:28:00,847 - httpx - INFO - HTTP Request: GET http://localhost:8002/api/beds/current/9 "HTTP/1.1 200 OK"
2025-09-11 14:28:00,857 - httpx - INFO - HTTP Request: POST http://localhost:8002/api/beds/update "HTTP/1.1 201 Created"
2025-09-11 14:28:00,857 - __main__ - INFO - Updated general beds for hospital 9 to 400
2025-09-11 14:28:00,868 - httpx - INFO - HTTP Request: POST http://localhost:8002/api/beds/update "HTTP/1.1 201 Created"
2025-09-11 14:28:00,869 - __main__ - INFO - Updated icu beds for hospital 9 to 80
2025-09-11 14:28:00,878 - httpx - INFO - HTTP Request: GET http://localhost:8002/api/beds/current/10 "HTTP/1.1 200 OK"
2025-09-11 14:28:00,888 - httpx - INFO - HTTP Request: POST http://localhost:8002/api/beds/update "HTTP/1.1 201 Created"
2025-09-11 14:28:00,888 - __main__ - INFO - Updated general beds for hospital 10 to 1497
2025-09-11 14:28:00,899 - httpx - INFO - HTTP Request: POST http://localhost:8002/api/beds/update "HTTP/1.1 201 Created"
2025-09-11 14:28:00,899 - __main__ - INFO - Updated icu beds for hospital 10 to 300
2025-09-11 14:28:00,908 - httpx - INFO - HTTP Request: GET http://localhost:8002/api/beds/current/11 "HTTP/1.1 200 OK"
2025-09-11 14:28:00,917 - httpx - INFO - HTTP Request: GET http://localhost:8002/api/beds/current/12 "HTTP/1.1 200 OK"
2025-09-11 14:28:00,927 - httpx - INFO - HTTP Request: POST http://localhost:8002/api/beds/update "HTTP/1.1 201 Created"
2025-09-11 14:28:00,927 - __main__ - INFO - Updated icu beds for hospital 12 to 67
2025-09-11 14:28:00,950 - httpx - INFO - HTTP Request: GET http://localhost:8002/api/beds/current/13 "HTTP/1.1 200 OK"
2025-09-11 14:28:00,959 - httpx - INFO - HTTP Request: POST http://localhost:8002/api/beds/update "HTTP/1.1 201 Created"
2025-09-11 14:28:00,959 - __main__ - INFO - Updated general beds for hospital 13 to 247
2025-09-11 14:28:00,968 - httpx - INFO - HTTP Request: POST http://localhost:8002/api/beds/update "HTTP/1.1 201 Created"
2025-09-11 14:28:00,968 - __main__ - INFO - Updated icu beds for hospital 13 to 49
2025-09-11 14:28:00,976 - httpx - INFO - HTTP Request: GET http://localhost:8002/api/beds/current/14 "HTTP/1.1 200 OK"
2025-09-11 14:28:00,986 - httpx - INFO - HTTP Request: POST http://localhost:8002/api/beds/update "HTTP/1.1 201 Created"
2025-09-11 14:28:00,986 - __main__ - INFO - Updated general beds for hospital 14 to 607
2025-09-11 14:28:00,995 - httpx - INFO - HTTP Request: POST http://localhost:8002/api/beds/update "HTTP/1.1 201 Created"
2025-09-11 14:28:00,996 - __main__ - INFO - Updated icu beds for hospital 14 to 119
2025-09-11 14:28:01,005 - httpx - INFO - HTTP Request: GET http://localhost:8002/api/beds/current/15 "HTTP/1.1 200 OK"
2025-09-11 14:28:01,016 - httpx - INFO - HTTP Request: POST http://localhost:8002/api/beds/update "HTTP/1.1 201 Created"
2025-09-11 14:28:01,016 - __main__ - INFO - Updated general beds for hospital 15 to 271
2025-09-11 14:28:01,026 - httpx - INFO - HTTP Request: POST http://localhost:8002/api/beds/update "HTTP/1.1 201 Created"
2025-09-11 14:28:01,026 - __main__ - INFO - Updated icu beds for hospital 15 to 54
2025-09-11 14:28:01,039 - httpx - INFO - HTTP Request: GET http://localhost:8002/api/beds/current/16 "HTTP/1.1 200 OK"
2025-09-11 14:28:01,051 - httpx - INFO - HTTP Request: POST http://localhost:8002/api/beds/update "HTTP/1.1 201 Created"
2025-09-11 14:28:01,052 - __main__ - INFO - Updated general beds for hospital 16 to 276
2025-09-11 14:28:01,065 - httpx - INFO - HTTP Request: POST http://localhost:8002/api/beds/update "HTTP/1.1 201 Created"
2025-09-11 14:28:01,066 - __main__ - INFO - Updated icu beds for hospital 16 to 56
2025-09-11 14:28:01,078 - httpx - INFO - HTTP Request: GET http://localhost:8002/api/beds/current/17 "HTTP/1.1 200 OK"
2025-09-11 14:28:01,092 - httpx - INFO - HTTP Request: POST http://localhost:8002/api/beds/update "HTTP/1.1 201 Created"
2025-09-11 14:28:01,092 - __main__ - INFO - Updated general beds for hospital 17 to 85
2025-09-11 14:28:01,107 - httpx - INFO - HTTP Request: POST http://localhost:8002/api/beds/update "HTTP/1.1 201 Created"
2025-09-11 14:28:01,107 - __main__ - INFO - Updated icu beds for hospital 17 to 18
2025-09-11 14:28:01,119 - httpx - INFO - HTTP Request: GET http://localhost:8002/api/beds/current/18 "HTTP/1.1 200 OK"
2025-09-11 14:28:01,133 - httpx - INFO - HTTP Request: POST http://localhost:8002/api/beds/update "HTTP/1.1 201 Created"
2025-09-11 14:28:01,133 - __main__ - INFO - Updated general beds for hospital 18 to 197
2025-09-11 14:28:01,150 - httpx - INFO - HTTP Request: POST http://localhost:8002/api/beds/update "HTTP/1.1 201 Created"
2025-09-11 14:28:01,150 - __main__ - INFO - Updated icu beds for hospital 18 to 40
2025-09-11 14:28:01,162 - httpx - INFO - HTTP Request: GET http://localhost:8002/api/beds/current/19 "HTTP/1.1 200 OK"
2025-09-11 14:28:01,177 - httpx - INFO - HTTP Request: POST http://localhost:8002/api/beds/update "HTTP/1.1 201 Created"
2025-09-11 14:28:01,177 - __main__ - INFO - Updated general beds for hospital 19 to 197
2025-09-11 14:28:01,194 - httpx - INFO - HTTP Request: POST http://localhost:8002/api/beds/update "HTTP/1.1 201 Created"
2025-09-11 14:28:01,194 - __main__ - INFO - Updated icu beds for hospital 19 to 37
2025-09-11 14:28:01,208 - httpx - INFO - HTTP Request: GET http://localhost:8002/api/beds/current/20 "HTTP/1.1 200 OK"
2025-09-11 14:28:01,223 - httpx - INFO - HTTP Request: POST http://localhost:8002/api/beds/update "HTTP/1.1 201 Created"
2025-09-11 14:28:01,223 - __main__ - INFO - Updated general beds for hospital 20 to 194
2025-09-11 14:28:01,239 - httpx - INFO - HTTP Request: POST http://localhost:8002/api/beds/update "HTTP/1.1 201 Created"
2025-09-11 14:28:01,239 - __main__ - INFO - Updated icu beds for hospital 20 to 40
2025-09-11 14:28:21,271 - httpx - INFO - HTTP Request: GET http://localhost:8002/api/beds/current/1 "HTTP/1.1 200 OK"
2025-09-11 14:28:21,285 - httpx - INFO - HTTP Request: POST http://localhost:8002/api/beds/update "HTTP/1.1 201 Created"
2025-09-11 14:28:21,285 - __main__ - INFO - Updated general beds for hospital 1 to 992
2025-09-11 14:28:21,295 - httpx - INFO - HTTP Request: POST http://localhost:8002/api/beds/update "HTTP/1.1 201 Created"
2025-09-11 14:28:21,296 - __main__ - INFO - Updated icu beds for hospital 1 to 192
2025-09-11 14:28:21,304 - httpx - INFO - HTTP Request: GET http://localhost:8002/api/beds/current/2 "HTTP/1.1 200 OK"
2025-09-11 14:28:21,315 - httpx - INFO - HTTP Request: POST http://localhost:8002/api/beds/update "HTTP/1.1 201 Created"
2025-09-11 14:28:21,315 - __main__ - INFO - Updated icu beds for hospital 2 to 135
2025-09-11 14:28:21,326 - httpx - INFO - HTTP Request: GET http://localhost:8002/api/beds/current/3 "HTTP/1.1 200 OK"
2025-09-11 14:28:21,384 - httpx - INFO - HTTP Request: POST http://localhost:8002/api/beds/update "HTTP/1.1 201 Created"
2025-09-11 14:28:21,384 - __main__ - INFO - Updated general beds for hospital 3 to 276
2025-09-11 14:28:21,400 - httpx - INFO - HTTP Request: POST http://localhost:8002/api/beds/update "HTTP/1.1 201 Created"
2025-09-11 14:28:21,400 - __main__ - INFO - Updated icu beds for hospital 3 to 52
2025-09-11 14:28:21,410 - httpx - INFO - HTTP Request: GET http://localhost:8002/api/beds/current/4 "HTTP/1.1 200 OK"
2025-09-11 14:28:21,422 - httpx - INFO - HTTP Request: POST http://localhost:8002/api/beds/update "HTTP/1.1 201 Created"
2025-09-11 14:28:21,422 - __main__ - INFO - Updated general beds for hospital 4 to 1149
2025-09-11 14:28:21,432 - httpx - INFO - HTTP Request: GET http://localhost:8002/api/beds/current/5 "HTTP/1.1 200 OK"
2025-09-11 14:28:21,443 - httpx - INFO - HTTP Request: POST http://localhost:8002/api/beds/update "HTTP/1.1 201 Created"
2025-09-11 14:28:21,443 - __main__ - INFO - Updated general beds for hospital 5 to 999
2025-09-11 14:28:21,455 - httpx - INFO - HTTP Request: POST http://localhost:8002/api/beds/update "HTTP/1.1 201 Created"
2025-09-11 14:28:21,455 - __main__ - INFO - Updated icu beds for hospital 5 to 199
2025-09-11 14:28:21,466 - httpx - INFO - HTTP Request: GET http://localhost:8002/api/beds/current/6 "HTTP/1.1 200 OK"
2025-09-11 14:28:21,477 - httpx - INFO - HTTP Request: POST http://localhost:8002/api/beds/update "HTTP/1.1 201 Created"
2025-09-11 14:28:21,477 - __main__ - INFO - Updated general beds for hospital 6 to 497
2025-09-11 14:28:21,492 - httpx - INFO - HTTP Request: POST http://localhost:8002/api/beds/update "HTTP/1.1 201 Created"
2025-09-11 14:28:21,492 - __main__ - INFO - Updated icu beds for hospital 6 to 100
2025-09-11 14:28:21,505 - httpx - INFO - HTTP Request: GET http://localhost:8002/api/beds/current/7 "HTTP/1.1 200 OK"
2025-09-11 14:28:21,518 - httpx - INFO - HTTP Request: POST http://localhost:8002/api/beds/update "HTTP/1.1 201 Created"
2025-09-11 14:28:21,518 - __main__ - INFO - Updated general beds for hospital 7 to 500
2025-09-11 14:28:21,530 - httpx - INFO - HTTP Request: POST http://localhost:8002/api/beds/update "HTTP/1.1 201 Created"
2025-09-11 14:28:21,531 - __main__ - INFO - Updated icu beds for hospital 7 to 99
2025-09-11 14:28:21,543 - httpx - INFO - HTTP Request: GET http://localhost:8002/api/beds/current/8 "HTTP/1.1 200 OK"
2025-09-11 14:28:21,555 - httpx - INFO - HTTP Request: POST http://localhost:8002/api/beds/update "HTTP/1.1 201 Created"
2025-09-11 14:28:21,556 - __main__ - INFO - Updated icu beds for hospital 8 to 94
2025-09-11 14:28:21,565 - httpx - INFO - HTTP Request: GET http://localhost:8002/api/beds/current/9 "HTTP/1.1 200 OK"
2025-09-11 14:28:21,577 - httpx - INFO - HTTP Request: POST http://localhost:8002/api/beds/update "HTTP/1.1 201 Created"
2025-09-11 14:28:21,577 - __main__ - INFO - Updated general beds for hospital 9 to 397
2025-09-11 14:28:21,588 - httpx - INFO - HTTP Request: POST http://localhost:8002/api/beds/update "HTTP/1.1 201 Created"
2025-09-11 14:28:21,588 - __main__ - INFO - Updated icu beds for hospital 9 to 80
2025-09-11 14:28:21,599 - httpx - INFO - HTTP Request: GET http://localhost:8002/api/beds/current/10 "HTTP/1.1 200 OK"
2025-09-11 14:28:21,612 - httpx - INFO - HTTP Request: POST http://localhost:8002/api/beds/update "HTTP/1.1 201 Created"
2025-09-11 14:28:21,612 - __main__ - INFO - Updated general beds for hospital 10 to 1498
2025-09-11 14:28:21,625 - httpx - INFO - HTTP Request: POST http://localhost:8002/api/beds/update "HTTP/1.1 201 Created"
2025-09-11 14:28:21,625 - __main__ - INFO - Updated icu beds for hospital 10 to 300
2025-09-11 14:28:21,636 - httpx - INFO - HTTP Request: GET http://localhost:8002/api/beds/current/11 "HTTP/1.1 200 OK"
2025-09-11 14:28:21,648 - httpx - INFO - HTTP Request: POST http://localhost:8002/api/beds/update "HTTP/1.1 201 Created"
2025-09-11 14:28:21,648 - __main__ - INFO - Updated general beds for hospital 11 to 447
2025-09-11 14:28:21,659 - httpx - INFO - HTTP Request: GET http://localhost:8002/api/beds/current/12 "HTTP/1.1 200 OK"
2025-09-11 14:28:21,671 - httpx - INFO - HTTP Request: POST http://localhost:8002/api/beds/update "HTTP/1.1 201 Created"
2025-09-11 14:28:21,671 - __main__ - INFO - Updated general beds for hospital 12 to 348
2025-09-11 14:28:21,684 - httpx - INFO - HTTP Request: POST http://localhost:8002/api/beds/update "HTTP/1.1 201 Created"
2025-09-11 14:28:21,684 - __main__ - INFO - Updated icu beds for hospital 12 to 69
2025-09-11 14:28:21,694 - httpx - INFO - HTTP Request: GET http://localhost:8002/api/beds/current/13 "HTTP/1.1 200 OK"
2025-09-11 14:28:21,705 - httpx - INFO - HTTP Request: POST http://localhost:8002/api/beds/update "HTTP/1.1 201 Created"
2025-09-11 14:28:21,706 - __main__ - INFO - Updated general beds for hospital 13 to 249
2025-09-11 14:28:21,719 - httpx - INFO - HTTP Request: POST http://localhost:8002/api/beds/update "HTTP/1.1 201 Created"
2025-09-11 14:28:21,719 - __main__ - INFO - Updated icu beds for hospital 13 to 50
2025-09-11 14:28:21,731 - httpx - INFO - HTTP Request: GET http://localhost:8002/api/beds/current/14 "HTTP/1.1 200 OK"
2025-09-11 14:28:21,742 - httpx - INFO - HTTP Request: POST http://localhost:8002/api/beds/update "HTTP/1.1 201 Created"
2025-09-11 14:28:21,742 - __main__ - INFO - Updated general beds for hospital 14 to 607
2025-09-11 14:28:21,753 - httpx - INFO - HTTP Request: GET http://localhost:8002/api/beds/current/15 "HTTP/1.1 200 OK"
2025-09-11 14:28:21,764 - httpx - INFO - HTTP Request: POST http://localhost:8002/api/beds/update "HTTP/1.1 201 Created"
2025-09-11 14:28:21,764 - __main__ - INFO - Updated general beds for hospital 15 to 268
2025-09-11 14:28:21,774 - httpx - INFO - HTTP Request: POST http://localhost:8002/api/beds/update "HTTP/1.1 201 Created"
2025-09-11 14:28:21,774 - __main__ - INFO - Updated icu beds for hospital 15 to 55
2025-09-11 14:28:21,784 - httpx - INFO - HTTP Request: GET http://localhost:8002/api/beds/current/16 "HTTP/1.1 200 OK"
2025-09-11 14:28:21,795 - httpx - INFO - HTTP Request: POST http://localhost:8002/api/beds/update "HTTP/1.1 201 Created"
2025-09-11 14:28:21,795 - __main__ - INFO - Updated general beds for hospital 16 to 273
2025-09-11 14:28:21,805 - httpx - INFO - HTTP Request: GET http://localhost:8002/api/beds/current/17 "HTTP/1.1 200 OK"
2025-09-11 14:28:21,821 - httpx - INFO - HTTP Request: POST http://localhost:8002/api/beds/update "HTTP/1.1 201 Created"
2025-09-11 14:28:21,821 - __main__ - INFO - Updated general beds for hospital 17 to 83
2025-09-11 14:28:21,834 - httpx - INFO - HTTP Request: POST http://localhost:8002/api/beds/update "HTTP/1.1 201 Created"
2025-09-11 14:28:21,878 - __main__ - INFO - Updated icu beds for hospital 17 to 16
2025-09-11 14:28:21,887 - httpx - INFO - HTTP Request: GET http://localhost:8002/api/beds/current/18 "HTTP/1.1 200 OK"
2025-09-11 14:28:21,899 - httpx - INFO - HTTP Request: POST http://localhost:8002/api/beds/update "HTTP/1.1 201 Created"
2025-09-11 14:28:21,899 - __main__ - INFO - Updated general beds for hospital 18 to 199
2025-09-11 14:28:21,909 - httpx - INFO - HTTP Request: GET http://localhost:8002/api/beds/current/19 "HTTP/1.1 200 OK"
2025-09-11 14:28:21,922 - httpx - INFO - HTTP Request: POST http://localhost:8002/api/beds/update "HTTP/1.1 201 Created"
2025-09-11 14:28:21,922 - __main__ - INFO - Updated general beds for hospital 19 to 196
2025-09-11 14:28:21,939 - httpx - INFO - HTTP Request: POST http://localhost:8002/api/beds/update "HTTP/1.1 201 Created"
2025-09-11 14:28:21,940 - __main__ - INFO - Updated icu beds for hospital 19 to 36
2025-09-11 14:28:21,950 - httpx - INFO - HTTP Request: GET http://localhost:8002/api/beds/current/20 "HTTP/1.1 200 OK"
2025-09-11 14:28:21,962 - httpx - INFO - HTTP Request: POST http://localhost:8002/api/beds/update "HTTP/1.1 201 Created"
2025-09-11 14:28:21,962 - __main__ - INFO - Updated icu beds for hospital 20 to 38
2025-09-11 14:28:41,995 - httpx - INFO - HTTP Request: GET http://localhost:8002/api/beds/current/1 "HTTP/1.1 200 OK"
2025-09-11 14:28:42,013 - httpx - INFO - HTTP Request: POST http://localhost:8002/api/beds/update "HTTP/1.1 201 Created"
2025-09-11 14:28:42,013 - __main__ - INFO - Updated general beds for hospital 1 to 991
2025-09-11 14:28:42,026 - httpx - INFO - HTTP Request: POST http://localhost:8002/api/beds/update "HTTP/1.1 201 Created"
2025-09-11 14:28:42,027 - __main__ - INFO - Updated icu beds for hospital 1 to 191
2025-09-11 14:28:42,037 - httpx - INFO - HTTP Request: GET http://localhost:8002/api/beds/current/2 "HTTP/1.1 200 OK"
2025-09-11 14:28:42,057 - httpx - INFO - HTTP Request: POST http://localhost:8002/api/beds/update "HTTP/1.1 201 Created"
2025-09-11 14:28:42,057 - __main__ - INFO - Updated general beds for hospital 2 to 685
2025-09-11 14:28:42,072 - httpx - INFO - HTTP Request: POST http://localhost:8002/api/beds/update "HTTP/1.1 201 Created"
2025-09-11 14:28:42,072 - __main__ - INFO - Updated icu beds for hospital 2 to 133
2025-09-11 14:28:42,089 - httpx - INFO - HTTP Request: GET http://localhost:8002/api/beds/current/3 "HTTP/1.1 200 OK"
2025-09-11 14:28:42,108 - httpx - INFO - HTTP Request: POST http://localhost:8002/api/beds/update "HTTP/1.1 201 Created"
2025-09-11 14:28:42,108 - __main__ - INFO - Updated general beds for hospital 3 to 278
2025-09-11 14:28:42,119 - httpx - INFO - HTTP Request: POST http://localhost:8002/api/beds/update "HTTP/1.1 201 Created"
2025-09-11 14:28:42,119 - __main__ - INFO - Updated icu beds for hospital 3 to 51
2025-09-11 14:28:42,129 - httpx - INFO - HTTP Request: GET http://localhost:8002/api/beds/current/4 "HTTP/1.1 200 OK"
2025-09-11 14:28:42,140 - httpx - INFO - HTTP Request: POST http://localhost:8002/api/beds/update "HTTP/1.1 201 Created"
2025-09-11 14:28:42,140 - __main__ - INFO - Updated general beds for hospital 4 to 1147
2025-09-11 14:28:42,152 - httpx - INFO - HTTP Request: POST http://localhost:8002/api/beds/update "HTTP/1.1 201 Created"
2025-09-11 14:28:42,152 - __main__ - INFO - Updated icu beds for hospital 4 to 228
2025-09-11 14:28:42,161 - httpx - INFO - HTTP Request: GET http://localhost:8002/api/beds/current/5 "HTTP/1.1 200 OK"
2025-09-11 14:28:42,173 - httpx - INFO - HTTP Request: POST http://localhost:8002/api/beds/update "HTTP/1.1 201 Created"
2025-09-11 14:28:42,173 - __main__ - INFO - Updated general beds for hospital 5 to 996
2025-09-11 14:28:42,184 - httpx - INFO - HTTP Request: POST http://localhost:8002/api/beds/update "HTTP/1.1 201 Created"
2025-09-11 14:28:42,184 - __main__ - INFO - Updated icu beds for hospital 5 to 200
2025-09-11 14:28:42,194 - httpx - INFO - HTTP Request: GET http://localhost:8002/api/beds/current/6 "HTTP/1.1 200 OK"
2025-09-11 14:28:42,207 - httpx - INFO - HTTP Request: POST http://localhost:8002/api/beds/update "HTTP/1.1 201 Created"
2025-09-11 14:28:42,208 - __main__ - INFO - Updated general beds for hospital 6 to 500
2025-09-11 14:28:42,218 - httpx - INFO - HTTP Request: GET http://localhost:8002/api/beds/current/7 "HTTP/1.1 200 OK"
2025-09-11 14:28:42,229 - httpx - INFO - HTTP Request: POST http://localhost:8002/api/beds/update "HTTP/1.1 201 Created"
2025-09-11 14:28:42,229 - __main__ - INFO - Updated general beds for hospital 7 to 500
2025-09-11 14:28:42,239 - httpx - INFO - HTTP Request: GET http://localhost:8002/api/beds/current/8 "HTTP/1.1 200 OK"
2025-09-11 14:28:42,250 - httpx - INFO - HTTP Request: POST http://localhost:8002/api/beds/update "HTTP/1.1 201 Created"
2025-09-11 14:28:42,250 - __main__ - INFO - Updated general beds for hospital 8 to 470
2025-09-11 14:28:42,261 - httpx - INFO - HTTP Request: POST http://localhost:8002/api/beds/update "HTTP/1.1 201 Created"
2025-09-11 14:28:42,262 - __main__ - INFO - Updated icu beds for hospital 8 to 92
2025-09-11 14:28:42,271 - httpx - INFO - HTTP Request: GET http://localhost:8002/api/beds/current/9 "HTTP/1.1 200 OK"
2025-09-11 14:28:42,283 - httpx - INFO - HTTP Request: POST http://localhost:8002/api/beds/update "HTTP/1.1 201 Created"
2025-09-11 14:28:42,283 - __main__ - INFO - Updated general beds for hospital 9 to 394
2025-09-11 14:28:42,295 - httpx - INFO - HTTP Request: POST http://localhost:8002/api/beds/update "HTTP/1.1 201 Created"
2025-09-11 14:28:42,295 - __main__ - INFO - Updated icu beds for hospital 9 to 80
2025-09-11 14:28:42,308 - httpx - INFO - HTTP Request: GET http://localhost:8002/api/beds/current/10 "HTTP/1.1 200 OK"
2025-09-11 14:28:42,319 - httpx - INFO - HTTP Request: POST http://localhost:8002/api/beds/update "HTTP/1.1 201 Created"
2025-09-11 14:28:42,319 - __main__ - INFO - Updated general beds for hospital 10 to 1496
2025-09-11 14:28:42,331 - httpx - INFO - HTTP Request: POST http://localhost:8002/api/beds/update "HTTP/1.1 201 Created"
2025-09-11 14:28:42,331 - __main__ - INFO - Updated icu beds for hospital 10 to 300
2025-09-11 14:28:42,340 - httpx - INFO - HTTP Request: GET http://localhost:8002/api/beds/current/11 "HTTP/1.1 200 OK"
2025-09-11 14:28:42,352 - httpx - INFO - HTTP Request: POST http://localhost:8002/api/beds/update "HTTP/1.1 201 Created"
2025-09-11 14:28:42,352 - __main__ - INFO - Updated general beds for hospital 11 to 445
2025-09-11 14:28:42,364 - httpx - INFO - HTTP Request: POST http://localhost:8002/api/beds/update "HTTP/1.1 201 Created"
2025-09-11 14:28:42,365 - __main__ - INFO - Updated icu beds for hospital 11 to 86
2025-09-11 14:28:42,375 - httpx - INFO - HTTP Request: GET http://localhost:8002/api/beds/current/12 "HTTP/1.1 200 OK"
2025-09-11 14:28:42,428 - httpx - INFO - HTTP Request: POST http://localhost:8002/api/beds/update "HTTP/1.1 201 Created"
2025-09-11 14:28:42,428 - __main__ - INFO - Updated general beds for hospital 12 to 350
2025-09-11 14:28:42,440 - httpx - INFO - HTTP Request: POST http://localhost:8002/api/beds/update "HTTP/1.1 201 Created"
2025-09-11 14:28:42,440 - __main__ - INFO - Updated icu beds for hospital 12 to 67
2025-09-11 14:28:42,450 - httpx - INFO - HTTP Request: GET http://localhost:8002/api/beds/current/13 "HTTP/1.1 200 OK"
2025-09-11 14:28:42,462 - httpx - INFO - HTTP Request: POST http://localhost:8002/api/beds/update "HTTP/1.1 201 Created"
2025-09-11 14:28:42,462 - __main__ - INFO - Updated general beds for hospital 13 to 247
2025-09-11 14:28:42,474 - httpx - INFO - HTTP Request: POST http://localhost:8002/api/beds/update "HTTP/1.1 201 Created"
2025-09-11 14:28:42,474 - __main__ - INFO - Updated icu beds for hospital 13 to 50
2025-09-11 14:28:42,484 - httpx - INFO - HTTP Request: GET http://localhost:8002/api/beds/current/14 "HTTP/1.1 200 OK"
2025-09-11 14:28:42,495 - httpx - INFO - HTTP Request: POST http://localhost:8002/api/beds/update "HTTP/1.1 201 Created"
2025-09-11 14:28:42,496 - __main__ - INFO - Updated general beds for hospital 14 to 607
2025-09-11 14:28:42,506 - httpx - INFO - HTTP Request: GET http://localhost:8002/api/beds/current/15 "HTTP/1.1 200 OK"
2025-09-11 14:28:42,522 - httpx - INFO - HTTP Request: POST http://localhost:8002/api/beds/update "HTTP/1.1 201 Created"
2025-09-11 14:28:42,522 - __main__ - INFO - Updated general beds for hospital 15 to 271
2025-09-11 14:28:42,544 - httpx - INFO - HTTP Request: GET http://localhost:8002/api/beds/current/16 "HTTP/1.1 200 OK"
2025-09-11 14:28:42,560 - httpx - INFO - HTTP Request: POST http://localhost:8002/api/beds/update "HTTP/1.1 201 Created"
2025-09-11 14:28:42,561 - __main__ - INFO - Updated general beds for hospital 16 to 272
2025-09-11 14:28:42,572 - httpx - INFO - HTTP Request: GET http://localhost:8002/api/beds/current/17 "HTTP/1.1 200 OK"
2025-09-11 14:28:42,584 - httpx - INFO - HTTP Request: POST http://localhost:8002/api/beds/update "HTTP/1.1 201 Created"
2025-09-11 14:28:42,584 - __main__ - INFO - Updated general beds for hospital 17 to 84
2025-09-11 14:28:42,596 - httpx - INFO - HTTP Request: GET http://localhost:8002/api/beds/current/18 "HTTP/1.1 200 OK"
2025-09-11 14:28:42,616 - httpx - INFO - HTTP Request: POST http://localhost:8002/api/beds/update "HTTP/1.1 201 Created"
2025-09-11 14:28:42,616 - __main__ - INFO - Updated general beds for hospital 18 to 196
2025-09-11 14:28:42,630 - httpx - INFO - HTTP Request: GET http://localhost:8002/api/beds/current/19 "HTTP/1.1 200 OK"
2025-09-11 14:28:42,649 - httpx - INFO - HTTP Request: POST http://localhost:8002/api/beds/update "HTTP/1.1 201 Created"
2025-09-11 14:28:42,650 - __main__ - INFO - Updated general beds for hospital 19 to 195
2025-09-11 14:28:42,674 - httpx - INFO - HTTP Request: POST http://localhost:8002/api/beds/update "HTTP/1.1 201 Created"
2025-09-11 14:28:42,675 - __main__ - INFO - Updated icu beds for hospital 19 to 34
2025-09-11 14:28:42,698 - httpx - INFO - HTTP Request: GET http://localhost:8002/api/beds/current/20 "HTTP/1.1 200 OK"
2025-09-11 14:28:42,725 - httpx - INFO - HTTP Request: POST http://localhost:8002/api/beds/update "HTTP/1.1 201 Created"
2025-09-11 14:28:42,726 - __main__ - INFO - Updated general beds for hospital 20 to 192
2025-09-11 14:28:42,764 - httpx - INFO - HTTP Request: POST http://localhost:8002/api/beds/update "HTTP/1.1 201 Created"
2025-09-11 14:28:42,765 - __main__ - INFO - Updated icu beds for hospital 20 to 39
2025-09-11 14:29:02,832 - httpx - INFO - HTTP Request: GET http://localhost:8002/api/beds/current/1 "HTTP/1.1 200 OK"
2025-09-11 14:29:02,860 - httpx - INFO - HTTP Request: POST http://localhost:8002/api/beds/update "HTTP/1.1 201 Created"
2025-09-11 14:29:02,861 - __main__ - INFO - Updated general beds for hospital 1 to 994
2025-09-11 14:29:02,872 - httpx - INFO - HTTP Request: GET http://localhost:8002/api/beds/current/2 "HTTP/1.1 200 OK"
2025-09-11 14:29:02,893 - httpx - INFO - HTTP Request: POST http://localhost:8002/api/beds/update "HTTP/1.1 201 Created"
2025-09-11 14:29:02,894 - __main__ - INFO - Updated general beds for hospital 2 to 686
2025-09-11 14:29:02,915 - httpx - INFO - HTTP Request: POST http://localhost:8002/api/beds/update "HTTP/1.1 201 Created"
2025-09-11 14:29:02,915 - __main__ - INFO - Updated icu beds for hospital 2 to 135
2025-09-11 14:29:02,926 - httpx - INFO - HTTP Request: GET http://localhost:8002/api/beds/current/3 "HTTP/1.1 200 OK"
2025-09-11 14:29:02,944 - httpx - INFO - HTTP Request: POST http://localhost:8002/api/beds/update "HTTP/1.1 201 Created"
2025-09-11 14:29:02,945 - __main__ - INFO - Updated general beds for hospital 3 to 280
2025-09-11 14:29:02,965 - httpx - INFO - HTTP Request: POST http://localhost:8002/api/beds/update "HTTP/1.1 201 Created"
2025-09-11 14:29:02,965 - __main__ - INFO - Updated icu beds for hospital 3 to 52
2025-09-11 14:29:02,980 - httpx - INFO - HTTP Request: GET http://localhost:8002/api/beds/current/4 "HTTP/1.1 200 OK"
2025-09-11 14:29:02,996 - httpx - INFO - HTTP Request: POST http://localhost:8002/api/beds/update "HTTP/1.1 201 Created"
2025-09-11 14:29:02,996 - __main__ - INFO - Updated general beds for hospital 4 to 1144
2025-09-11 14:29:03,011 - httpx - INFO - HTTP Request: POST http://localhost:8002/api/beds/update "HTTP/1.1 201 Created"
2025-09-11 14:29:03,011 - __main__ - INFO - Updated icu beds for hospital 4 to 227
2025-09-11 14:29:03,024 - httpx - INFO - HTTP Request: GET http://localhost:8002/api/beds/current/5 "HTTP/1.1 200 OK"
2025-09-11 14:29:03,043 - httpx - INFO - HTTP Request: POST http://localhost:8002/api/beds/update "HTTP/1.1 201 Created"
2025-09-11 14:29:03,043 - __main__ - INFO - Updated general beds for hospital 5 to 993
2025-09-11 14:29:03,056 - httpx - INFO - HTTP Request: POST http://localhost:8002/api/beds/update "HTTP/1.1 201 Created"
2025-09-11 14:29:03,057 - __main__ - INFO - Updated icu beds for hospital 5 to 200
2025-09-11 14:29:03,072 - httpx - INFO - HTTP Request: GET http://localhost:8002/api/beds/current/6 "HTTP/1.1 200 OK"
2025-09-11 14:29:03,087 - httpx - INFO - HTTP Request: POST http://localhost:8002/api/beds/update "HTTP/1.1 201 Created"
2025-09-11 14:29:03,087 - __main__ - INFO - Updated general beds for hospital 6 to 499
2025-09-11 14:29:03,106 - httpx - INFO - HTTP Request: POST http://localhost:8002/api/beds/update "HTTP/1.1 201 Created"
2025-09-11 14:29:03,106 - __main__ - INFO - Updated icu beds for hospital 6 to 99
2025-09-11 14:29:03,120 - httpx - INFO - HTTP Request: GET http://localhost:8002/api/beds/current/7 "HTTP/1.1 200 OK"
2025-09-11 14:29:03,209 - httpx - INFO - HTTP Request: POST http://localhost:8002/api/beds/update "HTTP/1.1 201 Created"
2025-09-11 14:29:03,209 - __main__ - INFO - Updated general beds for hospital 7 to 500
2025-09-11 14:29:03,235 - httpx - INFO - HTTP Request: POST http://localhost:8002/api/beds/update "HTTP/1.1 201 Created"
2025-09-11 14:29:03,235 - __main__ - INFO - Updated icu beds for hospital 7 to 100
2025-09-11 14:29:03,251 - httpx - INFO - HTTP Request: GET http://localhost:8002/api/beds/current/8 "HTTP/1.1 200 OK"
2025-09-11 14:29:03,283 - httpx - INFO - HTTP Request: GET http://localhost:8002/api/beds/current/9 "HTTP/1.1 200 OK"
2025-09-11 14:29:03,302 - httpx - INFO - HTTP Request: POST http://localhost:8002/api/beds/update "HTTP/1.1 201 Created"
2025-09-11 14:29:03,303 - __main__ - INFO - Updated general beds for hospital 9 to 391
2025-09-11 14:29:03,326 - httpx - INFO - HTTP Request: POST http://localhost:8002/api/beds/update "HTTP/1.1 201 Created"
2025-09-11 14:29:03,326 - __main__ - INFO - Updated icu beds for hospital 9 to 80
2025-09-11 14:29:03,341 - httpx - INFO - HTTP Request: GET http://localhost:8002/api/beds/current/10 "HTTP/1.1 200 OK"
2025-09-11 14:29:03,356 - httpx - INFO - HTTP Request: POST http://localhost:8002/api/beds/update "HTTP/1.1 201 Created"
2025-09-11 14:29:03,356 - __main__ - INFO - Updated general beds for hospital 10 to 1494
2025-09-11 14:29:03,372 - httpx - INFO - HTTP Request: POST http://localhost:8002/api/beds/update "HTTP/1.1 201 Created"
2025-09-11 14:29:03,372 - __main__ - INFO - Updated icu beds for hospital 10 to 300
2025-09-11 14:29:03,389 - httpx - INFO - HTTP Request: GET http://localhost:8002/api/beds/current/11 "HTTP/1.1 200 OK"
2025-09-11 14:29:03,405 - httpx - INFO - HTTP Request: POST http://localhost:8002/api/beds/update "HTTP/1.1 201 Created"
2025-09-11 14:29:03,405 - __main__ - INFO - Updated general beds for hospital 11 to 448
2025-09-11 14:29:03,425 - httpx - INFO - HTTP Request: POST http://localhost:8002/api/beds/update "HTTP/1.1 201 Created"
2025-09-11 14:29:03,425 - __main__ - INFO - Updated icu beds for hospital 11 to 84
2025-09-11 14:29:03,441 - httpx - INFO - HTTP Request: GET http://localhost:8002/api/beds/current/12 "HTTP/1.1 200 OK"
2025-09-11 14:29:03,458 - httpx - INFO - HTTP Request: POST http://localhost:8002/api/beds/update "HTTP/1.1 201 Created"
2025-09-11 14:29:03,458 - __main__ - INFO - Updated general beds for hospital 12 to 350
2025-09-11 14:29:03,475 - httpx - INFO - HTTP Request: GET http://localhost:8002/api/beds/current/13 "HTTP/1.1 200 OK"
2025-09-11 14:29:03,492 - httpx - INFO - HTTP Request: POST http://localhost:8002/api/beds/update "HTTP/1.1 201 Created"
2025-09-11 14:29:03,493 - __main__ - INFO - Updated general beds for hospital 13 to 246
2025-09-11 14:29:03,509 - httpx - INFO - HTTP Request: POST http://localhost:8002/api/beds/update "HTTP/1.1 201 Created"
2025-09-11 14:29:03,509 - __main__ - INFO - Updated icu beds for hospital 13 to 50
2025-09-11 14:29:03,523 - httpx - INFO - HTTP Request: GET http://localhost:8002/api/beds/current/14 "HTTP/1.1 200 OK"
2025-09-11 14:29:03,540 - httpx - INFO - HTTP Request: POST http://localhost:8002/api/beds/update "HTTP/1.1 201 Created"
2025-09-11 14:29:03,540 - __main__ - INFO - Updated general beds for hospital 14 to 606
2025-09-11 14:29:03,555 - httpx - INFO - HTTP Request: POST http://localhost:8002/api/beds/update "HTTP/1.1 201 Created"
2025-09-11 14:29:03,556 - __main__ - INFO - Updated icu beds for hospital 14 to 118
2025-09-11 14:29:03,569 - httpx - INFO - HTTP Request: GET http://localhost:8002/api/beds/current/15 "HTTP/1.1 200 OK"
2025-09-11 14:29:03,585 - httpx - INFO - HTTP Request: POST http://localhost:8002/api/beds/update "HTTP/1.1 201 Created"
2025-09-11 14:29:03,585 - __main__ - INFO - Updated general beds for hospital 15 to 269
2025-09-11 14:29:03,600 - httpx - INFO - HTTP Request: POST http://localhost:8002/api/beds/update "HTTP/1.1 201 Created"
2025-09-11 14:29:03,600 - __main__ - INFO - Updated icu beds for hospital 15 to 53
2025-09-11 14:29:03,613 - httpx - INFO - HTTP Request: GET http://localhost:8002/api/beds/current/16 "HTTP/1.1 200 OK"
2025-09-11 14:29:03,629 - httpx - INFO - HTTP Request: POST http://localhost:8002/api/beds/update "HTTP/1.1 201 Created"
2025-09-11 14:29:03,630 - __main__ - INFO - Updated general beds for hospital 16 to 274
2025-09-11 14:29:03,657 - httpx - INFO - HTTP Request: POST http://localhost:8002/api/beds/update "HTTP/1.1 201 Created"
2025-09-11 14:29:03,657 - __main__ - INFO - Updated icu beds for hospital 16 to 54
2025-09-11 14:29:03,672 - httpx - INFO - HTTP Request: GET http://localhost:8002/api/beds/current/17 "HTTP/1.1 200 OK"
2025-09-11 14:29:03,694 - httpx - INFO - HTTP Request: POST http://localhost:8002/api/beds/update "HTTP/1.1 201 Created"
2025-09-11 14:29:03,694 - __main__ - INFO - Updated general beds for hospital 17 to 85
2025-09-11 14:29:03,715 - httpx - INFO - HTTP Request: POST http://localhost:8002/api/beds/update "HTTP/1.1 201 Created"
2025-09-11 14:29:03,716 - __main__ - INFO - Updated icu beds for hospital 17 to 17
2025-09-11 14:29:03,734 - httpx - INFO - HTTP Request: GET http://localhost:8002/api/beds/current/18 "HTTP/1.1 200 OK"
2025-09-11 14:29:03,752 - httpx - INFO - HTTP Request: POST http://localhost:8002/api/beds/update "HTTP/1.1 201 Created"
2025-09-11 14:29:03,753 - __main__ - INFO - Updated general beds for hospital 18 to 195
2025-09-11 14:29:03,768 - httpx - INFO - HTTP Request: POST http://localhost:8002/api/beds/update "HTTP/1.1 201 Created"
2025-09-11 14:29:03,768 - __main__ - INFO - Updated icu beds for hospital 18 to 40
2025-09-11 14:29:03,786 - httpx - INFO - HTTP Request: GET http://localhost:8002/api/beds/current/19 "HTTP/1.1 200 OK"
2025-09-11 14:29:03,809 - httpx - INFO - HTTP Request: POST http://localhost:8002/api/beds/update "HTTP/1.1 201 Created"
2025-09-11 14:29:03,810 - __main__ - INFO - Updated general beds for hospital 19 to 193
2025-09-11 14:29:03,828 - httpx - INFO - HTTP Request: POST http://localhost:8002/api/beds/update "HTTP/1.1 201 Created"
2025-09-11 14:29:03,828 - __main__ - INFO - Updated icu beds for hospital 19 to 36
2025-09-11 14:29:03,845 - httpx - INFO - HTTP Request: GET http://localhost:8002/api/beds/current/20 "HTTP/1.1 200 OK"
2025-09-11 14:29:03,858 - httpx - INFO - HTTP Request: POST http://localhost:8002/api/beds/update "HTTP/1.1 201 Created"
2025-09-11 14:29:03,859 - __main__ - INFO - Updated general beds for hospital 20 to 193
2025-09-11 14:29:03,886 - httpx - INFO - HTTP Request: POST http://localhost:8002/api/beds/update "HTTP/1.1 201 Created"
2025-09-11 14:29:03,886 - __main__ - INFO - Updated icu beds for hospital 20 to 40
2025-09-11 14:29:23,950 - httpx - INFO - HTTP Request: GET http://localhost:8002/api/beds/current/1 "HTTP/1.1 200 OK"
2025-09-11 14:29:24,016 - httpx - INFO - HTTP Request: GET http://localhost:8002/api/beds/current/2 "HTTP/1.1 200 OK"
2025-09-11 14:29:24,032 - httpx - INFO - HTTP Request: POST http://localhost:8002/api/beds/update "HTTP/1.1 201 Created"
2025-09-11 14:29:24,033 - __main__ - INFO - Updated general beds for hospital 2 to 684
2025-09-11 14:29:24,042 - httpx - INFO - HTTP Request: GET http://localhost:8002/api/beds/current/3 "HTTP/1.1 200 OK"
2025-09-11 14:29:24,055 - httpx - INFO - HTTP Request: POST http://localhost:8002/api/beds/update "HTTP/1.1 201 Created"
2025-09-11 14:29:24,055 - __main__ - INFO - Updated general beds for hospital 3 to 283
2025-09-11 14:29:24,073 - httpx - INFO - HTTP Request: POST http://localhost:8002/api/beds/update "HTTP/1.1 201 Created"
2025-09-11 14:29:24,073 - __main__ - INFO - Updated icu beds for hospital 3 to 54
2025-09-11 14:29:24,086 - httpx - INFO - HTTP Request: GET http://localhost:8002/api/beds/current/4 "HTTP/1.1 200 OK"
2025-09-11 14:29:24,097 - httpx - INFO - HTTP Request: POST http://localhost:8002/api/beds/update "HTTP/1.1 201 Created"
2025-09-11 14:29:24,097 - __main__ - INFO - Updated general beds for hospital 4 to 1141
2025-09-11 14:29:24,106 - httpx - INFO - HTTP Request: GET http://localhost:8002/api/beds/current/5 "HTTP/1.1 200 OK"
2025-09-11 14:29:24,118 - httpx - INFO - HTTP Request: POST http://localhost:8002/api/beds/update "HTTP/1.1 201 Created"
2025-09-11 14:29:24,118 - __main__ - INFO - Updated general beds for hospital 5 to 996
2025-09-11 14:29:24,128 - httpx - INFO - HTTP Request: POST http://localhost:8002/api/beds/update "HTTP/1.1 201 Created"
2025-09-11 14:29:24,128 - __main__ - INFO - Updated icu beds for hospital 5 to 198
2025-09-11 14:29:24,138 - httpx - INFO - HTTP Request: GET http://localhost:8002/api/beds/current/6 "HTTP/1.1 200 OK"
2025-09-11 14:29:24,153 - httpx - INFO - HTTP Request: POST http://localhost:8002/api/beds/update "HTTP/1.1 201 Created"
2025-09-11 14:29:24,153 - __main__ - INFO - Updated general beds for hospital 6 to 500
2025-09-11 14:29:24,181 - httpx - INFO - HTTP Request: POST http://localhost:8002/api/beds/update "HTTP/1.1 201 Created"
2025-09-11 14:29:24,182 - __main__ - INFO - Updated icu beds for hospital 6 to 100
2025-09-11 14:29:24,202 - httpx - INFO - HTTP Request: GET http://localhost:8002/api/beds/current/7 "HTTP/1.1 200 OK"
2025-09-11 14:29:24,218 - httpx - INFO - HTTP Request: POST http://localhost:8002/api/beds/update "HTTP/1.1 201 Created"
2025-09-11 14:29:24,218 - __main__ - INFO - Updated general beds for hospital 7 to 498
2025-09-11 14:29:24,243 - httpx - INFO - HTTP Request: POST http://localhost:8002/api/beds/update "HTTP/1.1 201 Created"
2025-09-11 14:29:24,243 - __main__ - INFO - Updated icu beds for hospital 7 to 98
2025-09-11 14:29:24,258 - httpx - INFO - HTTP Request: GET http://localhost:8002/api/beds/current/8 "HTTP/1.1 200 OK"
2025-09-11 14:29:24,282 - httpx - INFO - HTTP Request: POST http://localhost:8002/api/beds/update "HTTP/1.1 201 Created"
2025-09-11 14:29:24,283 - __main__ - INFO - Updated general beds for hospital 8 to 468
2025-09-11 14:29:24,302 - httpx - INFO - HTTP Request: GET http://localhost:8002/api/beds/current/9 "HTTP/1.1 200 OK"
2025-09-11 14:29:24,324 - httpx - INFO - HTTP Request: POST http://localhost:8002/api/beds/update "HTTP/1.1 201 Created"
2025-09-11 14:29:24,324 - __main__ - INFO - Updated general beds for hospital 9 to 394
2025-09-11 14:29:24,344 - httpx - INFO - HTTP Request: POST http://localhost:8002/api/beds/update "HTTP/1.1 201 Created"
2025-09-11 14:29:24,344 - __main__ - INFO - Updated icu beds for hospital 9 to 80
2025-09-11 14:29:24,366 - httpx - INFO - HTTP Request: GET http://localhost:8002/api/beds/current/10 "HTTP/1.1 200 OK"
2025-09-11 14:29:24,384 - httpx - INFO - HTTP Request: POST http://localhost:8002/api/beds/update "HTTP/1.1 201 Created"
2025-09-11 14:29:24,384 - __main__ - INFO - Updated general beds for hospital 10 to 1497
2025-09-11 14:29:24,404 - httpx - INFO - HTTP Request: POST http://localhost:8002/api/beds/update "HTTP/1.1 201 Created"
2025-09-11 14:29:24,404 - __main__ - INFO - Updated icu beds for hospital 10 to 300
2025-09-11 14:29:24,420 - httpx - INFO - HTTP Request: GET http://localhost:8002/api/beds/current/11 "HTTP/1.1 200 OK"
2025-09-11 14:29:24,441 - httpx - INFO - HTTP Request: POST http://localhost:8002/api/beds/update "HTTP/1.1 201 Created"
2025-09-11 14:29:24,442 - __main__ - INFO - Updated general beds for hospital 11 to 445
2025-09-11 14:29:24,462 - httpx - INFO - HTTP Request: POST http://localhost:8002/api/beds/update "HTTP/1.1 201 Created"
2025-09-11 14:29:24,462 - __main__ - INFO - Updated icu beds for hospital 11 to 86
2025-09-11 14:29:24,482 - httpx - INFO - HTTP Request: GET http://localhost:8002/api/beds/current/12 "HTTP/1.1 200 OK"
2025-09-11 14:29:24,502 - httpx - INFO - HTTP Request: POST http://localhost:8002/api/beds/update "HTTP/1.1 201 Created"
2025-09-11 14:29:24,502 - __main__ - INFO - Updated general beds for hospital 12 to 350
2025-09-11 14:29:24,528 - httpx - INFO - HTTP Request: POST http://localhost:8002/api/beds/update "HTTP/1.1 201 Created"
2025-09-11 14:29:24,528 - __main__ - INFO - Updated icu beds for hospital 12 to 66
2025-09-11 14:29:24,543 - httpx - INFO - HTTP Request: GET http://localhost:8002/api/beds/current/13 "HTTP/1.1 200 OK"
2025-09-11 14:29:24,562 - httpx - INFO - HTTP Request: POST http://localhost:8002/api/beds/update "HTTP/1.1 201 Created"
2025-09-11 14:29:24,562 - __main__ - INFO - Updated general beds for hospital 13 to 247
2025-09-11 14:29:24,581 - httpx - INFO - HTTP Request: GET http://localhost:8002/api/beds/current/14 "HTTP/1.1 200 OK"
2025-09-11 14:29:24,600 - httpx - INFO - HTTP Request: POST http://localhost:8002/api/beds/update "HTTP/1.1 201 Created"
2025-09-11 14:29:24,601 - __main__ - INFO - Updated general beds for hospital 14 to 607
2025-09-11 14:29:24,620 - httpx - INFO - HTTP Request: POST http://localhost:8002/api/beds/update "HTTP/1.1 201 Created"
2025-09-11 14:29:24,620 - __main__ - INFO - Updated icu beds for hospital 14 to 116
2025-09-11 14:29:24,648 - httpx - INFO - HTTP Request: GET http://localhost:8002/api/beds/current/15 "HTTP/1.1 200 OK"
2025-09-11 14:29:24,668 - httpx - INFO - HTTP Request: POST http://localhost:8002/api/beds/update "HTTP/1.1 201 Created"
2025-09-11 14:29:24,669 - __main__ - INFO - Updated icu beds for hospital 15 to 54
2025-09-11 14:29:24,694 - httpx - INFO - HTTP Request: GET http://localhost:8002/api/beds/current/16 "HTTP/1.1 200 OK"
2025-09-11 14:29:24,721 - httpx - INFO - HTTP Request: POST http://localhost:8002/api/beds/update "HTTP/1.1 201 Created"
2025-09-11 14:29:24,785 - __main__ - INFO - Updated icu beds for hospital 16 to 53
2025-09-11 14:29:24,803 - httpx - INFO - HTTP Request: GET http://localhost:8002/api/beds/current/17 "HTTP/1.1 200 OK"
2025-09-11 14:29:24,833 - httpx - INFO - HTTP Request: POST http://localhost:8002/api/beds/update "HTTP/1.1 201 Created"
2025-09-11 14:29:24,833 - __main__ - INFO - Updated general beds for hospital 17 to 82
2025-09-11 14:29:24,852 - httpx - INFO - HTTP Request: POST http://localhost:8002/api/beds/update "HTTP/1.1 201 Created"
2025-09-11 14:29:24,853 - __main__ - INFO - Updated icu beds for hospital 17 to 18
2025-09-11 14:29:24,870 - httpx - INFO - HTTP Request: GET http://localhost:8002/api/beds/current/18 "HTTP/1.1 200 OK"
2025-09-11 14:29:24,889 - httpx - INFO - HTTP Request: POST http://localhost:8002/api/beds/update "HTTP/1.1 201 Created"
2025-09-11 14:29:24,889 - __main__ - INFO - Updated general beds for hospital 18 to 192
2025-09-11 14:29:24,919 - httpx - INFO - HTTP Request: POST http://localhost:8002/api/beds/update "HTTP/1.1 201 Created"
2025-09-11 14:29:24,920 - __main__ - INFO - Updated icu beds for hospital 18 to 38
2025-09-11 14:29:24,940 - httpx - INFO - HTTP Request: GET http://localhost:8002/api/beds/current/19 "HTTP/1.1 200 OK"
2025-09-11 14:29:24,977 - httpx - INFO - HTTP Request: POST http://localhost:8002/api/beds/update "HTTP/1.1 201 Created"
2025-09-11 14:29:24,978 - __main__ - INFO - Updated general beds for hospital 19 to 194
2025-09-11 14:29:25,006 - httpx - INFO - HTTP Request: POST http://localhost:8002/api/beds/update "HTTP/1.1 201 Created"
2025-09-11 14:29:25,007 - __main__ - INFO - Updated icu beds for hospital 19 to 34
2025-09-11 14:29:25,028 - httpx - INFO - HTTP Request: GET http://localhost:8002/api/beds/current/20 "HTTP/1.1 200 OK"
2025-09-11 14:29:25,050 - httpx - INFO - HTTP Request: POST http://localhost:8002/api/beds/update "HTTP/1.1 201 Created"
2025-09-11 14:29:25,051 - __main__ - INFO - Updated icu beds for hospital 20 to 39
2025-09-11 14:29:45,107 - httpx - INFO - HTTP Request: GET http://localhost:8002/api/beds/current/1 "HTTP/1.1 200 OK"
2025-09-11 14:29:45,140 - httpx - INFO - HTTP Request: POST http://localhost:8002/api/beds/update "HTTP/1.1 201 Created"
2025-09-11 14:29:45,141 - __main__ - INFO - Updated general beds for hospital 1 to 996
2025-09-11 14:29:45,166 - httpx - INFO - HTTP Request: POST http://localhost:8002/api/beds/update "HTTP/1.1 201 Created"
2025-09-11 14:29:45,167 - __main__ - INFO - Updated icu beds for hospital 1 to 189
2025-09-11 14:29:45,183 - httpx - INFO - HTTP Request: GET http://localhost:8002/api/beds/current/2 "HTTP/1.1 200 OK"
2025-09-11 14:29:45,217 - httpx - INFO - HTTP Request: POST http://localhost:8002/api/beds/update "HTTP/1.1 201 Created"
2025-09-11 14:29:45,218 - __main__ - INFO - Updated general beds for hospital 2 to 682
2025-09-11 14:29:45,246 - httpx - INFO - HTTP Request: GET http://localhost:8002/api/beds/current/3 "HTTP/1.1 200 OK"
2025-09-11 14:29:45,288 - httpx - INFO - HTTP Request: POST http://localhost:8002/api/beds/update "HTTP/1.1 201 Created"
2025-09-11 14:29:45,289 - __main__ - INFO - Updated general beds for hospital 3 to 280
2025-09-11 14:29:45,318 - httpx - INFO - HTTP Request: POST http://localhost:8002/api/beds/update "HTTP/1.1 201 Created"
2025-09-11 14:29:45,318 - __main__ - INFO - Updated icu beds for hospital 3 to 53
2025-09-11 14:29:45,336 - httpx - INFO - HTTP Request: GET http://localhost:8002/api/beds/current/4 "HTTP/1.1 200 OK"
2025-09-11 14:29:45,351 - httpx - INFO - HTTP Request: POST http://localhost:8002/api/beds/update "HTTP/1.1 201 Created"
2025-09-11 14:29:45,352 - __main__ - INFO - Updated general beds for hospital 4 to 1142
2025-09-11 14:29:45,373 - httpx - INFO - HTTP Request: POST http://localhost:8002/api/beds/update "HTTP/1.1 201 Created"
2025-09-11 14:29:45,373 - __main__ - INFO - Updated icu beds for hospital 4 to 229
2025-09-11 14:29:45,390 - httpx - INFO - HTTP Request: GET http://localhost:8002/api/beds/current/5 "HTTP/1.1 200 OK"
2025-09-11 14:29:45,407 - httpx - INFO - HTTP Request: POST http://localhost:8002/api/beds/update "HTTP/1.1 201 Created"
2025-09-11 14:29:45,407 - __main__ - INFO - Updated general beds for hospital 5 to 997
2025-09-11 14:29:45,423 - httpx - INFO - HTTP Request: POST http://localhost:8002/api/beds/update "HTTP/1.1 201 Created"
2025-09-11 14:29:45,423 - __main__ - INFO - Updated icu beds for hospital 5 to 200
2025-09-11 14:29:45,440 - httpx - INFO - HTTP Request: GET http://localhost:8002/api/beds/current/6 "HTTP/1.1 200 OK"
2025-09-11 14:29:45,457 - httpx - INFO - HTTP Request: POST http://localhost:8002/api/beds/update "HTTP/1.1 201 Created"
2025-09-11 14:29:45,457 - __main__ - INFO - Updated general beds for hospital 6 to 500
2025-09-11 14:29:45,475 - httpx - INFO - HTTP Request: POST http://localhost:8002/api/beds/update "HTTP/1.1 201 Created"
2025-09-11 14:29:45,475 - __main__ - INFO - Updated icu beds for hospital 6 to 98
2025-09-11 14:29:45,493 - httpx - INFO - HTTP Request: GET http://localhost:8002/api/beds/current/7 "HTTP/1.1 200 OK"
2025-09-11 14:29:45,509 - httpx - INFO - HTTP Request: GET http://localhost:8002/api/beds/current/8 "HTTP/1.1 200 OK"
2025-09-11 14:29:45,532 - httpx - INFO - HTTP Request: POST http://localhost:8002/api/beds/update "HTTP/1.1 201 Created"
2025-09-11 14:29:45,532 - __main__ - INFO - Updated general beds for hospital 8 to 470
2025-09-11 14:29:45,555 - httpx - INFO - HTTP Request: POST http://localhost:8002/api/beds/update "HTTP/1.1 201 Created"
2025-09-11 14:29:45,555 - __main__ - INFO - Updated icu beds for hospital 8 to 90
2025-09-11 14:29:45,580 - httpx - INFO - HTTP Request: GET http://localhost:8002/api/beds/current/9 "HTTP/1.1 200 OK"
2025-09-11 14:29:45,608 - httpx - INFO - HTTP Request: POST http://localhost:8002/api/beds/update "HTTP/1.1 201 Created"
2025-09-11 14:29:45,609 - __main__ - INFO - Updated general beds for hospital 9 to 397
2025-09-11 14:29:45,634 - httpx - INFO - HTTP Request: POST http://localhost:8002/api/beds/update "HTTP/1.1 201 Created"
2025-09-11 14:29:45,634 - __main__ - INFO - Updated icu beds for hospital 9 to 78
2025-09-11 14:29:45,653 - httpx - INFO - HTTP Request: GET http://localhost:8002/api/beds/current/10 "HTTP/1.1 200 OK"
2025-09-11 14:29:45,671 - httpx - INFO - HTTP Request: POST http://localhost:8002/api/beds/update "HTTP/1.1 201 Created"
2025-09-11 14:29:45,671 - __main__ - INFO - Updated general beds for hospital 10 to 1500
2025-09-11 14:29:45,693 - httpx - INFO - HTTP Request: POST http://localhost:8002/api/beds/update "HTTP/1.1 201 Created"
2025-09-11 14:29:45,694 - __main__ - INFO - Updated icu beds for hospital 10 to 299
2025-09-11 14:29:45,712 - httpx - INFO - HTTP Request: GET http://localhost:8002/api/beds/current/11 "HTTP/1.1 200 OK"
2025-09-11 14:29:45,829 - httpx - INFO - HTTP Request: POST http://localhost:8002/api/beds/update "HTTP/1.1 201 Created"
2025-09-11 14:29:45,832 - __main__ - INFO - Updated general beds for hospital 11 to 443
2025-09-11 14:29:45,870 - httpx - INFO - HTTP Request: POST http://localhost:8002/api/beds/update "HTTP/1.1 201 Created"
2025-09-11 14:29:45,871 - __main__ - INFO - Updated icu beds for hospital 11 to 85
2025-09-11 14:29:45,898 - httpx - INFO - HTTP Request: GET http://localhost:8002/api/beds/current/12 "HTTP/1.1 200 OK"
2025-09-11 14:29:45,922 - httpx - INFO - HTTP Request: POST http://localhost:8002/api/beds/update "HTTP/1.1 201 Created"
2025-09-11 14:29:45,922 - __main__ - INFO - Updated general beds for hospital 12 to 348
2025-09-11 14:29:45,952 - httpx - INFO - HTTP Request: POST http://localhost:8002/api/beds/update "HTTP/1.1 201 Created"
2025-09-11 14:29:45,953 - __main__ - INFO - Updated icu beds for hospital 12 to 65
2025-09-11 14:29:45,970 - httpx - INFO - HTTP Request: GET http://localhost:8002/api/beds/current/13 "HTTP/1.1 200 OK"
2025-09-11 14:29:45,995 - httpx - INFO - HTTP Request: POST http://localhost:8002/api/beds/update "HTTP/1.1 201 Created"
2025-09-11 14:29:45,995 - __main__ - INFO - Updated general beds for hospital 13 to 248
2025-09-11 14:29:46,015 - httpx - INFO - HTTP Request: POST http://localhost:8002/api/beds/update "HTTP/1.1 201 Created"
2025-09-11 14:29:46,016 - __main__ - INFO - Updated icu beds for hospital 13 to 49
2025-09-11 14:29:46,032 - httpx - INFO - HTTP Request: GET http://localhost:8002/api/beds/current/14 "HTTP/1.1 200 OK"
2025-09-11 14:29:46,052 - httpx - INFO - HTTP Request: POST http://localhost:8002/api/beds/update "HTTP/1.1 201 Created"
2025-09-11 14:29:46,053 - __main__ - INFO - Updated general beds for hospital 14 to 605
2025-09-11 14:29:46,071 - httpx - INFO - HTTP Request: GET http://localhost:8002/api/beds/current/15 "HTTP/1.1 200 OK"
2025-09-11 14:29:46,091 - httpx - INFO - HTTP Request: POST http://localhost:8002/api/beds/update "HTTP/1.1 201 Created"
2025-09-11 14:29:46,091 - __main__ - INFO - Updated icu beds for hospital 15 to 55
2025-09-11 14:29:46,119 - httpx - INFO - HTTP Request: GET http://localhost:8002/api/beds/current/16 "HTTP/1.1 200 OK"
2025-09-11 14:29:46,138 - httpx - INFO - HTTP Request: POST http://localhost:8002/api/beds/update "HTTP/1.1 201 Created"
2025-09-11 14:29:46,138 - __main__ - INFO - Updated general beds for hospital 16 to 277
2025-09-11 14:29:46,184 - httpx - INFO - HTTP Request: POST http://localhost:8002/api/beds/update "HTTP/1.1 201 Created"
2025-09-11 14:29:46,184 - __main__ - INFO - Updated icu beds for hospital 16 to 52
2025-09-11 14:29:46,224 - httpx - INFO - HTTP Request: GET http://localhost:8002/api/beds/current/17 "HTTP/1.1 200 OK"
2025-09-11 14:29:46,471 - httpx - INFO - HTTP Request: POST http://localhost:8002/api/beds/update "HTTP/1.1 201 Created"
2025-09-11 14:29:46,472 - __main__ - INFO - Updated general beds for hospital 17 to 85
2025-09-11 14:29:46,499 - httpx - INFO - HTTP Request: GET http://localhost:8002/api/beds/current/18 "HTTP/1.1 200 OK"
2025-09-11 14:29:46,539 - httpx - INFO - HTTP Request: POST http://localhost:8002/api/beds/update "HTTP/1.1 201 Created"
2025-09-11 14:29:46,540 - __main__ - INFO - Updated general beds for hospital 18 to 190
2025-09-11 14:29:46,583 - httpx - INFO - HTTP Request: POST http://localhost:8002/api/beds/update "HTTP/1.1 201 Created"
2025-09-11 14:29:46,583 - __main__ - INFO - Updated icu beds for hospital 18 to 40
2025-09-11 14:29:46,618 - httpx - INFO - HTTP Request: GET http://localhost:8002/api/beds/current/19 "HTTP/1.1 200 OK"
2025-09-11 14:29:46,652 - httpx - INFO - HTTP Request: POST http://localhost:8002/api/beds/update "HTTP/1.1 201 Created"
2025-09-11 14:29:46,653 - __main__ - INFO - Updated general beds for hospital 19 to 192
2025-09-11 14:29:46,683 - httpx - INFO - HTTP Request: POST http://localhost:8002/api/beds/update "HTTP/1.1 201 Created"
2025-09-11 14:29:46,683 - __main__ - INFO - Updated icu beds for hospital 19 to 32
2025-09-11 14:29:46,825 - httpx - INFO - HTTP Request: GET http://localhost:8002/api/beds/current/20 "HTTP/1.1 200 OK"
2025-09-11 14:29:46,874 - httpx - INFO - HTTP Request: POST http://localhost:8002/api/beds/update "HTTP/1.1 201 Created"
2025-09-11 14:29:46,875 - __main__ - INFO - Updated general beds for hospital 20 to 191
2025-09-11 14:29:46,902 - httpx - INFO - HTTP Request: POST http://localhost:8002/api/beds/update "HTTP/1.1 201 Created"
2025-09-11 14:29:46,902 - __main__ - INFO - Updated icu beds for hospital 20 to 40
2025-09-11 14:30:06,944 - httpx - INFO - HTTP Request: GET http://localhost:8002/api/beds/current/1 "HTTP/1.1 200 OK"
2025-09-11 14:30:06,962 - httpx - INFO - HTTP Request: POST http://localhost:8002/api/beds/update "HTTP/1.1 201 Created"
2025-09-11 14:30:06,963 - __main__ - INFO - Updated general beds for hospital 1 to 995
2025-09-11 14:30:06,984 - httpx - INFO - HTTP Request: POST http://localhost:8002/api/beds/update "HTTP/1.1 201 Created"
2025-09-11 14:30:06,984 - __main__ - INFO - Updated icu beds for hospital 1 to 188
2025-09-11 14:30:06,996 - httpx - INFO - HTTP Request: GET http://localhost:8002/api/beds/current/2 "HTTP/1.1 200 OK"
2025-09-11 14:30:07,009 - httpx - INFO - HTTP Request: POST http://localhost:8002/api/beds/update "HTTP/1.1 201 Created"
2025-09-11 14:30:07,009 - __main__ - INFO - Updated general beds for hospital 2 to 685
2025-09-11 14:30:07,022 - httpx - INFO - HTTP Request: POST http://localhost:8002/api/beds/update "HTTP/1.1 201 Created"
2025-09-11 14:30:07,022 - __main__ - INFO - Updated icu beds for hospital 2 to 133
2025-09-11 14:30:07,032 - httpx - INFO - HTTP Request: GET http://localhost:8002/api/beds/current/3 "HTTP/1.1 200 OK"
2025-09-11 14:30:07,046 - httpx - INFO - HTTP Request: POST http://localhost:8002/api/beds/update "HTTP/1.1 201 Created"
2025-09-11 14:30:07,046 - __main__ - INFO - Updated general beds for hospital 3 to 278
2025-09-11 14:30:07,057 - httpx - INFO - HTTP Request: POST http://localhost:8002/api/beds/update "HTTP/1.1 201 Created"
2025-09-11 14:30:07,057 - __main__ - INFO - Updated icu beds for hospital 3 to 54
2025-09-11 14:30:07,069 - httpx - INFO - HTTP Request: GET http://localhost:8002/api/beds/current/4 "HTTP/1.1 200 OK"
2025-09-11 14:30:07,088 - httpx - INFO - HTTP Request: POST http://localhost:8002/api/beds/update "HTTP/1.1 201 Created"
2025-09-11 14:30:07,088 - __main__ - INFO - Updated general beds for hospital 4 to 1140
2025-09-11 14:30:07,102 - httpx - INFO - HTTP Request: GET http://localhost:8002/api/beds/current/5 "HTTP/1.1 200 OK"
2025-09-11 14:30:07,184 - httpx - INFO - HTTP Request: POST http://localhost:8002/api/beds/update "HTTP/1.1 201 Created"
2025-09-11 14:30:07,185 - __main__ - INFO - Updated general beds for hospital 5 to 999
2025-09-11 14:30:07,210 - httpx - INFO - HTTP Request: GET http://localhost:8002/api/beds/current/6 "HTTP/1.1 200 OK"
2025-09-11 14:30:07,231 - httpx - INFO - HTTP Request: POST http://localhost:8002/api/beds/update "HTTP/1.1 201 Created"
2025-09-11 14:30:07,231 - __main__ - INFO - Updated icu beds for hospital 6 to 96
2025-09-11 14:30:07,248 - httpx - INFO - HTTP Request: GET http://localhost:8002/api/beds/current/7 "HTTP/1.1 200 OK"
2025-09-11 14:30:07,271 - httpx - INFO - HTTP Request: POST http://localhost:8002/api/beds/update "HTTP/1.1 201 Created"
2025-09-11 14:30:07,272 - __main__ - INFO - Updated general beds for hospital 7 to 495
2025-09-11 14:30:07,288 - httpx - INFO - HTTP Request: GET http://localhost:8002/api/beds/current/8 "HTTP/1.1 200 OK"
2025-09-11 14:30:07,307 - httpx - INFO - HTTP Request: POST http://localhost:8002/api/beds/update "HTTP/1.1 201 Created"
2025-09-11 14:30:07,307 - __main__ - INFO - Updated general beds for hospital 8 to 470
2025-09-11 14:30:07,327 - httpx - INFO - HTTP Request: POST http://localhost:8002/api/beds/update "HTTP/1.1 201 Created"
2025-09-11 14:30:07,327 - __main__ - INFO - Updated icu beds for hospital 8 to 88
2025-09-11 14:30:07,341 - httpx - INFO - HTTP Request: GET http://localhost:8002/api/beds/current/9 "HTTP/1.1 200 OK"
2025-09-11 14:30:07,366 - httpx - INFO - HTTP Request: POST http://localhost:8002/api/beds/update "HTTP/1.1 201 Created"
2025-09-11 14:30:07,367 - __main__ - INFO - Updated general beds for hospital 9 to 399
2025-09-11 14:30:07,385 - httpx - INFO - HTTP Request: POST http://localhost:8002/api/beds/update "HTTP/1.1 201 Created"
2025-09-11 14:30:07,385 - __main__ - INFO - Updated icu beds for hospital 9 to 79
2025-09-11 14:30:07,403 - httpx - INFO - HTTP Request: GET http://localhost:8002/api/beds/current/10 "HTTP/1.1 200 OK"
2025-09-11 14:30:07,420 - httpx - INFO - HTTP Request: POST http://localhost:8002/api/beds/update "HTTP/1.1 201 Created"
2025-09-11 14:30:07,421 - __main__ - INFO - Updated general beds for hospital 10 to 1499
2025-09-11 14:30:07,437 - httpx - INFO - HTTP Request: POST http://localhost:8002/api/beds/update "HTTP/1.1 201 Created"
2025-09-11 14:30:07,437 - __main__ - INFO - Updated icu beds for hospital 10 to 300
2025-09-11 14:30:07,452 - httpx - INFO - HTTP Request: GET http://localhost:8002/api/beds/current/11 "HTTP/1.1 200 OK"
2025-09-11 14:30:07,478 - httpx - INFO - HTTP Request: POST http://localhost:8002/api/beds/update "HTTP/1.1 201 Created"
2025-09-11 14:30:07,479 - __main__ - INFO - Updated general beds for hospital 11 to 442
2025-09-11 14:30:07,651 - httpx - INFO - HTTP Request: POST http://localhost:8002/api/beds/update "HTTP/1.1 201 Created"
2025-09-11 14:30:07,652 - __main__ - INFO - Updated icu beds for hospital 11 to 84
2025-09-11 14:30:07,674 - httpx - INFO - HTTP Request: GET http://localhost:8002/api/beds/current/12 "HTTP/1.1 200 OK"
2025-09-11 14:30:07,718 - httpx - INFO - HTTP Request: POST http://localhost:8002/api/beds/update "HTTP/1.1 201 Created"
2025-09-11 14:30:07,718 - __main__ - INFO - Updated general beds for hospital 12 to 346
2025-09-11 14:30:07,742 - httpx - INFO - HTTP Request: POST http://localhost:8002/api/beds/update "HTTP/1.1 201 Created"
2025-09-11 14:30:07,742 - __main__ - INFO - Updated icu beds for hospital 12 to 66
2025-09-11 14:30:07,760 - httpx - INFO - HTTP Request: GET http://localhost:8002/api/beds/current/13 "HTTP/1.1 200 OK"
2025-09-11 14:30:07,787 - httpx - INFO - HTTP Request: POST http://localhost:8002/api/beds/update "HTTP/1.1 201 Created"
2025-09-11 14:30:07,788 - __main__ - INFO - Updated general beds for hospital 13 to 249
2025-09-11 14:30:07,813 - httpx - INFO - HTTP Request: POST http://localhost:8002/api/beds/update "HTTP/1.1 201 Created"
2025-09-11 14:30:07,813 - __main__ - INFO - Updated icu beds for hospital 13 to 50
2025-09-11 14:30:07,831 - httpx - INFO - HTTP Request: GET http://localhost:8002/api/beds/current/14 "HTTP/1.1 200 OK"
2025-09-11 14:30:07,851 - httpx - INFO - HTTP Request: POST http://localhost:8002/api/beds/update "HTTP/1.1 201 Created"
2025-09-11 14:30:07,852 - __main__ - INFO - Updated general beds for hospital 14 to 602
2025-09-11 14:30:07,868 - httpx - INFO - HTTP Request: GET http://localhost:8002/api/beds/current/15 "HTTP/1.1 200 OK"
2025-09-11 14:30:07,887 - httpx - INFO - HTTP Request: POST http://localhost:8002/api/beds/update "HTTP/1.1 201 Created"
2025-09-11 14:30:07,888 - __main__ - INFO - Updated general beds for hospital 15 to 270
2025-09-11 14:30:07,908 - httpx - INFO - HTTP Request: POST http://localhost:8002/api/beds/update "HTTP/1.1 201 Created"
2025-09-11 14:30:07,908 - __main__ - INFO - Updated icu beds for hospital 15 to 54
2025-09-11 14:30:07,928 - httpx - INFO - HTTP Request: GET http://localhost:8002/api/beds/current/16 "HTTP/1.1 200 OK"
2025-09-11 14:30:07,949 - httpx - INFO - HTTP Request: POST http://localhost:8002/api/beds/update "HTTP/1.1 201 Created"
2025-09-11 14:30:07,949 - __main__ - INFO - Updated general beds for hospital 16 to 279
2025-09-11 14:30:07,971 - httpx - INFO - HTTP Request: POST http://localhost:8002/api/beds/update "HTTP/1.1 201 Created"
2025-09-11 14:30:07,972 - __main__ - INFO - Updated icu beds for hospital 16 to 54
2025-09-11 14:30:07,996 - httpx - INFO - HTTP Request: GET http://localhost:8002/api/beds/current/17 "HTTP/1.1 200 OK"
2025-09-11 14:30:08,020 - httpx - INFO - HTTP Request: POST http://localhost:8002/api/beds/update "HTTP/1.1 201 Created"
2025-09-11 14:30:08,020 - __main__ - INFO - Updated general beds for hospital 17 to 83
2025-09-11 14:30:08,045 - httpx - INFO - HTTP Request: POST http://localhost:8002/api/beds/update "HTTP/1.1 201 Created"
2025-09-11 14:30:08,045 - __main__ - INFO - Updated icu beds for hospital 17 to 16
2025-09-11 14:30:08,151 - httpx - INFO - HTTP Request: GET http://localhost:8002/api/beds/current/18 "HTTP/1.1 200 OK"
2025-09-11 14:30:08,188 - httpx - INFO - HTTP Request: POST http://localhost:8002/api/beds/update "HTTP/1.1 201 Created"
2025-09-11 14:30:08,190 - __main__ - INFO - Updated icu beds for hospital 18 to 40
2025-09-11 14:30:08,242 - httpx - INFO - HTTP Request: GET http://localhost:8002/api/beds/current/19 "HTTP/1.1 200 OK"
2025-09-11 14:30:08,279 - httpx - INFO - HTTP Request: POST http://localhost:8002/api/beds/update "HTTP/1.1 201 Created"
2025-09-11 14:30:08,280 - __main__ - INFO - Updated general beds for hospital 19 to 190
2025-09-11 14:30:08,309 - httpx - INFO - HTTP Request: POST http://localhost:8002/api/beds/update "HTTP/1.1 201 Created"
2025-09-11 14:30:08,309 - __main__ - INFO - Updated icu beds for hospital 19 to 33
2025-09-11 14:30:08,329 - httpx - INFO - HTTP Request: GET http://localhost:8002/api/beds/current/20 "HTTP/1.1 200 OK"
2025-09-11 14:30:08,439 - httpx - INFO - HTTP Request: POST http://localhost:8002/api/beds/update "HTTP/1.1 201 Created"
2025-09-11 14:30:08,440 - __main__ - INFO - Updated general beds for hospital 20 to 190
2025-09-11 14:30:08,465 - httpx - INFO - HTTP Request: POST http://localhost:8002/api/beds/update "HTTP/1.1 201 Created"
2025-09-11 14:30:08,466 - __main__ - INFO - Updated icu beds for hospital 20 to 40
2025-09-11 14:30:28,509 - httpx - INFO - HTTP Request: GET http://localhost:8002/api/beds/current/1 "HTTP/1.1 200 OK"
2025-09-11 14:30:28,532 - httpx - INFO - HTTP Request: POST http://localhost:8002/api/beds/update "HTTP/1.1 201 Created"
2025-09-11 14:30:28,533 - __main__ - INFO - Updated general beds for hospital 1 to 996
2025-09-11 14:30:28,554 - httpx - INFO - HTTP Request: POST http://localhost:8002/api/beds/update "HTTP/1.1 201 Created"
2025-09-11 14:30:28,554 - __main__ - INFO - Updated icu beds for hospital 1 to 190
2025-09-11 14:30:28,571 - httpx - INFO - HTTP Request: GET http://localhost:8002/api/beds/current/2 "HTTP/1.1 200 OK"
2025-09-11 14:30:28,608 - httpx - INFO - HTTP Request: POST http://localhost:8002/api/beds/update "HTTP/1.1 201 Created"
2025-09-11 14:30:28,608 - __main__ - INFO - Updated general beds for hospital 2 to 686
2025-09-11 14:30:28,629 - httpx - INFO - HTTP Request: POST http://localhost:8002/api/beds/update "HTTP/1.1 201 Created"
2025-09-11 14:30:28,629 - __main__ - INFO - Updated icu beds for hospital 2 to 135
2025-09-11 14:30:28,655 - httpx - INFO - HTTP Request: GET http://localhost:8002/api/beds/current/3 "HTTP/1.1 200 OK"
2025-09-11 14:30:28,672 - httpx - INFO - HTTP Request: POST http://localhost:8002/api/beds/update "HTTP/1.1 201 Created"
2025-09-11 14:30:28,673 - __main__ - INFO - Updated general beds for hospital 3 to 277
2025-09-11 14:30:28,691 - httpx - INFO - HTTP Request: POST http://localhost:8002/api/beds/update "HTTP/1.1 201 Created"
2025-09-11 14:30:28,691 - __main__ - INFO - Updated icu beds for hospital 3 to 53
2025-09-11 14:30:28,711 - httpx - INFO - HTTP Request: GET http://localhost:8002/api/beds/current/4 "HTTP/1.1 200 OK"
2025-09-11 14:30:28,727 - httpx - INFO - HTTP Request: GET http://localhost:8002/api/beds/current/5 "HTTP/1.1 200 OK"
2025-09-11 14:30:28,745 - httpx - INFO - HTTP Request: POST http://localhost:8002/api/beds/update "HTTP/1.1 201 Created"
2025-09-11 14:30:28,745 - __main__ - INFO - Updated general beds for hospital 5 to 1000
2025-09-11 14:30:28,763 - httpx - INFO - HTTP Request: POST http://localhost:8002/api/beds/update "HTTP/1.1 201 Created"
2025-09-11 14:30:28,763 - __main__ - INFO - Updated icu beds for hospital 5 to 198
2025-09-11 14:30:28,777 - httpx - INFO - HTTP Request: GET http://localhost:8002/api/beds/current/6 "HTTP/1.1 200 OK"
2025-09-11 14:30:28,797 - httpx - INFO - HTTP Request: POST http://localhost:8002/api/beds/update "HTTP/1.1 201 Created"
2025-09-11 14:30:28,797 - __main__ - INFO - Updated general beds for hospital 6 to 499
2025-09-11 14:30:28,818 - httpx - INFO - HTTP Request: POST http://localhost:8002/api/beds/update "HTTP/1.1 201 Created"
2025-09-11 14:30:28,819 - __main__ - INFO - Updated icu beds for hospital 6 to 94
2025-09-11 14:30:28,833 - httpx - INFO - HTTP Request: GET http://localhost:8002/api/beds/current/7 "HTTP/1.1 200 OK"
2025-09-11 14:30:28,850 - httpx - INFO - HTTP Request: POST http://localhost:8002/api/beds/update "HTTP/1.1 201 Created"
2025-09-11 14:30:28,851 - __main__ - INFO - Updated general beds for hospital 7 to 497
2025-09-11 14:30:28,868 - httpx - INFO - HTTP Request: POST http://localhost:8002/api/beds/update "HTTP/1.1 201 Created"
2025-09-11 14:30:28,868 - __main__ - INFO - Updated icu beds for hospital 7 to 99
2025-09-11 14:30:28,880 - httpx - INFO - HTTP Request: GET http://localhost:8002/api/beds/current/8 "HTTP/1.1 200 OK"
2025-09-11 14:30:28,896 - httpx - INFO - HTTP Request: POST http://localhost:8002/api/beds/update "HTTP/1.1 201 Created"
2025-09-11 14:30:28,896 - __main__ - INFO - Updated general beds for hospital 8 to 470
2025-09-11 14:30:28,912 - httpx - INFO - HTTP Request: POST http://localhost:8002/api/beds/update "HTTP/1.1 201 Created"
2025-09-11 14:30:28,912 - __main__ - INFO - Updated icu beds for hospital 8 to 87
2025-09-11 14:30:28,925 - httpx - INFO - HTTP Request: GET http://localhost:8002/api/beds/current/9 "HTTP/1.1 200 OK"
2025-09-11 14:30:28,940 - httpx - INFO - HTTP Request: POST http://localhost:8002/api/beds/update "HTTP/1.1 201 Created"
2025-09-11 14:30:28,941 - __main__ - INFO - Updated general beds for hospital 9 to 396
2025-09-11 14:30:28,956 - httpx - INFO - HTTP Request: POST http://localhost:8002/api/beds/update "HTTP/1.1 201 Created"
2025-09-11 14:30:28,956 - __main__ - INFO - Updated icu beds for hospital 9 to 80
2025-09-11 14:30:28,972 - httpx - INFO - HTTP Request: GET http://localhost:8002/api/beds/current/10 "HTTP/1.1 200 OK"
2025-09-11 14:30:28,989 - httpx - INFO - HTTP Request: POST http://localhost:8002/api/beds/update "HTTP/1.1 201 Created"
2025-09-11 14:30:28,989 - __main__ - INFO - Updated general beds for hospital 10 to 1500
2025-09-11 14:30:29,008 - httpx - INFO - HTTP Request: POST http://localhost:8002/api/beds/update "HTTP/1.1 201 Created"
2025-09-11 14:30:29,008 - __main__ - INFO - Updated icu beds for hospital 10 to 300
2025-09-11 14:30:29,025 - httpx - INFO - HTTP Request: GET http://localhost:8002/api/beds/current/11 "HTTP/1.1 200 OK"
2025-09-11 14:30:29,041 - httpx - INFO - HTTP Request: POST http://localhost:8002/api/beds/update "HTTP/1.1 201 Created"
2025-09-11 14:30:29,041 - __main__ - INFO - Updated general beds for hospital 11 to 439
2025-09-11 14:30:29,058 - httpx - INFO - HTTP Request: GET http://localhost:8002/api/beds/current/12 "HTTP/1.1 200 OK"
2025-09-11 14:30:29,072 - httpx - INFO - HTTP Request: POST http://localhost:8002/api/beds/update "HTTP/1.1 201 Created"
2025-09-11 14:30:29,072 - __main__ - INFO - Updated icu beds for hospital 12 to 65
2025-09-11 14:30:29,085 - httpx - INFO - HTTP Request: GET http://localhost:8002/api/beds/current/13 "HTTP/1.1 200 OK"
2025-09-11 14:30:29,102 - httpx - INFO - HTTP Request: POST http://localhost:8002/api/beds/update "HTTP/1.1 201 Created"
2025-09-11 14:30:29,102 - __main__ - INFO - Updated general beds for hospital 13 to 248
2025-09-11 14:30:29,115 - httpx - INFO - HTTP Request: GET http://localhost:8002/api/beds/current/14 "HTTP/1.1 200 OK"
2025-09-11 14:30:29,129 - httpx - INFO - HTTP Request: POST http://localhost:8002/api/beds/update "HTTP/1.1 201 Created"
2025-09-11 14:30:29,130 - __main__ - INFO - Updated general beds for hospital 14 to 603
2025-09-11 14:30:29,145 - httpx - INFO - HTTP Request: POST http://localhost:8002/api/beds/update "HTTP/1.1 201 Created"
2025-09-11 14:30:29,200 - __main__ - INFO - Updated icu beds for hospital 14 to 118
2025-09-11 14:30:29,220 - httpx - INFO - HTTP Request: GET http://localhost:8002/api/beds/current/15 "HTTP/1.1 200 OK"
2025-09-11 14:30:29,238 - httpx - INFO - HTTP Request: POST http://localhost:8002/api/beds/update "HTTP/1.1 201 Created"
2025-09-11 14:30:29,239 - __main__ - INFO - Updated general beds for hospital 15 to 269
2025-09-11 14:30:29,263 - httpx - INFO - HTTP Request: POST http://localhost:8002/api/beds/update "HTTP/1.1 201 Created"
2025-09-11 14:30:29,263 - __main__ - INFO - Updated icu beds for hospital 15 to 55
2025-09-11 14:30:29,283 - httpx - INFO - HTTP Request: GET http://localhost:8002/api/beds/current/16 "HTTP/1.1 200 OK"
2025-09-11 14:30:29,306 - httpx - INFO - HTTP Request: POST http://localhost:8002/api/beds/update "HTTP/1.1 201 Created"
2025-09-11 14:30:29,306 - __main__ - INFO - Updated general beds for hospital 16 to 280
2025-09-11 14:30:29,328 - httpx - INFO - HTTP Request: POST http://localhost:8002/api/beds/update "HTTP/1.1 201 Created"
2025-09-11 14:30:29,328 - __main__ - INFO - Updated icu beds for hospital 16 to 55
2025-09-11 14:30:29,344 - httpx - INFO - HTTP Request: GET http://localhost:8002/api/beds/current/17 "HTTP/1.1 200 OK"
2025-09-11 14:30:29,505 - httpx - INFO - HTTP Request: POST http://localhost:8002/api/beds/update "HTTP/1.1 201 Created"
2025-09-11 14:30:29,505 - __main__ - INFO - Updated general beds for hospital 17 to 85
2025-09-11 14:30:29,580 - httpx - INFO - HTTP Request: POST http://localhost:8002/api/beds/update "HTTP/1.1 201 Created"
2025-09-11 14:30:29,588 - __main__ - INFO - Updated icu beds for hospital 17 to 17
2025-09-11 14:30:29,609 - httpx - INFO - HTTP Request: GET http://localhost:8002/api/beds/current/18 "HTTP/1.1 200 OK"
2025-09-11 14:30:29,641 - httpx - INFO - HTTP Request: POST http://localhost:8002/api/beds/update "HTTP/1.1 201 Created"
2025-09-11 14:30:29,647 - __main__ - INFO - Updated general beds for hospital 18 to 187
2025-09-11 14:30:29,667 - httpx - INFO - HTTP Request: POST http://localhost:8002/api/beds/update "HTTP/1.1 201 Created"
2025-09-11 14:30:29,667 - __main__ - INFO - Updated icu beds for hospital 18 to 40
2025-09-11 14:30:29,694 - httpx - INFO - HTTP Request: GET http://localhost:8002/api/beds/current/19 "HTTP/1.1 200 OK"
2025-09-11 14:30:29,737 - httpx - INFO - HTTP Request: POST http://localhost:8002/api/beds/update "HTTP/1.1 201 Created"
2025-09-11 14:30:29,737 - __main__ - INFO - Updated general beds for hospital 19 to 187
2025-09-11 14:30:29,765 - httpx - INFO - HTTP Request: POST http://localhost:8002/api/beds/update "HTTP/1.1 201 Created"
2025-09-11 14:30:29,765 - __main__ - INFO - Updated icu beds for hospital 19 to 34
2025-09-11 14:30:29,786 - httpx - INFO - HTTP Request: GET http://localhost:8002/api/beds/current/20 "HTTP/1.1 200 OK"
2025-09-11 14:30:29,805 - httpx - INFO - HTTP Request: POST http://localhost:8002/api/beds/update "HTTP/1.1 201 Created"
2025-09-11 14:30:29,806 - __main__ - INFO - Updated general beds for hospital 20 to 188
2025-09-11 14:30:29,840 - httpx - INFO - HTTP Request: POST http://localhost:8002/api/beds/update "HTTP/1.1 201 Created"
2025-09-11 14:30:29,841 - __main__ - INFO - Updated icu beds for hospital 20 to 40
2025-09-11 14:30:49,903 - httpx - INFO - HTTP Request: GET http://localhost:8002/api/beds/current/1 "HTTP/1.1 200 OK"
2025-09-11 14:30:49,950 - httpx - INFO - HTTP Request: POST http://localhost:8002/api/beds/update "HTTP/1.1 201 Created"
2025-09-11 14:30:49,951 - __main__ - INFO - Updated general beds for hospital 1 to 998
2025-09-11 14:30:49,976 - httpx - INFO - HTTP Request: POST http://localhost:8002/api/beds/update "HTTP/1.1 201 Created"
2025-09-11 14:30:49,976 - __main__ - INFO - Updated icu beds for hospital 1 to 188
2025-09-11 14:30:50,000 - httpx - INFO - HTTP Request: GET http://localhost:8002/api/beds/current/2 "HTTP/1.1 200 OK"
2025-09-11 14:30:50,030 - httpx - INFO - HTTP Request: POST http://localhost:8002/api/beds/update "HTTP/1.1 201 Created"
2025-09-11 14:30:50,031 - __main__ - INFO - Updated general beds for hospital 2 to 683
2025-09-11 14:30:50,086 - httpx - INFO - HTTP Request: POST http://localhost:8002/api/beds/update "HTTP/1.1 201 Created"
2025-09-11 14:30:50,088 - __main__ - INFO - Updated icu beds for hospital 2 to 136
2025-09-11 14:30:50,124 - httpx - INFO - HTTP Request: GET http://localhost:8002/api/beds/current/3 "HTTP/1.1 200 OK"
2025-09-11 14:30:50,158 - httpx - INFO - HTTP Request: POST http://localhost:8002/api/beds/update "HTTP/1.1 201 Created"
2025-09-11 14:30:50,158 - __main__ - INFO - Updated general beds for hospital 3 to 274
2025-09-11 14:30:50,178 - httpx - INFO - HTTP Request: POST http://localhost:8002/api/beds/update "HTTP/1.1 201 Created"
2025-09-11 14:30:50,178 - __main__ - INFO - Updated icu beds for hospital 3 to 54
2025-09-11 14:30:50,198 - httpx - INFO - HTTP Request: GET http://localhost:8002/api/beds/current/4 "HTTP/1.1 200 OK"
2025-09-11 14:30:50,223 - httpx - INFO - HTTP Request: POST http://localhost:8002/api/beds/update "HTTP/1.1 201 Created"
2025-09-11 14:30:50,224 - __main__ - INFO - Updated icu beds for hospital 4 to 230
2025-09-11 14:30:50,243 - httpx - INFO - HTTP Request: GET http://localhost:8002/api/beds/current/5 "HTTP/1.1 200 OK"
2025-09-11 14:30:50,287 - httpx - INFO - HTTP Request: POST http://localhost:8002/api/beds/update "HTTP/1.1 201 Created"
2025-09-11 14:30:50,288 - __main__ - INFO - Updated general beds for hospital 5 to 998
2025-09-11 14:30:50,341 - httpx - INFO - HTTP Request: POST http://localhost:8002/api/beds/update "HTTP/1.1 201 Created"
2025-09-11 14:30:50,342 - __main__ - INFO - Updated icu beds for hospital 5 to 197
2025-09-11 14:30:50,382 - httpx - INFO - HTTP Request: GET http://localhost:8002/api/beds/current/6 "HTTP/1.1 200 OK"
2025-09-11 14:30:50,424 - httpx - INFO - HTTP Request: POST http://localhost:8002/api/beds/update "HTTP/1.1 201 Created"
2025-09-11 14:30:50,425 - __main__ - INFO - Updated general beds for hospital 6 to 500
2025-09-11 14:30:50,466 - httpx - INFO - HTTP Request: POST http://localhost:8002/api/beds/update "HTTP/1.1 201 Created"
2025-09-11 14:30:50,466 - __main__ - INFO - Updated icu beds for hospital 6 to 92
2025-09-11 14:30:50,489 - httpx - INFO - HTTP Request: GET http://localhost:8002/api/beds/current/7 "HTTP/1.1 200 OK"
2025-09-11 14:30:50,576 - httpx - INFO - HTTP Request: POST http://localhost:8002/api/beds/update "HTTP/1.1 201 Created"
2025-09-11 14:30:50,577 - __main__ - INFO - Updated general beds for hospital 7 to 498
2025-09-11 14:30:50,619 - httpx - INFO - HTTP Request: GET http://localhost:8002/api/beds/current/8 "HTTP/1.1 200 OK"
2025-09-11 14:30:51,050 - httpx - INFO - HTTP Request: POST http://localhost:8002/api/beds/update "HTTP/1.1 201 Created"
2025-09-11 14:30:51,061 - __main__ - INFO - Updated icu beds for hospital 8 to 88
2025-09-11 14:30:51,216 - httpx - INFO - HTTP Request: GET http://localhost:8002/api/beds/current/9 "HTTP/1.1 200 OK"
2025-09-11 14:30:51,289 - httpx - INFO - HTTP Request: POST http://localhost:8002/api/beds/update "HTTP/1.1 201 Created"
2025-09-11 14:30:51,293 - __main__ - INFO - Updated general beds for hospital 9 to 394
2025-09-11 14:30:51,322 - httpx - INFO - HTTP Request: POST http://localhost:8002/api/beds/update "HTTP/1.1 201 Created"
2025-09-11 14:30:51,323 - __main__ - INFO - Updated icu beds for hospital 9 to 80
2025-09-11 14:30:51,352 - httpx - INFO - HTTP Request: GET http://localhost:8002/api/beds/current/10 "HTTP/1.1 200 OK"
2025-09-11 14:30:51,401 - httpx - INFO - HTTP Request: GET http://localhost:8002/api/beds/current/11 "HTTP/1.1 200 OK"
2025-09-11 14:30:51,527 - httpx - INFO - HTTP Request: POST http://localhost:8002/api/beds/update "HTTP/1.1 201 Created"
2025-09-11 14:30:51,530 - __main__ - INFO - Updated general beds for hospital 11 to 440
2025-09-11 14:30:51,591 - httpx - INFO - HTTP Request: POST http://localhost:8002/api/beds/update "HTTP/1.1 201 Created"
2025-09-11 14:30:51,591 - __main__ - INFO - Updated icu beds for hospital 11 to 82
2025-09-11 14:30:51,621 - httpx - INFO - HTTP Request: GET http://localhost:8002/api/beds/current/12 "HTTP/1.1 200 OK"
2025-09-11 14:30:51,643 - httpx - INFO - HTTP Request: POST http://localhost:8002/api/beds/update "HTTP/1.1 201 Created"
2025-09-11 14:30:51,643 - __main__ - INFO - Updated general beds for hospital 12 to 345
2025-09-11 14:30:51,664 - httpx - INFO - HTTP Request: POST http://localhost:8002/api/beds/update "HTTP/1.1 201 Created"
2025-09-11 14:30:51,665 - __main__ - INFO - Updated icu beds for hospital 12 to 66
2025-09-11 14:30:51,686 - httpx - INFO - HTTP Request: GET http://localhost:8002/api/beds/current/13 "HTTP/1.1 200 OK"
2025-09-11 14:30:51,702 - httpx - INFO - HTTP Request: POST http://localhost:8002/api/beds/update "HTTP/1.1 201 Created"
2025-09-11 14:30:51,703 - __main__ - INFO - Updated general beds for hospital 13 to 245
2025-09-11 14:30:51,736 - httpx - INFO - HTTP Request: POST http://localhost:8002/api/beds/update "HTTP/1.1 201 Created"
2025-09-11 14:30:51,736 - __main__ - INFO - Updated icu beds for hospital 13 to 50
2025-09-11 14:30:51,781 - httpx - INFO - HTTP Request: GET http://localhost:8002/api/beds/current/14 "HTTP/1.1 200 OK"
2025-09-11 14:30:51,799 - httpx - INFO - HTTP Request: POST http://localhost:8002/api/beds/update "HTTP/1.1 201 Created"
2025-09-11 14:30:51,799 - __main__ - INFO - Updated general beds for hospital 14 to 605
2025-09-11 14:30:51,820 - httpx - INFO - HTTP Request: POST http://localhost:8002/api/beds/update "HTTP/1.1 201 Created"
2025-09-11 14:30:51,821 - __main__ - INFO - Updated icu beds for hospital 14 to 116
2025-09-11 14:30:51,849 - httpx - INFO - HTTP Request: GET http://localhost:8002/api/beds/current/15 "HTTP/1.1 200 OK"
2025-09-11 14:30:51,867 - httpx - INFO - HTTP Request: POST http://localhost:8002/api/beds/update "HTTP/1.1 201 Created"
2025-09-11 14:30:51,868 - __main__ - INFO - Updated general beds for hospital 15 to 266
2025-09-11 14:30:51,889 - httpx - INFO - HTTP Request: POST http://localhost:8002/api/beds/update "HTTP/1.1 201 Created"
2025-09-11 14:30:51,889 - __main__ - INFO - Updated icu beds for hospital 15 to 55
2025-09-11 14:30:51,903 - httpx - INFO - HTTP Request: GET http://localhost:8002/api/beds/current/16 "HTTP/1.1 200 OK"
2025-09-11 14:30:51,925 - httpx - INFO - HTTP Request: POST http://localhost:8002/api/beds/update "HTTP/1.1 201 Created"
2025-09-11 14:30:51,926 - __main__ - INFO - Updated general beds for hospital 16 to 280
2025-09-11 14:30:51,952 - httpx - INFO - HTTP Request: POST http://localhost:8002/api/beds/update "HTTP/1.1 201 Created"
2025-09-11 14:30:51,953 - __main__ - INFO - Updated icu beds for hospital 16 to 56
2025-09-11 14:30:51,987 - httpx - INFO - HTTP Request: GET http://localhost:8002/api/beds/current/17 "HTTP/1.1 200 OK"
2025-09-11 14:30:52,018 - httpx - INFO - HTTP Request: POST http://localhost:8002/api/beds/update "HTTP/1.1 201 Created"
2025-09-11 14:30:52,018 - __main__ - INFO - Updated general beds for hospital 17 to 87
2025-09-11 14:30:52,048 - httpx - INFO - HTTP Request: POST http://localhost:8002/api/beds/update "HTTP/1.1 201 Created"
2025-09-11 14:30:52,049 - __main__ - INFO - Updated icu beds for hospital 17 to 16
2025-09-11 14:30:52,091 - httpx - INFO - HTTP Request: GET http://localhost:8002/api/beds/current/18 "HTTP/1.1 200 OK"
2025-09-11 14:30:52,144 - httpx - INFO - HTTP Request: POST http://localhost:8002/api/beds/update "HTTP/1.1 201 Created"
2025-09-11 14:30:52,144 - __main__ - INFO - Updated icu beds for hospital 18 to 40
2025-09-11 14:30:52,171 - httpx - INFO - HTTP Request: GET http://localhost:8002/api/beds/current/19 "HTTP/1.1 200 OK"
2025-09-11 14:30:52,191 - httpx - INFO - HTTP Request: POST http://localhost:8002/api/beds/update "HTTP/1.1 201 Created"
2025-09-11 14:30:52,191 - __main__ - INFO - Updated general beds for hospital 19 to 186
2025-09-11 14:30:52,210 - httpx - INFO - HTTP Request: POST http://localhost:8002/api/beds/update "HTTP/1.1 201 Created"
2025-09-11 14:30:52,211 - __main__ - INFO - Updated icu beds for hospital 19 to 32
2025-09-11 14:30:52,243 - httpx - INFO - HTTP Request: GET http://localhost:8002/api/beds/current/20 "HTTP/1.1 200 OK"
2025-09-11 14:30:52,269 - httpx - INFO - HTTP Request: POST http://localhost:8002/api/beds/update "HTTP/1.1 201 Created"
2025-09-11 14:30:52,270 - __main__ - INFO - Updated general beds for hospital 20 to 190
2025-09-11 14:30:52,291 - httpx - INFO - HTTP Request: POST http://localhost:8002/api/beds/update "HTTP/1.1 201 Created"
2025-09-11 14:30:52,291 - __main__ - INFO - Updated icu beds for hospital 20 to 38
2025-09-11 14:31:12,325 - httpx - INFO - HTTP Request: GET http://localhost:8002/api/beds/current/1 "HTTP/1.1 200 OK"
2025-09-11 14:31:12,341 - httpx - INFO - HTTP Request: POST http://localhost:8002/api/beds/update "HTTP/1.1 201 Created"
2025-09-11 14:31:12,341 - __main__ - INFO - Updated general beds for hospital 1 to 995
2025-09-11 14:31:12,355 - httpx - INFO - HTTP Request: POST http://localhost:8002/api/beds/update "HTTP/1.1 201 Created"
2025-09-11 14:31:12,355 - __main__ - INFO - Updated icu beds for hospital 1 to 190
2025-09-11 14:31:12,366 - httpx - INFO - HTTP Request: GET http://localhost:8002/api/beds/current/2 "HTTP/1.1 200 OK"
2025-09-11 14:31:12,384 - httpx - INFO - HTTP Request: POST http://localhost:8002/api/beds/update "HTTP/1.1 201 Created"
2025-09-11 14:31:12,384 - __main__ - INFO - Updated general beds for hospital 2 to 686
2025-09-11 14:31:12,483 - httpx - INFO - HTTP Request: POST http://localhost:8002/api/beds/update "HTTP/1.1 201 Created"
2025-09-11 14:31:12,484 - __main__ - INFO - Updated icu beds for hospital 2 to 137
2025-09-11 14:31:12,497 - httpx - INFO - HTTP Request: GET http://localhost:8002/api/beds/current/3 "HTTP/1.1 200 OK"
2025-09-11 14:31:12,622 - httpx - INFO - HTTP Request: GET http://localhost:8002/api/beds/current/4 "HTTP/1.1 200 OK"
2025-09-11 14:31:12,680 - httpx - INFO - HTTP Request: POST http://localhost:8002/api/beds/update "HTTP/1.1 201 Created"
2025-09-11 14:31:12,681 - __main__ - INFO - Updated general beds for hospital 4 to 1139
2025-09-11 14:31:12,722 - httpx - INFO - HTTP Request: POST http://localhost:8002/api/beds/update "HTTP/1.1 201 Created"
2025-09-11 14:31:12,725 - __main__ - INFO - Updated icu beds for hospital 4 to 228
2025-09-11 14:31:12,753 - httpx - INFO - HTTP Request: GET http://localhost:8002/api/beds/current/5 "HTTP/1.1 200 OK"
2025-09-11 14:31:12,775 - httpx - INFO - HTTP Request: POST http://localhost:8002/api/beds/update "HTTP/1.1 201 Created"
2025-09-11 14:31:12,776 - __main__ - INFO - Updated general beds for hospital 5 to 999
2025-09-11 14:31:12,796 - httpx - INFO - HTTP Request: POST http://localhost:8002/api/beds/update "HTTP/1.1 201 Created"
2025-09-11 14:31:12,796 - __main__ - INFO - Updated icu beds for hospital 5 to 199
2025-09-11 14:31:12,813 - httpx - INFO - HTTP Request: GET http://localhost:8002/api/beds/current/6 "HTTP/1.1 200 OK"
2025-09-11 14:31:12,836 - httpx - INFO - HTTP Request: POST http://localhost:8002/api/beds/update "HTTP/1.1 201 Created"
2025-09-11 14:31:12,837 - __main__ - INFO - Updated general beds for hospital 6 to 498
2025-09-11 14:31:12,852 - httpx - INFO - HTTP Request: GET http://localhost:8002/api/beds/current/7 "HTTP/1.1 200 OK"
2025-09-11 14:31:12,890 - httpx - INFO - HTTP Request: POST http://localhost:8002/api/beds/update "HTTP/1.1 201 Created"
2025-09-11 14:31:12,891 - __main__ - INFO - Updated general beds for hospital 7 to 496
2025-09-11 14:31:12,913 - httpx - INFO - HTTP Request: POST http://localhost:8002/api/beds/update "HTTP/1.1 201 Created"
2025-09-11 14:31:12,913 - __main__ - INFO - Updated icu beds for hospital 7 to 100
2025-09-11 14:31:12,935 - httpx - INFO - HTTP Request: GET http://localhost:8002/api/beds/current/8 "HTTP/1.1 200 OK"
2025-09-11 14:31:12,955 - httpx - INFO - HTTP Request: POST http://localhost:8002/api/beds/update "HTTP/1.1 201 Created"
2025-09-11 14:31:12,955 - __main__ - INFO - Updated general beds for hospital 8 to 468
2025-09-11 14:31:12,975 - httpx - INFO - HTTP Request: POST http://localhost:8002/api/beds/update "HTTP/1.1 201 Created"
2025-09-11 14:31:12,975 - __main__ - INFO - Updated icu beds for hospital 8 to 87
2025-09-11 14:31:12,995 - httpx - INFO - HTTP Request: GET http://localhost:8002/api/beds/current/9 "HTTP/1.1 200 OK"
2025-09-11 14:31:13,016 - httpx - INFO - HTTP Request: POST http://localhost:8002/api/beds/update "HTTP/1.1 201 Created"
2025-09-11 14:31:13,016 - __main__ - INFO - Updated general beds for hospital 9 to 396
2025-09-11 14:31:13,053 - httpx - INFO - HTTP Request: POST http://localhost:8002/api/beds/update "HTTP/1.1 201 Created"
2025-09-11 14:31:13,055 - __main__ - INFO - Updated icu beds for hospital 9 to 79
2025-09-11 14:31:13,079 - httpx - INFO - HTTP Request: GET http://localhost:8002/api/beds/current/10 "HTTP/1.1 200 OK"
2025-09-11 14:31:13,103 - httpx - INFO - HTTP Request: POST http://localhost:8002/api/beds/update "HTTP/1.1 201 Created"
2025-09-11 14:31:13,104 - __main__ - INFO - Updated general beds for hospital 10 to 1500
2025-09-11 14:31:13,126 - httpx - INFO - HTTP Request: GET http://localhost:8002/api/beds/current/11 "HTTP/1.1 200 OK"
2025-09-11 14:31:13,150 - httpx - INFO - HTTP Request: POST http://localhost:8002/api/beds/update "HTTP/1.1 201 Created"
2025-09-11 14:31:13,150 - __main__ - INFO - Updated general beds for hospital 11 to 442
2025-09-11 14:31:13,175 - httpx - INFO - HTTP Request: POST http://localhost:8002/api/beds/update "HTTP/1.1 201 Created"
2025-09-11 14:31:13,177 - __main__ - INFO - Updated icu beds for hospital 11 to 84
2025-09-11 14:31:13,193 - httpx - INFO - HTTP Request: GET http://localhost:8002/api/beds/current/12 "HTTP/1.1 200 OK"
2025-09-11 14:31:13,211 - httpx - INFO - HTTP Request: GET http://localhost:8002/api/beds/current/13 "HTTP/1.1 200 OK"
2025-09-11 14:31:13,233 - httpx - INFO - HTTP Request: POST http://localhost:8002/api/beds/update "HTTP/1.1 201 Created"
2025-09-11 14:31:13,233 - __main__ - INFO - Updated general beds for hospital 13 to 246
2025-09-11 14:31:13,252 - httpx - INFO - HTTP Request: GET http://localhost:8002/api/beds/current/14 "HTTP/1.1 200 OK"
2025-09-11 14:31:13,279 - httpx - INFO - HTTP Request: POST http://localhost:8002/api/beds/update "HTTP/1.1 201 Created"
2025-09-11 14:31:13,280 - __main__ - INFO - Updated icu beds for hospital 14 to 118
2025-09-11 14:31:13,305 - httpx - INFO - HTTP Request: GET http://localhost:8002/api/beds/current/15 "HTTP/1.1 200 OK"
2025-09-11 14:31:13,325 - httpx - INFO - HTTP Request: POST http://localhost:8002/api/beds/update "HTTP/1.1 201 Created"
2025-09-11 14:31:13,326 - __main__ - INFO - Updated general beds for hospital 15 to 263
2025-09-11 14:31:13,354 - httpx - INFO - HTTP Request: POST http://localhost:8002/api/beds/update "HTTP/1.1 201 Created"
2025-09-11 14:31:13,355 - __main__ - INFO - Updated icu beds for hospital 15 to 54
2025-09-11 14:31:13,374 - httpx - INFO - HTTP Request: GET http://localhost:8002/api/beds/current/16 "HTTP/1.1 200 OK"
2025-09-11 14:31:13,399 - httpx - INFO - HTTP Request: POST http://localhost:8002/api/beds/update "HTTP/1.1 201 Created"
2025-09-11 14:31:13,400 - __main__ - INFO - Updated general beds for hospital 16 to 280
2025-09-11 14:31:13,424 - httpx - INFO - HTTP Request: POST http://localhost:8002/api/beds/update "HTTP/1.1 201 Created"
2025-09-11 14:31:13,424 - __main__ - INFO - Updated icu beds for hospital 16 to 56
2025-09-11 14:31:13,446 - httpx - INFO - HTTP Request: GET http://localhost:8002/api/beds/current/17 "HTTP/1.1 200 OK"
2025-09-11 14:31:13,481 - httpx - INFO - HTTP Request: POST http://localhost:8002/api/beds/update "HTTP/1.1 201 Created"
2025-09-11 14:31:13,484 - __main__ - INFO - Updated icu beds for hospital 17 to 18
2025-09-11 14:31:13,515 - httpx - INFO - HTTP Request: GET http://localhost:8002/api/beds/current/18 "HTTP/1.1 200 OK"
2025-09-11 14:31:13,542 - httpx - INFO - HTTP Request: POST http://localhost:8002/api/beds/update "HTTP/1.1 201 Created"
2025-09-11 14:31:13,542 - __main__ - INFO - Updated general beds for hospital 18 to 188
2025-09-11 14:31:13,573 - httpx - INFO - HTTP Request: POST http://localhost:8002/api/beds/update "HTTP/1.1 201 Created"
2025-09-11 14:31:13,658 - __main__ - INFO - Updated icu beds for hospital 18 to 38
2025-09-11 14:31:13,677 - httpx - INFO - HTTP Request: GET http://localhost:8002/api/beds/current/19 "HTTP/1.1 200 OK"
2025-09-11 14:31:13,698 - httpx - INFO - HTTP Request: POST http://localhost:8002/api/beds/update "HTTP/1.1 201 Created"
2025-09-11 14:31:13,699 - __main__ - INFO - Updated general beds for hospital 19 to 183
2025-09-11 14:31:13,718 - httpx - INFO - HTTP Request: POST http://localhost:8002/api/beds/update "HTTP/1.1 201 Created"
2025-09-11 14:31:13,718 - __main__ - INFO - Updated icu beds for hospital 19 to 33
2025-09-11 14:31:13,737 - httpx - INFO - HTTP Request: GET http://localhost:8002/api/beds/current/20 "HTTP/1.1 200 OK"
2025-09-11 14:31:13,771 - httpx - INFO - HTTP Request: POST http://localhost:8002/api/beds/update "HTTP/1.1 201 Created"
2025-09-11 14:31:13,772 - __main__ - INFO - Updated general beds for hospital 20 to 187
2025-09-11 14:31:13,793 - httpx - INFO - HTTP Request: POST http://localhost:8002/api/beds/update "HTTP/1.1 201 Created"
2025-09-11 14:31:13,794 - __main__ - INFO - Updated icu beds for hospital 20 to 36
2025-09-11 14:31:33,840 - httpx - INFO - HTTP Request: GET http://localhost:8002/api/beds/current/1 "HTTP/1.1 200 OK"
2025-09-11 14:31:33,864 - httpx - INFO - HTTP Request: POST http://localhost:8002/api/beds/update "HTTP/1.1 201 Created"
2025-09-11 14:31:33,865 - __main__ - INFO - Updated icu beds for hospital 1 to 191
2025-09-11 14:31:33,885 - httpx - INFO - HTTP Request: GET http://localhost:8002/api/beds/current/2 "HTTP/1.1 200 OK"
2025-09-11 14:31:33,907 - httpx - INFO - HTTP Request: POST http://localhost:8002/api/beds/update "HTTP/1.1 201 Created"
2025-09-11 14:31:33,909 - __main__ - INFO - Updated general beds for hospital 2 to 686
2025-09-11 14:31:33,941 - httpx - INFO - HTTP Request: POST http://localhost:8002/api/beds/update "HTTP/1.1 201 Created"
2025-09-11 14:31:33,941 - __main__ - INFO - Updated icu beds for hospital 2 to 136
2025-09-11 14:31:33,964 - httpx - INFO - HTTP Request: GET http://localhost:8002/api/beds/current/3 "HTTP/1.1 200 OK"
2025-09-11 14:31:33,991 - httpx - INFO - HTTP Request: POST http://localhost:8002/api/beds/update "HTTP/1.1 201 Created"
2025-09-11 14:31:33,992 - __main__ - INFO - Updated icu beds for hospital 3 to 52
2025-09-11 14:31:34,019 - httpx - INFO - HTTP Request: GET http://localhost:8002/api/beds/current/4 "HTTP/1.1 200 OK"
2025-09-11 14:31:34,043 - httpx - INFO - HTTP Request: POST http://localhost:8002/api/beds/update "HTTP/1.1 201 Created"
2025-09-11 14:31:34,043 - __main__ - INFO - Updated general beds for hospital 4 to 1138
2025-09-11 14:31:34,066 - httpx - INFO - HTTP Request: POST http://localhost:8002/api/beds/update "HTTP/1.1 201 Created"
2025-09-11 14:31:34,067 - __main__ - INFO - Updated icu beds for hospital 4 to 229
2025-09-11 14:31:34,082 - httpx - INFO - HTTP Request: GET http://localhost:8002/api/beds/current/5 "HTTP/1.1 200 OK"
2025-09-11 14:31:34,102 - httpx - INFO - HTTP Request: POST http://localhost:8002/api/beds/update "HTTP/1.1 201 Created"
2025-09-11 14:31:34,102 - __main__ - INFO - Updated general beds for hospital 5 to 1000
2025-09-11 14:31:34,119 - httpx - INFO - HTTP Request: POST http://localhost:8002/api/beds/update "HTTP/1.1 201 Created"
2025-09-11 14:31:34,119 - __main__ - INFO - Updated icu beds for hospital 5 to 198
2025-09-11 14:31:34,136 - httpx - INFO - HTTP Request: GET http://localhost:8002/api/beds/current/6 "HTTP/1.1 200 OK"
2025-09-11 14:31:34,154 - httpx - INFO - HTTP Request: POST http://localhost:8002/api/beds/update "HTTP/1.1 201 Created"
2025-09-11 14:31:34,155 - __main__ - INFO - Updated general beds for hospital 6 to 500
2025-09-11 14:31:34,171 - httpx - INFO - HTTP Request: POST http://localhost:8002/api/beds/update "HTTP/1.1 201 Created"
2025-09-11 14:31:34,171 - __main__ - INFO - Updated icu beds for hospital 6 to 90
2025-09-11 14:31:34,185 - httpx - INFO - HTTP Request: GET http://localhost:8002/api/beds/current/7 "HTTP/1.1 200 OK"
2025-09-11 14:31:34,202 - httpx - INFO - HTTP Request: POST http://localhost:8002/api/beds/update "HTTP/1.1 201 Created"
2025-09-11 14:31:34,203 - __main__ - INFO - Updated general beds for hospital 7 to 499
2025-09-11 14:31:34,219 - httpx - INFO - HTTP Request: POST http://localhost:8002/api/beds/update "HTTP/1.1 201 Created"
2025-09-11 14:31:34,220 - __main__ - INFO - Updated icu beds for hospital 7 to 100
2025-09-11 14:31:34,235 - httpx - INFO - HTTP Request: GET http://localhost:8002/api/beds/current/8 "HTTP/1.1 200 OK"
2025-09-11 14:31:34,253 - httpx - INFO - HTTP Request: POST http://localhost:8002/api/beds/update "HTTP/1.1 201 Created"
2025-09-11 14:31:34,253 - __main__ - INFO - Updated general beds for hospital 8 to 466
2025-09-11 14:31:34,269 - httpx - INFO - HTTP Request: POST http://localhost:8002/api/beds/update "HTTP/1.1 201 Created"
2025-09-11 14:31:34,269 - __main__ - INFO - Updated icu beds for hospital 8 to 89
2025-09-11 14:31:34,285 - httpx - INFO - HTTP Request: GET http://localhost:8002/api/beds/current/9 "HTTP/1.1 200 OK"
2025-09-11 14:31:34,303 - httpx - INFO - HTTP Request: POST http://localhost:8002/api/beds/update "HTTP/1.1 201 Created"
2025-09-11 14:31:34,304 - __main__ - INFO - Updated general beds for hospital 9 to 399
2025-09-11 14:31:34,317 - httpx - INFO - HTTP Request: GET http://localhost:8002/api/beds/current/10 "HTTP/1.1 200 OK"
2025-09-11 14:31:34,336 - httpx - INFO - HTTP Request: POST http://localhost:8002/api/beds/update "HTTP/1.1 201 Created"
2025-09-11 14:31:34,336 - __main__ - INFO - Updated general beds for hospital 10 to 1500
2025-09-11 14:31:34,359 - httpx - INFO - HTTP Request: POST http://localhost:8002/api/beds/update "HTTP/1.1 201 Created"
2025-09-11 14:31:34,359 - __main__ - INFO - Updated icu beds for hospital 10 to 298
2025-09-11 14:31:34,374 - httpx - INFO - HTTP Request: GET http://localhost:8002/api/beds/current/11 "HTTP/1.1 200 OK"
2025-09-11 14:31:34,390 - httpx - INFO - HTTP Request: POST http://localhost:8002/api/beds/update "HTTP/1.1 201 Created"
2025-09-11 14:31:34,391 - __main__ - INFO - Updated general beds for hospital 11 to 445
2025-09-11 14:31:34,406 - httpx - INFO - HTTP Request: GET http://localhost:8002/api/beds/current/12 "HTTP/1.1 200 OK"
2025-09-11 14:31:34,422 - httpx - INFO - HTTP Request: POST http://localhost:8002/api/beds/update "HTTP/1.1 201 Created"
2025-09-11 14:31:34,422 - __main__ - INFO - Updated icu beds for hospital 12 to 68
2025-09-11 14:31:34,439 - httpx - INFO - HTTP Request: GET http://localhost:8002/api/beds/current/13 "HTTP/1.1 200 OK"
2025-09-11 14:31:34,455 - httpx - INFO - HTTP Request: POST http://localhost:8002/api/beds/update "HTTP/1.1 201 Created"
2025-09-11 14:31:34,523 - __main__ - INFO - Updated general beds for hospital 13 to 243
2025-09-11 14:31:34,545 - httpx - INFO - HTTP Request: POST http://localhost:8002/api/beds/update "HTTP/1.1 201 Created"
2025-09-11 14:31:34,546 - __main__ - INFO - Updated icu beds for hospital 13 to 50
2025-09-11 14:31:34,563 - httpx - INFO - HTTP Request: GET http://localhost:8002/api/beds/current/14 "HTTP/1.1 200 OK"
2025-09-11 14:31:34,582 - httpx - INFO - HTTP Request: POST http://localhost:8002/api/beds/update "HTTP/1.1 201 Created"
2025-09-11 14:31:34,583 - __main__ - INFO - Updated general beds for hospital 14 to 603
2025-09-11 14:31:34,607 - httpx - INFO - HTTP Request: POST http://localhost:8002/api/beds/update "HTTP/1.1 201 Created"
2025-09-11 14:31:34,608 - __main__ - INFO - Updated icu beds for hospital 14 to 117
2025-09-11 14:31:34,628 - httpx - INFO - HTTP Request: GET http://localhost:8002/api/beds/current/15 "HTTP/1.1 200 OK"
2025-09-11 14:31:34,655 - httpx - INFO - HTTP Request: POST http://localhost:8002/api/beds/update "HTTP/1.1 201 Created"
2025-09-11 14:31:34,656 - __main__ - INFO - Updated icu beds for hospital 15 to 55
2025-09-11 14:31:34,675 - httpx - INFO - HTTP Request: GET http://localhost:8002/api/beds/current/16 "HTTP/1.1 200 OK"
2025-09-11 14:31:34,697 - httpx - INFO - HTTP Request: POST http://localhost:8002/api/beds/update "HTTP/1.1 201 Created"
2025-09-11 14:31:34,697 - __main__ - INFO - Updated general beds for hospital 16 to 280
2025-09-11 14:31:34,724 - httpx - INFO - HTTP Request: POST http://localhost:8002/api/beds/update "HTTP/1.1 201 Created"
2025-09-11 14:31:34,724 - __main__ - INFO - Updated icu beds for hospital 16 to 56
2025-09-11 14:31:34,749 - httpx - INFO - HTTP Request: GET http://localhost:8002/api/beds/current/17 "HTTP/1.1 200 OK"
2025-09-11 14:31:34,769 - httpx - INFO - HTTP Request: POST http://localhost:8002/api/beds/update "HTTP/1.1 201 Created"
2025-09-11 14:31:34,770 - __main__ - INFO - Updated general beds for hospital 17 to 84
2025-09-11 14:31:34,792 - httpx - INFO - HTTP Request: POST http://localhost:8002/api/beds/update "HTTP/1.1 201 Created"
2025-09-11 14:31:34,792 - __main__ - INFO - Updated icu beds for hospital 17 to 17
2025-09-11 14:31:34,992 - httpx - INFO - HTTP Request: GET http://localhost:8002/api/beds/current/18 "HTTP/1.1 200 OK"
2025-09-11 14:31:35,047 - httpx - INFO - HTTP Request: POST http://localhost:8002/api/beds/update "HTTP/1.1 201 Created"
2025-09-11 14:31:35,048 - __main__ - INFO - Updated general beds for hospital 18 to 187
2025-09-11 14:31:35,077 - httpx - INFO - HTTP Request: POST http://localhost:8002/api/beds/update "HTTP/1.1 201 Created"
2025-09-11 14:31:35,077 - __main__ - INFO - Updated icu beds for hospital 18 to 36
2025-09-11 14:31:35,121 - httpx - INFO - HTTP Request: GET http://localhost:8002/api/beds/current/19 "HTTP/1.1 200 OK"
2025-09-11 14:31:35,170 - httpx - INFO - HTTP Request: POST http://localhost:8002/api/beds/update "HTTP/1.1 201 Created"
2025-09-11 14:31:35,171 - __main__ - INFO - Updated general beds for hospital 19 to 186
2025-09-11 14:31:35,211 - httpx - INFO - HTTP Request: POST http://localhost:8002/api/beds/update "HTTP/1.1 201 Created"
2025-09-11 14:31:35,215 - __main__ - INFO - Updated icu beds for hospital 19 to 35
2025-09-11 14:31:35,260 - httpx - INFO - HTTP Request: GET http://localhost:8002/api/beds/current/20 "HTTP/1.1 200 OK"
2025-09-11 14:31:35,288 - httpx - INFO - HTTP Request: POST http://localhost:8002/api/beds/update "HTTP/1.1 201 Created"
2025-09-11 14:31:35,289 - __main__ - INFO - Updated general beds for hospital 20 to 186
2025-09-11 14:31:55,328 - httpx - INFO - HTTP Request: GET http://localhost:8002/api/beds/current/1 "HTTP/1.1 200 OK"
2025-09-11 14:31:55,361 - httpx - INFO - HTTP Request: POST http://localhost:8002/api/beds/update "HTTP/1.1 201 Created"
2025-09-11 14:31:55,361 - __main__ - INFO - Updated general beds for hospital 1 to 996
2025-09-11 14:31:55,392 - httpx - INFO - HTTP Request: POST http://localhost:8002/api/beds/update "HTTP/1.1 201 Created"
2025-09-11 14:31:55,393 - __main__ - INFO - Updated icu beds for hospital 1 to 192
2025-09-11 14:31:55,416 - httpx - INFO - HTTP Request: GET http://localhost:8002/api/beds/current/2 "HTTP/1.1 200 OK"
2025-09-11 14:31:55,458 - httpx - INFO - HTTP Request: POST http://localhost:8002/api/beds/update "HTTP/1.1 201 Created"
2025-09-11 14:31:55,458 - __main__ - INFO - Updated general beds for hospital 2 to 685
2025-09-11 14:31:55,480 - httpx - INFO - HTTP Request: POST http://localhost:8002/api/beds/update "HTTP/1.1 201 Created"
2025-09-11 14:31:55,482 - __main__ - INFO - Updated icu beds for hospital 2 to 135
2025-09-11 14:31:55,505 - httpx - INFO - HTTP Request: GET http://localhost:8002/api/beds/current/3 "HTTP/1.1 200 OK"
2025-09-11 14:31:55,530 - httpx - INFO - HTTP Request: POST http://localhost:8002/api/beds/update "HTTP/1.1 201 Created"
2025-09-11 14:31:55,531 - __main__ - INFO - Updated general beds for hospital 3 to 271
2025-09-11 14:31:55,549 - httpx - INFO - HTTP Request: GET http://localhost:8002/api/beds/current/4 "HTTP/1.1 200 OK"
2025-09-11 14:31:55,570 - httpx - INFO - HTTP Request: POST http://localhost:8002/api/beds/update "HTTP/1.1 201 Created"
2025-09-11 14:31:55,571 - __main__ - INFO - Updated general beds for hospital 4 to 1140
2025-09-11 14:31:55,589 - httpx - INFO - HTTP Request: POST http://localhost:8002/api/beds/update "HTTP/1.1 201 Created"
2025-09-11 14:31:55,589 - __main__ - INFO - Updated icu beds for hospital 4 to 228
2025-09-11 14:31:55,608 - httpx - INFO - HTTP Request: GET http://localhost:8002/api/beds/current/5 "HTTP/1.1 200 OK"
2025-09-11 14:31:55,635 - httpx - INFO - HTTP Request: POST http://localhost:8002/api/beds/update "HTTP/1.1 201 Created"
2025-09-11 14:31:55,636 - __main__ - INFO - Updated general beds for hospital 5 to 999
2025-09-11 14:31:55,658 - httpx - INFO - HTTP Request: POST http://localhost:8002/api/beds/update "HTTP/1.1 201 Created"
2025-09-11 14:31:55,659 - __main__ - INFO - Updated icu beds for hospital 5 to 199
2025-09-11 14:31:55,679 - httpx - INFO - HTTP Request: GET http://localhost:8002/api/beds/current/6 "HTTP/1.1 200 OK"
2025-09-11 14:31:55,703 - httpx - INFO - HTTP Request: POST http://localhost:8002/api/beds/update "HTTP/1.1 201 Created"
2025-09-11 14:31:55,704 - __main__ - INFO - Updated general beds for hospital 6 to 497
2025-09-11 14:31:55,725 - httpx - INFO - HTTP Request: POST http://localhost:8002/api/beds/update "HTTP/1.1 201 Created"
2025-09-11 14:31:55,726 - __main__ - INFO - Updated icu beds for hospital 6 to 89
2025-09-11 14:31:55,759 - httpx - INFO - HTTP Request: GET http://localhost:8002/api/beds/current/7 "HTTP/1.1 200 OK"
2025-09-11 14:31:55,785 - httpx - INFO - HTTP Request: POST http://localhost:8002/api/beds/update "HTTP/1.1 201 Created"
2025-09-11 14:31:55,901 - __main__ - INFO - Updated general beds for hospital 7 to 500
2025-09-11 14:31:55,920 - httpx - INFO - HTTP Request: POST http://localhost:8002/api/beds/update "HTTP/1.1 201 Created"
2025-09-11 14:31:55,920 - __main__ - INFO - Updated icu beds for hospital 7 to 100
2025-09-11 14:31:55,939 - httpx - INFO - HTTP Request: GET http://localhost:8002/api/beds/current/8 "HTTP/1.1 200 OK"
2025-09-11 14:31:55,977 - httpx - INFO - HTTP Request: POST http://localhost:8002/api/beds/update "HTTP/1.1 201 Created"
2025-09-11 14:31:55,978 - __main__ - INFO - Updated general beds for hospital 8 to 464
2025-09-11 14:31:55,998 - httpx - INFO - HTTP Request: POST http://localhost:8002/api/beds/update "HTTP/1.1 201 Created"
2025-09-11 14:31:55,999 - __main__ - INFO - Updated icu beds for hospital 8 to 87
2025-09-11 14:31:56,023 - httpx - INFO - HTTP Request: GET http://localhost:8002/api/beds/current/9 "HTTP/1.1 200 OK"
2025-09-11 14:31:56,122 - httpx - INFO - HTTP Request: POST http://localhost:8002/api/beds/update "HTTP/1.1 201 Created"
2025-09-11 14:31:56,271 - __main__ - INFO - Updated general beds for hospital 9 to 397
2025-09-11 14:31:56,296 - httpx - INFO - HTTP Request: GET http://localhost:8002/api/beds/current/10 "HTTP/1.1 200 OK"
2025-09-11 14:31:56,317 - httpx - INFO - HTTP Request: POST http://localhost:8002/api/beds/update "HTTP/1.1 201 Created"
2025-09-11 14:31:56,319 - __main__ - INFO - Updated general beds for hospital 10 to 1500
2025-09-11 14:31:56,379 - httpx - INFO - HTTP Request: POST http://localhost:8002/api/beds/update "HTTP/1.1 201 Created"
2025-09-11 14:31:56,380 - __main__ - INFO - Updated icu beds for hospital 10 to 300
2025-09-11 14:31:56,413 - httpx - INFO - HTTP Request: GET http://localhost:8002/api/beds/current/11 "HTTP/1.1 200 OK"
2025-09-11 14:31:56,498 - httpx - INFO - HTTP Request: POST http://localhost:8002/api/beds/update "HTTP/1.1 201 Created"
2025-09-11 14:31:56,500 - __main__ - INFO - Updated general beds for hospital 11 to 447
2025-09-11 14:31:56,522 - httpx - INFO - HTTP Request: POST http://localhost:8002/api/beds/update "HTTP/1.1 201 Created"
2025-09-11 14:31:56,522 - __main__ - INFO - Updated icu beds for hospital 11 to 86
2025-09-11 14:31:56,551 - httpx - INFO - HTTP Request: GET http://localhost:8002/api/beds/current/12 "HTTP/1.1 200 OK"
2025-09-11 14:31:56,589 - httpx - INFO - HTTP Request: POST http://localhost:8002/api/beds/update "HTTP/1.1 201 Created"
2025-09-11 14:31:56,593 - __main__ - INFO - Updated general beds for hospital 12 to 347
2025-09-11 14:31:56,624 - httpx - INFO - HTTP Request: POST http://localhost:8002/api/beds/update "HTTP/1.1 201 Created"
2025-09-11 14:31:56,625 - __main__ - INFO - Updated icu beds for hospital 12 to 66
2025-09-11 14:31:56,668 - httpx - INFO - HTTP Request: GET http://localhost:8002/api/beds/current/13 "HTTP/1.1 200 OK"
2025-09-11 14:31:56,707 - httpx - INFO - HTTP Request: POST http://localhost:8002/api/beds/update "HTTP/1.1 201 Created"
2025-09-11 14:31:56,708 - __main__ - INFO - Updated icu beds for hospital 13 to 50
2025-09-11 14:31:56,738 - httpx - INFO - HTTP Request: GET http://localhost:8002/api/beds/current/14 "HTTP/1.1 200 OK"
2025-09-11 14:31:56,758 - httpx - INFO - HTTP Request: POST http://localhost:8002/api/beds/update "HTTP/1.1 201 Created"
2025-09-11 14:31:56,758 - __main__ - INFO - Updated general beds for hospital 14 to 604
2025-09-11 14:31:56,783 - httpx - INFO - HTTP Request: POST http://localhost:8002/api/beds/update "HTTP/1.1 201 Created"
2025-09-11 14:31:56,783 - __main__ - INFO - Updated icu beds for hospital 14 to 116
2025-09-11 14:31:56,801 - httpx - INFO - HTTP Request: GET http://localhost:8002/api/beds/current/15 "HTTP/1.1 200 OK"
2025-09-11 14:31:56,825 - httpx - INFO - HTTP Request: POST http://localhost:8002/api/beds/update "HTTP/1.1 201 Created"
2025-09-11 14:31:56,825 - __main__ - INFO - Updated general beds for hospital 15 to 260
2025-09-11 14:31:56,846 - httpx - INFO - HTTP Request: POST http://localhost:8002/api/beds/update "HTTP/1.1 201 Created"
2025-09-11 14:31:56,846 - __main__ - INFO - Updated icu beds for hospital 15 to 55
2025-09-11 14:31:56,866 - httpx - INFO - HTTP Request: GET http://localhost:8002/api/beds/current/16 "HTTP/1.1 200 OK"
2025-09-11 14:31:56,885 - httpx - INFO - HTTP Request: POST http://localhost:8002/api/beds/update "HTTP/1.1 201 Created"
2025-09-11 14:31:56,885 - __main__ - INFO - Updated general beds for hospital 16 to 277
2025-09-11 14:31:56,907 - httpx - INFO - HTTP Request: POST http://localhost:8002/api/beds/update "HTTP/1.1 201 Created"
2025-09-11 14:31:56,908 - __main__ - INFO - Updated icu beds for hospital 16 to 55
2025-09-11 14:31:56,928 - httpx - INFO - HTTP Request: GET http://localhost:8002/api/beds/current/17 "HTTP/1.1 200 OK"
2025-09-11 14:31:56,950 - httpx - INFO - HTTP Request: POST http://localhost:8002/api/beds/update "HTTP/1.1 201 Created"
2025-09-11 14:31:56,951 - __main__ - INFO - Updated general beds for hospital 17 to 85
2025-09-11 14:31:56,974 - httpx - INFO - HTTP Request: POST http://localhost:8002/api/beds/update "HTTP/1.1 201 Created"
2025-09-11 14:31:56,975 - __main__ - INFO - Updated icu beds for hospital 17 to 15
2025-09-11 14:31:56,992 - httpx - INFO - HTTP Request: GET http://localhost:8002/api/beds/current/18 "HTTP/1.1 200 OK"
2025-09-11 14:31:57,014 - httpx - INFO - HTTP Request: POST http://localhost:8002/api/beds/update "HTTP/1.1 201 Created"
2025-09-11 14:31:57,015 - __main__ - INFO - Updated icu beds for hospital 18 to 34
2025-09-11 14:31:57,035 - httpx - INFO - HTTP Request: GET http://localhost:8002/api/beds/current/19 "HTTP/1.1 200 OK"
2025-09-11 14:31:57,056 - httpx - INFO - HTTP Request: POST http://localhost:8002/api/beds/update "HTTP/1.1 201 Created"
2025-09-11 14:31:57,057 - __main__ - INFO - Updated general beds for hospital 19 to 185
2025-09-11 14:31:57,076 - httpx - INFO - HTTP Request: POST http://localhost:8002/api/beds/update "HTTP/1.1 201 Created"
2025-09-11 14:31:57,077 - __main__ - INFO - Updated icu beds for hospital 19 to 37
2025-09-11 14:31:57,113 - httpx - INFO - HTTP Request: GET http://localhost:8002/api/beds/current/20 "HTTP/1.1 200 OK"
2025-09-11 14:31:57,142 - httpx - INFO - HTTP Request: POST http://localhost:8002/api/beds/update "HTTP/1.1 201 Created"
2025-09-11 14:31:57,142 - __main__ - INFO - Updated icu beds for hospital 20 to 38
2025-09-11 14:32:17,178 - httpx - INFO - HTTP Request: GET http://localhost:8002/api/beds/current/1 "HTTP/1.1 200 OK"
2025-09-11 14:32:17,203 - httpx - INFO - HTTP Request: POST http://localhost:8002/api/beds/update "HTTP/1.1 201 Created"
2025-09-11 14:32:17,204 - __main__ - INFO - Updated general beds for hospital 1 to 993
2025-09-11 14:32:17,228 - httpx - INFO - HTTP Request: POST http://localhost:8002/api/beds/update "HTTP/1.1 201 Created"
2025-09-11 14:32:17,293 - __main__ - INFO - Updated icu beds for hospital 1 to 194
2025-09-11 14:32:17,311 - httpx - INFO - HTTP Request: GET http://localhost:8002/api/beds/current/2 "HTTP/1.1 200 OK"
2025-09-11 14:32:17,339 - httpx - INFO - HTTP Request: POST http://localhost:8002/api/beds/update "HTTP/1.1 201 Created"
2025-09-11 14:32:17,340 - __main__ - INFO - Updated general beds for hospital 2 to 686
2025-09-11 14:32:17,361 - httpx - INFO - HTTP Request: POST http://localhost:8002/api/beds/update "HTTP/1.1 201 Created"
2025-09-11 14:32:17,362 - __main__ - INFO - Updated icu beds for hospital 2 to 134
2025-09-11 14:32:17,382 - httpx - INFO - HTTP Request: GET http://localhost:8002/api/beds/current/3 "HTTP/1.1 200 OK"
2025-09-11 14:32:17,403 - httpx - INFO - HTTP Request: POST http://localhost:8002/api/beds/update "HTTP/1.1 201 Created"
2025-09-11 14:32:17,404 - __main__ - INFO - Updated general beds for hospital 3 to 270
2025-09-11 14:32:17,421 - httpx - INFO - HTTP Request: GET http://localhost:8002/api/beds/current/4 "HTTP/1.1 200 OK"
2025-09-11 14:32:17,448 - httpx - INFO - HTTP Request: POST http://localhost:8002/api/beds/update "HTTP/1.1 201 Created"
2025-09-11 14:32:17,448 - __main__ - INFO - Updated general beds for hospital 4 to 1139
2025-09-11 14:32:17,486 - httpx - INFO - HTTP Request: POST http://localhost:8002/api/beds/update "HTTP/1.1 201 Created"
2025-09-11 14:32:17,487 - __main__ - INFO - Updated icu beds for hospital 4 to 226
2025-09-11 14:32:17,519 - httpx - INFO - HTTP Request: GET http://localhost:8002/api/beds/current/5 "HTTP/1.1 200 OK"
2025-09-11 14:32:17,545 - httpx - INFO - HTTP Request: GET http://localhost:8002/api/beds/current/6 "HTTP/1.1 200 OK"
2025-09-11 14:32:17,565 - httpx - INFO - HTTP Request: POST http://localhost:8002/api/beds/update "HTTP/1.1 201 Created"
2025-09-11 14:32:17,566 - __main__ - INFO - Updated general beds for hospital 6 to 498
2025-09-11 14:32:17,586 - httpx - INFO - HTTP Request: POST http://localhost:8002/api/beds/update "HTTP/1.1 201 Created"
2025-09-11 14:32:17,586 - __main__ - INFO - Updated icu beds for hospital 6 to 87
2025-09-11 14:32:17,607 - httpx - INFO - HTTP Request: GET http://localhost:8002/api/beds/current/7 "HTTP/1.1 200 OK"
2025-09-11 14:32:17,637 - httpx - INFO - HTTP Request: POST http://localhost:8002/api/beds/update "HTTP/1.1 201 Created"
2025-09-11 14:32:17,638 - __main__ - INFO - Updated general beds for hospital 7 to 499
2025-09-11 14:32:17,668 - httpx - INFO - HTTP Request: POST http://localhost:8002/api/beds/update "HTTP/1.1 201 Created"
2025-09-11 14:32:17,668 - __main__ - INFO - Updated icu beds for hospital 7 to 100
2025-09-11 14:32:17,690 - httpx - INFO - HTTP Request: GET http://localhost:8002/api/beds/current/8 "HTTP/1.1 200 OK"
2025-09-11 14:32:17,709 - httpx - INFO - HTTP Request: POST http://localhost:8002/api/beds/update "HTTP/1.1 201 Created"
2025-09-11 14:32:17,709 - __main__ - INFO - Updated general beds for hospital 8 to 462
2025-09-11 14:32:17,729 - httpx - INFO - HTTP Request: POST http://localhost:8002/api/beds/update "HTTP/1.1 201 Created"
2025-09-11 14:32:17,729 - __main__ - INFO - Updated icu beds for hospital 8 to 89
2025-09-11 14:32:17,742 - httpx - INFO - HTTP Request: GET http://localhost:8002/api/beds/current/9 "HTTP/1.1 200 OK"
2025-09-11 14:32:17,763 - httpx - INFO - HTTP Request: POST http://localhost:8002/api/beds/update "HTTP/1.1 201 Created"
2025-09-11 14:32:17,763 - __main__ - INFO - Updated general beds for hospital 9 to 399
2025-09-11 14:32:17,785 - httpx - INFO - HTTP Request: POST http://localhost:8002/api/beds/update "HTTP/1.1 201 Created"
2025-09-11 14:32:17,785 - __main__ - INFO - Updated icu beds for hospital 9 to 77
2025-09-11 14:32:17,803 - httpx - INFO - HTTP Request: GET http://localhost:8002/api/beds/current/10 "HTTP/1.1 200 OK"
2025-09-11 14:32:17,821 - httpx - INFO - HTTP Request: POST http://localhost:8002/api/beds/update "HTTP/1.1 201 Created"
2025-09-11 14:32:17,821 - __main__ - INFO - Updated general beds for hospital 10 to 1499
2025-09-11 14:32:17,836 - httpx - INFO - HTTP Request: GET http://localhost:8002/api/beds/current/11 "HTTP/1.1 200 OK"
2025-09-11 14:32:17,851 - httpx - INFO - HTTP Request: POST http://localhost:8002/api/beds/update "HTTP/1.1 201 Created"
2025-09-11 14:32:17,851 - __main__ - INFO - Updated general beds for hospital 11 to 445
2025-09-11 14:32:17,871 - httpx - INFO - HTTP Request: POST http://localhost:8002/api/beds/update "HTTP/1.1 201 Created"
2025-09-11 14:32:17,875 - __main__ - INFO - Updated icu beds for hospital 11 to 84
2025-09-11 14:32:17,909 - httpx - INFO - HTTP Request: GET http://localhost:8002/api/beds/current/12 "HTTP/1.1 200 OK"
2025-09-11 14:32:17,927 - httpx - INFO - HTTP Request: POST http://localhost:8002/api/beds/update "HTTP/1.1 201 Created"
2025-09-11 14:32:17,928 - __main__ - INFO - Updated general beds for hospital 12 to 350
2025-09-11 14:32:17,948 - httpx - INFO - HTTP Request: POST http://localhost:8002/api/beds/update "HTTP/1.1 201 Created"
2025-09-11 14:32:17,948 - __main__ - INFO - Updated icu beds for hospital 12 to 68
2025-09-11 14:32:17,966 - httpx - INFO - HTTP Request: GET http://localhost:8002/api/beds/current/13 "HTTP/1.1 200 OK"
2025-09-11 14:32:17,985 - httpx - INFO - HTTP Request: POST http://localhost:8002/api/beds/update "HTTP/1.1 201 Created"
2025-09-11 14:32:17,985 - __main__ - INFO - Updated general beds for hospital 13 to 245
2025-09-11 14:32:17,999 - httpx - INFO - HTTP Request: GET http://localhost:8002/api/beds/current/14 "HTTP/1.1 200 OK"
2025-09-11 14:32:18,016 - httpx - INFO - HTTP Request: POST http://localhost:8002/api/beds/update "HTTP/1.1 201 Created"
2025-09-11 14:32:18,016 - __main__ - INFO - Updated general beds for hospital 14 to 602
2025-09-11 14:32:18,032 - httpx - INFO - HTTP Request: POST http://localhost:8002/api/beds/update "HTTP/1.1 201 Created"
2025-09-11 14:32:18,033 - __main__ - INFO - Updated icu beds for hospital 14 to 114
2025-09-11 14:32:18,048 - httpx - INFO - HTTP Request: GET http://localhost:8002/api/beds/current/15 "HTTP/1.1 200 OK"
2025-09-11 14:32:18,070 - httpx - INFO - HTTP Request: POST http://localhost:8002/api/beds/update "HTTP/1.1 201 Created"
2025-09-11 14:32:18,071 - __main__ - INFO - Updated general beds for hospital 15 to 262
2025-09-11 14:32:18,089 - httpx - INFO - HTTP Request: POST http://localhost:8002/api/beds/update "HTTP/1.1 201 Created"
2025-09-11 14:32:18,089 - __main__ - INFO - Updated icu beds for hospital 15 to 54
2025-09-11 14:32:18,107 - httpx - INFO - HTTP Request: GET http://localhost:8002/api/beds/current/16 "HTTP/1.1 200 OK"
2025-09-11 14:32:18,127 - httpx - INFO - HTTP Request: POST http://localhost:8002/api/beds/update "HTTP/1.1 201 Created"
2025-09-11 14:32:18,178 - __main__ - INFO - Updated general beds for hospital 16 to 278
2025-09-11 14:32:18,203 - httpx - INFO - HTTP Request: POST http://localhost:8002/api/beds/update "HTTP/1.1 201 Created"
2025-09-11 14:32:18,203 - __main__ - INFO - Updated icu beds for hospital 16 to 53
2025-09-11 14:32:18,219 - httpx - INFO - HTTP Request: GET http://localhost:8002/api/beds/current/17 "HTTP/1.1 200 OK"
2025-09-11 14:32:18,237 - httpx - INFO - HTTP Request: POST http://localhost:8002/api/beds/update "HTTP/1.1 201 Created"
2025-09-11 14:32:18,237 - __main__ - INFO - Updated general beds for hospital 17 to 86
2025-09-11 14:32:18,256 - httpx - INFO - HTTP Request: POST http://localhost:8002/api/beds/update "HTTP/1.1 201 Created"
2025-09-11 14:32:18,256 - __main__ - INFO - Updated icu beds for hospital 17 to 13
2025-09-11 14:32:18,274 - httpx - INFO - HTTP Request: GET http://localhost:8002/api/beds/current/18 "HTTP/1.1 200 OK"
2025-09-11 14:32:18,295 - httpx - INFO - HTTP Request: POST http://localhost:8002/api/beds/update "HTTP/1.1 201 Created"
2025-09-11 14:32:18,295 - __main__ - INFO - Updated icu beds for hospital 18 to 36
2025-09-11 14:32:18,314 - httpx - INFO - HTTP Request: GET http://localhost:8002/api/beds/current/19 "HTTP/1.1 200 OK"
2025-09-11 14:32:18,334 - httpx - INFO - HTTP Request: GET http://localhost:8002/api/beds/current/20 "HTTP/1.1 200 OK"
2025-09-11 14:32:18,356 - httpx - INFO - HTTP Request: POST http://localhost:8002/api/beds/update "HTTP/1.1 201 Created"
2025-09-11 14:32:18,356 - __main__ - INFO - Updated general beds for hospital 20 to 189
2025-09-11 14:32:18,387 - httpx - INFO - HTTP Request: POST http://localhost:8002/api/beds/update "HTTP/1.1 201 Created"
2025-09-11 14:32:18,387 - __main__ - INFO - Updated icu beds for hospital 20 to 36
2025-09-11 14:32:38,430 - httpx - INFO - HTTP Request: GET http://localhost:8002/api/beds/current/1 "HTTP/1.1 200 OK"
2025-09-11 14:32:38,459 - httpx - INFO - HTTP Request: POST http://localhost:8002/api/beds/update "HTTP/1.1 201 Created"
2025-09-11 14:32:38,460 - __main__ - INFO - Updated general beds for hospital 1 to 995
2025-09-11 14:32:38,477 - httpx - INFO - HTTP Request: POST http://localhost:8002/api/beds/update "HTTP/1.1 201 Created"
2025-09-11 14:32:38,477 - __main__ - INFO - Updated icu beds for hospital 1 to 196
2025-09-11 14:32:38,489 - httpx - INFO - HTTP Request: GET http://localhost:8002/api/beds/current/2 "HTTP/1.1 200 OK"
2025-09-11 14:32:38,505 - httpx - INFO - HTTP Request: POST http://localhost:8002/api/beds/update "HTTP/1.1 201 Created"
2025-09-11 14:32:38,505 - __main__ - INFO - Updated general beds for hospital 2 to 683
2025-09-11 14:32:38,534 - httpx - INFO - HTTP Request: POST http://localhost:8002/api/beds/update "HTTP/1.1 201 Created"
2025-09-11 14:32:38,535 - __main__ - INFO - Updated icu beds for hospital 2 to 135
2025-09-11 14:32:38,553 - httpx - INFO - HTTP Request: GET http://localhost:8002/api/beds/current/3 "HTTP/1.1 200 OK"
2025-09-11 14:32:38,573 - httpx - INFO - HTTP Request: POST http://localhost:8002/api/beds/update "HTTP/1.1 201 Created"
2025-09-11 14:32:38,574 - __main__ - INFO - Updated general beds for hospital 3 to 272
2025-09-11 14:32:38,591 - httpx - INFO - HTTP Request: POST http://localhost:8002/api/beds/update "HTTP/1.1 201 Created"
2025-09-11 14:32:38,591 - __main__ - INFO - Updated icu beds for hospital 3 to 51
2025-09-11 14:32:38,606 - httpx - INFO - HTTP Request: GET http://localhost:8002/api/beds/current/4 "HTTP/1.1 200 OK"
2025-09-11 14:32:38,622 - httpx - INFO - HTTP Request: POST http://localhost:8002/api/beds/update "HTTP/1.1 201 Created"
2025-09-11 14:32:38,623 - __main__ - INFO - Updated general beds for hospital 4 to 1137
2025-09-11 14:32:38,645 - httpx - INFO - HTTP Request: POST http://localhost:8002/api/beds/update "HTTP/1.1 201 Created"
2025-09-11 14:32:38,645 - __main__ - INFO - Updated icu beds for hospital 4 to 224
2025-09-11 14:32:38,663 - httpx - INFO - HTTP Request: GET http://localhost:8002/api/beds/current/5 "HTTP/1.1 200 OK"
2025-09-11 14:32:38,683 - httpx - INFO - HTTP Request: POST http://localhost:8002/api/beds/update "HTTP/1.1 201 Created"
2025-09-11 14:32:38,683 - __main__ - INFO - Updated general beds for hospital 5 to 1000
2025-09-11 14:32:38,702 - httpx - INFO - HTTP Request: POST http://localhost:8002/api/beds/update "HTTP/1.1 201 Created"
2025-09-11 14:32:38,703 - __main__ - INFO - Updated icu beds for hospital 5 to 198
2025-09-11 14:32:38,716 - httpx - INFO - HTTP Request: GET http://localhost:8002/api/beds/current/6 "HTTP/1.1 200 OK"
2025-09-11 14:32:38,737 - httpx - INFO - HTTP Request: POST http://localhost:8002/api/beds/update "HTTP/1.1 201 Created"
2025-09-11 14:32:38,737 - __main__ - INFO - Updated general beds for hospital 6 to 500
2025-09-11 14:32:38,756 - httpx - INFO - HTTP Request: POST http://localhost:8002/api/beds/update "HTTP/1.1 201 Created"
2025-09-11 14:32:38,756 - __main__ - INFO - Updated icu beds for hospital 6 to 85
2025-09-11 14:32:38,771 - httpx - INFO - HTTP Request: GET http://localhost:8002/api/beds/current/7 "HTTP/1.1 200 OK"
2025-09-11 14:32:38,788 - httpx - INFO - HTTP Request: POST http://localhost:8002/api/beds/update "HTTP/1.1 201 Created"
2025-09-11 14:32:38,788 - __main__ - INFO - Updated general beds for hospital 7 to 496
2025-09-11 14:32:38,804 - httpx - INFO - HTTP Request: POST http://localhost:8002/api/beds/update "HTTP/1.1 201 Created"
2025-09-11 14:32:38,805 - __main__ - INFO - Updated icu beds for hospital 7 to 100
2025-09-11 14:32:38,819 - httpx - INFO - HTTP Request: GET http://localhost:8002/api/beds/current/8 "HTTP/1.1 200 OK"
2025-09-11 14:32:38,837 - httpx - INFO - HTTP Request: POST http://localhost:8002/api/beds/update "HTTP/1.1 201 Created"
2025-09-11 14:32:38,837 - __main__ - INFO - Updated general beds for hospital 8 to 459
2025-09-11 14:32:38,852 - httpx - INFO - HTTP Request: GET http://localhost:8002/api/beds/current/9 "HTTP/1.1 200 OK"
2025-09-11 14:32:38,869 - httpx - INFO - HTTP Request: POST http://localhost:8002/api/beds/update "HTTP/1.1 201 Created"
2025-09-11 14:32:38,869 - __main__ - INFO - Updated general beds for hospital 9 to 400
2025-09-11 14:32:38,886 - httpx - INFO - HTTP Request: POST http://localhost:8002/api/beds/update "HTTP/1.1 201 Created"
2025-09-11 14:32:38,887 - __main__ - INFO - Updated icu beds for hospital 9 to 75
2025-09-11 14:32:38,902 - httpx - INFO - HTTP Request: GET http://localhost:8002/api/beds/current/10 "HTTP/1.1 200 OK"
2025-09-11 14:32:38,927 - httpx - INFO - HTTP Request: POST http://localhost:8002/api/beds/update "HTTP/1.1 201 Created"
2025-09-11 14:32:38,928 - __main__ - INFO - Updated general beds for hospital 10 to 1498
2025-09-11 14:32:38,952 - httpx - INFO - HTTP Request: POST http://localhost:8002/api/beds/update "HTTP/1.1 201 Created"
2025-09-11 14:32:39,017 - __main__ - INFO - Updated icu beds for hospital 10 to 298
2025-09-11 14:32:39,037 - httpx - INFO - HTTP Request: GET http://localhost:8002/api/beds/current/11 "HTTP/1.1 200 OK"
2025-09-11 14:32:39,055 - httpx - INFO - HTTP Request: POST http://localhost:8002/api/beds/update "HTTP/1.1 201 Created"
2025-09-11 14:32:39,056 - __main__ - INFO - Updated general beds for hospital 11 to 446
2025-09-11 14:32:39,075 - httpx - INFO - HTTP Request: GET http://localhost:8002/api/beds/current/12 "HTTP/1.1 200 OK"
2025-09-11 14:32:39,096 - httpx - INFO - HTTP Request: POST http://localhost:8002/api/beds/update "HTTP/1.1 201 Created"
2025-09-11 14:32:39,097 - __main__ - INFO - Updated general beds for hospital 12 to 349
2025-09-11 14:32:39,111 - httpx - INFO - HTTP Request: GET http://localhost:8002/api/beds/current/13 "HTTP/1.1 200 OK"
2025-09-11 14:32:39,133 - httpx - INFO - HTTP Request: POST http://localhost:8002/api/beds/update "HTTP/1.1 201 Created"
2025-09-11 14:32:39,133 - __main__ - INFO - Updated general beds for hospital 13 to 244
2025-09-11 14:32:39,152 - httpx - INFO - HTTP Request: GET http://localhost:8002/api/beds/current/14 "HTTP/1.1 200 OK"
2025-09-11 14:32:39,169 - httpx - INFO - HTTP Request: POST http://localhost:8002/api/beds/update "HTTP/1.1 201 Created"
2025-09-11 14:32:39,169 - __main__ - INFO - Updated general beds for hospital 14 to 601
2025-09-11 14:32:39,187 - httpx - INFO - HTTP Request: POST http://localhost:8002/api/beds/update "HTTP/1.1 201 Created"
2025-09-11 14:32:39,187 - __main__ - INFO - Updated icu beds for hospital 14 to 115
2025-09-11 14:32:39,204 - httpx - INFO - HTTP Request: GET http://localhost:8002/api/beds/current/15 "HTTP/1.1 200 OK"
2025-09-11 14:32:39,222 - httpx - INFO - HTTP Request: POST http://localhost:8002/api/beds/update "HTTP/1.1 201 Created"
2025-09-11 14:32:39,223 - __main__ - INFO - Updated general beds for hospital 15 to 265
2025-09-11 14:32:39,244 - httpx - INFO - HTTP Request: POST http://localhost:8002/api/beds/update "HTTP/1.1 201 Created"
2025-09-11 14:32:39,244 - __main__ - INFO - Updated icu beds for hospital 15 to 52
2025-09-11 14:32:39,261 - httpx - INFO - HTTP Request: GET http://localhost:8002/api/beds/current/16 "HTTP/1.1 200 OK"
2025-09-11 14:32:39,283 - httpx - INFO - HTTP Request: POST http://localhost:8002/api/beds/update "HTTP/1.1 201 Created"
2025-09-11 14:32:39,284 - __main__ - INFO - Updated general beds for hospital 16 to 277
2025-09-11 14:32:39,424 - httpx - INFO - HTTP Request: POST http://localhost:8002/api/beds/update "HTTP/1.1 201 Created"
2025-09-11 14:32:39,429 - __main__ - INFO - Updated icu beds for hospital 16 to 52
2025-09-11 14:32:39,462 - httpx - INFO - HTTP Request: GET http://localhost:8002/api/beds/current/17 "HTTP/1.1 200 OK"
2025-09-11 14:32:39,481 - httpx - INFO - HTTP Request: POST http://localhost:8002/api/beds/update "HTTP/1.1 201 Created"
2025-09-11 14:32:39,482 - __main__ - INFO - Updated general beds for hospital 17 to 88
2025-09-11 14:32:39,507 - httpx - INFO - HTTP Request: GET http://localhost:8002/api/beds/current/18 "HTTP/1.1 200 OK"
2025-09-11 14:32:39,559 - httpx - INFO - HTTP Request: POST http://localhost:8002/api/beds/update "HTTP/1.1 201 Created"
2025-09-11 14:32:39,559 - __main__ - INFO - Updated general beds for hospital 18 to 189
2025-09-11 14:32:39,594 - httpx - INFO - HTTP Request: POST http://localhost:8002/api/beds/update "HTTP/1.1 201 Created"
2025-09-11 14:32:39,595 - __main__ - INFO - Updated icu beds for hospital 18 to 35
2025-09-11 14:32:39,615 - httpx - INFO - HTTP Request: GET http://localhost:8002/api/beds/current/19 "HTTP/1.1 200 OK"
2025-09-11 14:32:39,641 - httpx - INFO - HTTP Request: POST http://localhost:8002/api/beds/update "HTTP/1.1 201 Created"
2025-09-11 14:32:39,641 - __main__ - INFO - Updated general beds for hospital 19 to 186
2025-09-11 14:32:39,662 - httpx - INFO - HTTP Request: GET http://localhost:8002/api/beds/current/20 "HTTP/1.1 200 OK"
2025-09-11 14:32:39,685 - httpx - INFO - HTTP Request: POST http://localhost:8002/api/beds/update "HTTP/1.1 201 Created"
2025-09-11 14:32:39,686 - __main__ - INFO - Updated icu beds for hospital 20 to 34
2025-09-11 14:32:59,714 - httpx - INFO - HTTP Request: GET http://localhost:8002/api/beds/current/1 "HTTP/1.1 200 OK"
2025-09-11 14:32:59,739 - httpx - INFO - HTTP Request: POST http://localhost:8002/api/beds/update "HTTP/1.1 201 Created"
2025-09-11 14:32:59,739 - __main__ - INFO - Updated general beds for hospital 1 to 994
2025-09-11 14:32:59,757 - httpx - INFO - HTTP Request: POST http://localhost:8002/api/beds/update "HTTP/1.1 201 Created"
2025-09-11 14:32:59,757 - __main__ - INFO - Updated icu beds for hospital 1 to 195
2025-09-11 14:32:59,785 - httpx - INFO - HTTP Request: GET http://localhost:8002/api/beds/current/2 "HTTP/1.1 200 OK"
2025-09-11 14:32:59,802 - httpx - INFO - HTTP Request: POST http://localhost:8002/api/beds/update "HTTP/1.1 201 Created"
2025-09-11 14:32:59,802 - __main__ - INFO - Updated general beds for hospital 2 to 681
2025-09-11 14:32:59,820 - httpx - INFO - HTTP Request: POST http://localhost:8002/api/beds/update "HTTP/1.1 201 Created"
2025-09-11 14:32:59,820 - __main__ - INFO - Updated icu beds for hospital 2 to 137
2025-09-11 14:32:59,838 - httpx - INFO - HTTP Request: GET http://localhost:8002/api/beds/current/3 "HTTP/1.1 200 OK"
2025-09-11 14:32:59,858 - httpx - INFO - HTTP Request: POST http://localhost:8002/api/beds/update "HTTP/1.1 201 Created"
2025-09-11 14:32:59,859 - __main__ - INFO - Updated icu beds for hospital 3 to 52
2025-09-11 14:32:59,881 - httpx - INFO - HTTP Request: GET http://localhost:8002/api/beds/current/4 "HTTP/1.1 200 OK"
2025-09-11 14:32:59,901 - httpx - INFO - HTTP Request: POST http://localhost:8002/api/beds/update "HTTP/1.1 201 Created"
2025-09-11 14:32:59,901 - __main__ - INFO - Updated general beds for hospital 4 to 1134
2025-09-11 14:32:59,919 - httpx - INFO - HTTP Request: POST http://localhost:8002/api/beds/update "HTTP/1.1 201 Created"
2025-09-11 14:32:59,919 - __main__ - INFO - Updated icu beds for hospital 4 to 226
2025-09-11 14:32:59,939 - httpx - INFO - HTTP Request: GET http://localhost:8002/api/beds/current/5 "HTTP/1.1 200 OK"
2025-09-11 14:32:59,963 - httpx - INFO - HTTP Request: POST http://localhost:8002/api/beds/update "HTTP/1.1 201 Created"
2025-09-11 14:32:59,963 - __main__ - INFO - Updated general beds for hospital 5 to 998
2025-09-11 14:32:59,982 - httpx - INFO - HTTP Request: POST http://localhost:8002/api/beds/update "HTTP/1.1 201 Created"
2025-09-11 14:32:59,983 - __main__ - INFO - Updated icu beds for hospital 5 to 199
2025-09-11 14:33:00,000 - httpx - INFO - HTTP Request: GET http://localhost:8002/api/beds/current/6 "HTTP/1.1 200 OK"
2025-09-11 14:33:00,104 - httpx - INFO - HTTP Request: POST http://localhost:8002/api/beds/update "HTTP/1.1 201 Created"
2025-09-11 14:33:00,105 - __main__ - INFO - Updated general beds for hospital 6 to 500
2025-09-11 14:33:00,129 - httpx - INFO - HTTP Request: POST http://localhost:8002/api/beds/update "HTTP/1.1 201 Created"
2025-09-11 14:33:00,130 - __main__ - INFO - Updated icu beds for hospital 6 to 84
2025-09-11 14:33:00,155 - httpx - INFO - HTTP Request: GET http://localhost:8002/api/beds/current/7 "HTTP/1.1 200 OK"
2025-09-11 14:33:00,173 - httpx - INFO - HTTP Request: POST http://localhost:8002/api/beds/update "HTTP/1.1 201 Created"
2025-09-11 14:33:00,173 - __main__ - INFO - Updated icu beds for hospital 7 to 99
2025-09-11 14:33:00,186 - httpx - INFO - HTTP Request: GET http://localhost:8002/api/beds/current/8 "HTTP/1.1 200 OK"
2025-09-11 14:33:00,204 - httpx - INFO - HTTP Request: GET http://localhost:8002/api/beds/current/9 "HTTP/1.1 200 OK"
2025-09-11 14:33:00,221 - httpx - INFO - HTTP Request: POST http://localhost:8002/api/beds/update "HTTP/1.1 201 Created"
2025-09-11 14:33:00,222 - __main__ - INFO - Updated general beds for hospital 9 to 397
2025-09-11 14:33:00,244 - httpx - INFO - HTTP Request: POST http://localhost:8002/api/beds/update "HTTP/1.1 201 Created"
2025-09-11 14:33:00,244 - __main__ - INFO - Updated icu beds for hospital 9 to 76
2025-09-11 14:33:00,269 - httpx - INFO - HTTP Request: GET http://localhost:8002/api/beds/current/10 "HTTP/1.1 200 OK"
2025-09-11 14:33:00,292 - httpx - INFO - HTTP Request: POST http://localhost:8002/api/beds/update "HTTP/1.1 201 Created"
2025-09-11 14:33:00,292 - __main__ - INFO - Updated general beds for hospital 10 to 1496
2025-09-11 14:33:00,314 - httpx - INFO - HTTP Request: POST http://localhost:8002/api/beds/update "HTTP/1.1 201 Created"
2025-09-11 14:33:00,314 - __main__ - INFO - Updated icu beds for hospital 10 to 297
2025-09-11 14:33:00,331 - httpx - INFO - HTTP Request: GET http://localhost:8002/api/beds/current/11 "HTTP/1.1 200 OK"
2025-09-11 14:33:00,349 - httpx - INFO - HTTP Request: POST http://localhost:8002/api/beds/update "HTTP/1.1 201 Created"
2025-09-11 14:33:00,349 - __main__ - INFO - Updated general beds for hospital 11 to 449
2025-09-11 14:33:00,367 - httpx - INFO - HTTP Request: POST http://localhost:8002/api/beds/update "HTTP/1.1 201 Created"
2025-09-11 14:33:00,368 - __main__ - INFO - Updated icu beds for hospital 11 to 82
2025-09-11 14:33:00,383 - httpx - INFO - HTTP Request: GET http://localhost:8002/api/beds/current/12 "HTTP/1.1 200 OK"
2025-09-11 14:33:00,527 - httpx - INFO - HTTP Request: POST http://localhost:8002/api/beds/update "HTTP/1.1 201 Created"
2025-09-11 14:33:00,529 - __main__ - INFO - Updated general beds for hospital 12 to 350
2025-09-11 14:33:00,559 - httpx - INFO - HTTP Request: POST http://localhost:8002/api/beds/update "HTTP/1.1 201 Created"
2025-09-11 14:33:00,559 - __main__ - INFO - Updated icu beds for hospital 12 to 66
2025-09-11 14:33:00,572 - httpx - INFO - HTTP Request: GET http://localhost:8002/api/beds/current/13 "HTTP/1.1 200 OK"
2025-09-11 14:33:00,588 - httpx - INFO - HTTP Request: POST http://localhost:8002/api/beds/update "HTTP/1.1 201 Created"
2025-09-11 14:33:00,588 - __main__ - INFO - Updated general beds for hospital 13 to 245
2025-09-11 14:33:00,602 - httpx - INFO - HTTP Request: POST http://localhost:8002/api/beds/update "HTTP/1.1 201 Created"
2025-09-11 14:33:00,602 - __main__ - INFO - Updated icu beds for hospital 13 to 49
2025-09-11 14:33:00,614 - httpx - INFO - HTTP Request: GET http://localhost:8002/api/beds/current/14 "HTTP/1.1 200 OK"
2025-09-11 14:33:00,633 - httpx - INFO - HTTP Request: POST http://localhost:8002/api/beds/update "HTTP/1.1 201 Created"
2025-09-11 14:33:00,633 - __main__ - INFO - Updated general beds for hospital 14 to 598
2025-09-11 14:33:00,646 - httpx - INFO - HTTP Request: POST http://localhost:8002/api/beds/update "HTTP/1.1 201 Created"
2025-09-11 14:33:00,647 - __main__ - INFO - Updated icu beds for hospital 14 to 114
2025-09-11 14:33:00,660 - httpx - INFO - HTTP Request: GET http://localhost:8002/api/beds/current/15 "HTTP/1.1 200 OK"
2025-09-11 14:33:00,671 - httpx - INFO - HTTP Request: GET http://localhost:8002/api/beds/current/16 "HTTP/1.1 200 OK"
2025-09-11 14:33:00,685 - httpx - INFO - HTTP Request: GET http://localhost:8002/api/beds/current/17 "HTTP/1.1 200 OK"
2025-09-11 14:33:00,700 - httpx - INFO - HTTP Request: POST http://localhost:8002/api/beds/update "HTTP/1.1 201 Created"
2025-09-11 14:33:00,700 - __main__ - INFO - Updated general beds for hospital 17 to 90
2025-09-11 14:33:00,714 - httpx - INFO - HTTP Request: POST http://localhost:8002/api/beds/update "HTTP/1.1 201 Created"
2025-09-11 14:33:00,715 - __main__ - INFO - Updated icu beds for hospital 17 to 11
2025-09-11 14:33:00,731 - httpx - INFO - HTTP Request: GET http://localhost:8002/api/beds/current/18 "HTTP/1.1 200 OK"
2025-09-11 14:33:00,751 - httpx - INFO - HTTP Request: POST http://localhost:8002/api/beds/update "HTTP/1.1 201 Created"
2025-09-11 14:33:00,751 - __main__ - INFO - Updated general beds for hospital 18 to 187
2025-09-11 14:33:00,767 - httpx - INFO - HTTP Request: GET http://localhost:8002/api/beds/current/19 "HTTP/1.1 200 OK"
2025-09-11 14:33:00,786 - httpx - INFO - HTTP Request: POST http://localhost:8002/api/beds/update "HTTP/1.1 201 Created"
2025-09-11 14:33:00,786 - __main__ - INFO - Updated general beds for hospital 19 to 188
2025-09-11 14:33:00,810 - httpx - INFO - HTTP Request: POST http://localhost:8002/api/beds/update "HTTP/1.1 201 Created"
2025-09-11 14:33:00,810 - __main__ - INFO - Updated icu beds for hospital 19 to 38
2025-09-11 14:33:00,825 - httpx - INFO - HTTP Request: GET http://localhost:8002/api/beds/current/20 "HTTP/1.1 200 OK"
2025-09-11 14:33:00,848 - httpx - INFO - HTTP Request: POST http://localhost:8002/api/beds/update "HTTP/1.1 201 Created"
2025-09-11 14:33:00,849 - __main__ - INFO - Updated general beds for hospital 20 to 186
2025-09-11 14:33:00,888 - httpx - INFO - HTTP Request: POST http://localhost:8002/api/beds/update "HTTP/1.1 201 Created"
2025-09-11 14:33:00,888 - __main__ - INFO - Updated icu beds for hospital 20 to 35
2025-09-11 14:33:20,934 - httpx - INFO - HTTP Request: GET http://localhost:8002/api/beds/current/1 "HTTP/1.1 200 OK"
2025-09-11 14:33:20,961 - httpx - INFO - HTTP Request: POST http://localhost:8002/api/beds/update "HTTP/1.1 201 Created"
2025-09-11 14:33:20,961 - __main__ - INFO - Updated general beds for hospital 1 to 996
2025-09-11 14:33:20,984 - httpx - INFO - HTTP Request: POST http://localhost:8002/api/beds/update "HTTP/1.1 201 Created"
2025-09-11 14:33:21,053 - __main__ - INFO - Updated icu beds for hospital 1 to 193
2025-09-11 14:33:21,068 - httpx - INFO - HTTP Request: GET http://localhost:8002/api/beds/current/2 "HTTP/1.1 200 OK"
2025-09-11 14:33:21,084 - httpx - INFO - HTTP Request: POST http://localhost:8002/api/beds/update "HTTP/1.1 201 Created"
2025-09-11 14:33:21,084 - __main__ - INFO - Updated general beds for hospital 2 to 683
2025-09-11 14:33:21,098 - httpx - INFO - HTTP Request: POST http://localhost:8002/api/beds/update "HTTP/1.1 201 Created"
2025-09-11 14:33:21,098 - __main__ - INFO - Updated icu beds for hospital 2 to 135
2025-09-11 14:33:21,110 - httpx - INFO - HTTP Request: GET http://localhost:8002/api/beds/current/3 "HTTP/1.1 200 OK"
2025-09-11 14:33:21,124 - httpx - INFO - HTTP Request: POST http://localhost:8002/api/beds/update "HTTP/1.1 201 Created"
2025-09-11 14:33:21,124 - __main__ - INFO - Updated general beds for hospital 3 to 275
2025-09-11 14:33:21,138 - httpx - INFO - HTTP Request: POST http://localhost:8002/api/beds/update "HTTP/1.1 201 Created"
2025-09-11 14:33:21,138 - __main__ - INFO - Updated icu beds for hospital 3 to 53
2025-09-11 14:33:21,150 - httpx - INFO - HTTP Request: GET http://localhost:8002/api/beds/current/4 "HTTP/1.1 200 OK"
2025-09-11 14:33:21,164 - httpx - INFO - HTTP Request: POST http://localhost:8002/api/beds/update "HTTP/1.1 201 Created"
2025-09-11 14:33:21,164 - __main__ - INFO - Updated general beds for hospital 4 to 1135
2025-09-11 14:33:21,178 - httpx - INFO - HTTP Request: POST http://localhost:8002/api/beds/update "HTTP/1.1 201 Created"
2025-09-11 14:33:21,178 - __main__ - INFO - Updated icu beds for hospital 4 to 225
2025-09-11 14:33:21,190 - httpx - INFO - HTTP Request: GET http://localhost:8002/api/beds/current/5 "HTTP/1.1 200 OK"
2025-09-11 14:33:21,209 - httpx - INFO - HTTP Request: POST http://localhost:8002/api/beds/update "HTTP/1.1 201 Created"
2025-09-11 14:33:21,209 - __main__ - INFO - Updated general beds for hospital 5 to 995
2025-09-11 14:33:21,221 - httpx - INFO - HTTP Request: GET http://localhost:8002/api/beds/current/6 "HTTP/1.1 200 OK"
2025-09-11 14:33:21,236 - httpx - INFO - HTTP Request: POST http://localhost:8002/api/beds/update "HTTP/1.1 201 Created"
2025-09-11 14:33:21,236 - __main__ - INFO - Updated general beds for hospital 6 to 500
2025-09-11 14:33:21,250 - httpx - INFO - HTTP Request: POST http://localhost:8002/api/beds/update "HTTP/1.1 201 Created"
2025-09-11 14:33:21,250 - __main__ - INFO - Updated icu beds for hospital 6 to 83
2025-09-11 14:33:21,261 - httpx - INFO - HTTP Request: GET http://localhost:8002/api/beds/current/7 "HTTP/1.1 200 OK"
2025-09-11 14:33:21,272 - httpx - INFO - HTTP Request: POST http://localhost:8002/api/beds/update "HTTP/1.1 201 Created"
2025-09-11 14:33:21,273 - __main__ - INFO - Updated general beds for hospital 7 to 493
2025-09-11 14:33:21,282 - httpx - INFO - HTTP Request: GET http://localhost:8002/api/beds/current/8 "HTTP/1.1 200 OK"
2025-09-11 14:33:21,294 - httpx - INFO - HTTP Request: POST http://localhost:8002/api/beds/update "HTTP/1.1 201 Created"
2025-09-11 14:33:21,294 - __main__ - INFO - Updated general beds for hospital 8 to 458
2025-09-11 14:33:21,305 - httpx - INFO - HTTP Request: POST http://localhost:8002/api/beds/update "HTTP/1.1 201 Created"
2025-09-11 14:33:21,306 - __main__ - INFO - Updated icu beds for hospital 8 to 88
2025-09-11 14:33:21,316 - httpx - INFO - HTTP Request: GET http://localhost:8002/api/beds/current/9 "HTTP/1.1 200 OK"
2025-09-11 14:33:21,327 - httpx - INFO - HTTP Request: POST http://localhost:8002/api/beds/update "HTTP/1.1 201 Created"
2025-09-11 14:33:21,327 - __main__ - INFO - Updated icu beds for hospital 9 to 75
2025-09-11 14:33:21,347 - httpx - INFO - HTTP Request: GET http://localhost:8002/api/beds/current/10 "HTTP/1.1 200 OK"
2025-09-11 14:33:21,359 - httpx - INFO - HTTP Request: POST http://localhost:8002/api/beds/update "HTTP/1.1 201 Created"
2025-09-11 14:33:21,359 - __main__ - INFO - Updated general beds for hospital 10 to 1495
2025-09-11 14:33:21,374 - httpx - INFO - HTTP Request: POST http://localhost:8002/api/beds/update "HTTP/1.1 201 Created"
2025-09-11 14:33:21,374 - __main__ - INFO - Updated icu beds for hospital 10 to 298
2025-09-11 14:33:21,388 - httpx - INFO - HTTP Request: GET http://localhost:8002/api/beds/current/11 "HTTP/1.1 200 OK"
2025-09-11 14:33:21,402 - httpx - INFO - HTTP Request: POST http://localhost:8002/api/beds/update "HTTP/1.1 201 Created"
2025-09-11 14:33:21,402 - __main__ - INFO - Updated general beds for hospital 11 to 450
2025-09-11 14:33:21,414 - httpx - INFO - HTTP Request: POST http://localhost:8002/api/beds/update "HTTP/1.1 201 Created"
2025-09-11 14:33:21,414 - __main__ - INFO - Updated icu beds for hospital 11 to 80
2025-09-11 14:33:21,436 - httpx - INFO - HTTP Request: GET http://localhost:8002/api/beds/current/12 "HTTP/1.1 200 OK"
2025-09-11 14:33:21,459 - httpx - INFO - HTTP Request: POST http://localhost:8002/api/beds/update "HTTP/1.1 201 Created"
2025-09-11 14:33:21,459 - __main__ - INFO - Updated general beds for hospital 12 to 348
2025-09-11 14:33:21,475 - httpx - INFO - HTTP Request: GET http://localhost:8002/api/beds/current/13 "HTTP/1.1 200 OK"
2025-09-11 14:33:21,491 - httpx - INFO - HTTP Request: POST http://localhost:8002/api/beds/update "HTTP/1.1 201 Created"
2025-09-11 14:33:21,491 - __main__ - INFO - Updated icu beds for hospital 13 to 50
2025-09-11 14:33:21,510 - httpx - INFO - HTTP Request: GET http://localhost:8002/api/beds/current/14 "HTTP/1.1 200 OK"
2025-09-11 14:33:21,528 - httpx - INFO - HTTP Request: POST http://localhost:8002/api/beds/update "HTTP/1.1 201 Created"
2025-09-11 14:33:21,528 - __main__ - INFO - Updated general beds for hospital 14 to 601
2025-09-11 14:33:21,557 - httpx - INFO - HTTP Request: POST http://localhost:8002/api/beds/update "HTTP/1.1 201 Created"
2025-09-11 14:33:21,558 - __main__ - INFO - Updated icu beds for hospital 14 to 115
2025-09-11 14:33:21,572 - httpx - INFO - HTTP Request: GET http://localhost:8002/api/beds/current/15 "HTTP/1.1 200 OK"
2025-09-11 14:33:21,585 - httpx - INFO - HTTP Request: GET http://localhost:8002/api/beds/current/16 "HTTP/1.1 200 OK"
2025-09-11 14:33:21,602 - httpx - INFO - HTTP Request: POST http://localhost:8002/api/beds/update "HTTP/1.1 201 Created"
2025-09-11 14:33:21,602 - __main__ - INFO - Updated general beds for hospital 16 to 278
2025-09-11 14:33:21,628 - httpx - INFO - HTTP Request: POST http://localhost:8002/api/beds/update "HTTP/1.1 201 Created"
2025-09-11 14:33:21,628 - __main__ - INFO - Updated icu beds for hospital 16 to 51
2025-09-11 14:33:21,667 - httpx - INFO - HTTP Request: GET http://localhost:8002/api/beds/current/17 "HTTP/1.1 200 OK"
2025-09-11 14:33:21,786 - httpx - INFO - HTTP Request: POST http://localhost:8002/api/beds/update "HTTP/1.1 201 Created"
2025-09-11 14:33:21,786 - __main__ - INFO - Updated general beds for hospital 17 to 90
2025-09-11 14:33:21,815 - httpx - INFO - HTTP Request: POST http://localhost:8002/api/beds/update "HTTP/1.1 201 Created"
2025-09-11 14:33:21,816 - __main__ - INFO - Updated icu beds for hospital 17 to 9
2025-09-11 14:33:21,841 - httpx - INFO - HTTP Request: GET http://localhost:8002/api/beds/current/18 "HTTP/1.1 200 OK"
2025-09-11 14:33:21,869 - httpx - INFO - HTTP Request: POST http://localhost:8002/api/beds/update "HTTP/1.1 201 Created"
2025-09-11 14:33:21,869 - __main__ - INFO - Updated general beds for hospital 18 to 184
2025-09-11 14:33:21,894 - httpx - INFO - HTTP Request: POST http://localhost:8002/api/beds/update "HTTP/1.1 201 Created"
2025-09-11 14:33:21,894 - __main__ - INFO - Updated icu beds for hospital 18 to 36
2025-09-11 14:33:21,919 - httpx - INFO - HTTP Request: GET http://localhost:8002/api/beds/current/19 "HTTP/1.1 200 OK"
2025-09-11 14:33:21,939 - httpx - INFO - HTTP Request: POST http://localhost:8002/api/beds/update "HTTP/1.1 201 Created"
2025-09-11 14:33:21,939 - __main__ - INFO - Updated general beds for hospital 19 to 191
2025-09-11 14:33:21,962 - httpx - INFO - HTTP Request: GET http://localhost:8002/api/beds/current/20 "HTTP/1.1 200 OK"
2025-09-11 14:33:21,983 - httpx - INFO - HTTP Request: POST http://localhost:8002/api/beds/update "HTTP/1.1 201 Created"
2025-09-11 14:33:21,983 - __main__ - INFO - Updated general beds for hospital 20 to 185
2025-09-11 14:33:22,010 - httpx - INFO - HTTP Request: POST http://localhost:8002/api/beds/update "HTTP/1.1 201 Created"
2025-09-11 14:33:22,012 - __main__ - INFO - Updated icu beds for hospital 20 to 33
2025-09-11 14:33:42,058 - httpx - INFO - HTTP Request: GET http://localhost:8002/api/beds/current/1 "HTTP/1.1 200 OK"
2025-09-11 14:33:42,081 - httpx - INFO - HTTP Request: POST http://localhost:8002/api/beds/update "HTTP/1.1 201 Created"
2025-09-11 14:33:42,081 - __main__ - INFO - Updated general beds for hospital 1 to 994
2025-09-11 14:33:42,111 - httpx - INFO - HTTP Request: POST http://localhost:8002/api/beds/update "HTTP/1.1 201 Created"
2025-09-11 14:33:42,111 - __main__ - INFO - Updated icu beds for hospital 1 to 194
2025-09-11 14:33:42,124 - httpx - INFO - HTTP Request: GET http://localhost:8002/api/beds/current/2 "HTTP/1.1 200 OK"
2025-09-11 14:33:42,140 - httpx - INFO - HTTP Request: POST http://localhost:8002/api/beds/update "HTTP/1.1 201 Created"
2025-09-11 14:33:42,142 - __main__ - INFO - Updated general beds for hospital 2 to 686
2025-09-11 14:33:42,161 - httpx - INFO - HTTP Request: GET http://localhost:8002/api/beds/current/3 "HTTP/1.1 200 OK"
2025-09-11 14:33:42,195 - httpx - INFO - HTTP Request: POST http://localhost:8002/api/beds/update "HTTP/1.1 201 Created"
2025-09-11 14:33:42,197 - __main__ - INFO - Updated general beds for hospital 3 to 277
2025-09-11 14:33:42,231 - httpx - INFO - HTTP Request: GET http://localhost:8002/api/beds/current/4 "HTTP/1.1 200 OK"
2025-09-11 14:33:42,277 - httpx - INFO - HTTP Request: POST http://localhost:8002/api/beds/update "HTTP/1.1 201 Created"
2025-09-11 14:33:42,278 - __main__ - INFO - Updated general beds for hospital 4 to 1136
2025-09-11 14:33:42,325 - httpx - INFO - HTTP Request: POST http://localhost:8002/api/beds/update "HTTP/1.1 201 Created"
2025-09-11 14:33:42,326 - __main__ - INFO - Updated icu beds for hospital 4 to 227
2025-09-11 14:33:42,350 - httpx - INFO - HTTP Request: GET http://localhost:8002/api/beds/current/5 "HTTP/1.1 200 OK"
2025-09-11 14:33:42,412 - httpx - INFO - HTTP Request: POST http://localhost:8002/api/beds/update "HTTP/1.1 201 Created"
2025-09-11 14:33:42,414 - __main__ - INFO - Updated icu beds for hospital 5 to 197
2025-09-11 14:33:42,472 - httpx - INFO - HTTP Request: GET http://localhost:8002/api/beds/current/6 "HTTP/1.1 200 OK"
2025-09-11 14:33:42,504 - httpx - INFO - HTTP Request: POST http://localhost:8002/api/beds/update "HTTP/1.1 201 Created"
2025-09-11 14:33:42,505 - __main__ - INFO - Updated general beds for hospital 6 to 497
2025-09-11 14:33:42,530 - httpx - INFO - HTTP Request: POST http://localhost:8002/api/beds/update "HTTP/1.1 201 Created"
2025-09-11 14:33:42,530 - __main__ - INFO - Updated icu beds for hospital 6 to 82
2025-09-11 14:33:42,561 - httpx - INFO - HTTP Request: GET http://localhost:8002/api/beds/current/7 "HTTP/1.1 200 OK"
2025-09-11 14:33:42,597 - httpx - INFO - HTTP Request: POST http://localhost:8002/api/beds/update "HTTP/1.1 201 Created"
2025-09-11 14:33:42,598 - __main__ - INFO - Updated general beds for hospital 7 to 494
2025-09-11 14:33:42,625 - httpx - INFO - HTTP Request: POST http://localhost:8002/api/beds/update "HTTP/1.1 201 Created"
2025-09-11 14:33:42,625 - __main__ - INFO - Updated icu beds for hospital 7 to 97
2025-09-11 14:33:42,646 - httpx - INFO - HTTP Request: GET http://localhost:8002/api/beds/current/8 "HTTP/1.1 200 OK"
2025-09-11 14:33:42,690 - httpx - INFO - HTTP Request: POST http://localhost:8002/api/beds/update "HTTP/1.1 201 Created"
2025-09-11 14:33:42,691 - __main__ - INFO - Updated icu beds for hospital 8 to 87
2025-09-11 14:33:42,730 - httpx - INFO - HTTP Request: GET http://localhost:8002/api/beds/current/9 "HTTP/1.1 200 OK"
2025-09-11 14:33:42,763 - httpx - INFO - HTTP Request: POST http://localhost:8002/api/beds/update "HTTP/1.1 201 Created"
2025-09-11 14:33:42,766 - __main__ - INFO - Updated general beds for hospital 9 to 394
2025-09-11 14:33:42,808 - httpx - INFO - HTTP Request: POST http://localhost:8002/api/beds/update "HTTP/1.1 201 Created"
2025-09-11 14:33:42,808 - __main__ - INFO - Updated icu beds for hospital 9 to 76
2025-09-11 14:33:42,838 - httpx - INFO - HTTP Request: GET http://localhost:8002/api/beds/current/10 "HTTP/1.1 200 OK"
2025-09-11 14:33:42,870 - httpx - INFO - HTTP Request: POST http://localhost:8002/api/beds/update "HTTP/1.1 201 Created"
2025-09-11 14:33:42,872 - __main__ - INFO - Updated general beds for hospital 10 to 1493
2025-09-11 14:33:42,891 - httpx - INFO - HTTP Request: GET http://localhost:8002/api/beds/current/11 "HTTP/1.1 200 OK"
2025-09-11 14:33:42,956 - httpx - INFO - HTTP Request: POST http://localhost:8002/api/beds/update "HTTP/1.1 201 Created"
2025-09-11 14:33:42,957 - __main__ - INFO - Updated general beds for hospital 11 to 450
2025-09-11 14:33:43,211 - httpx - INFO - HTTP Request: POST http://localhost:8002/api/beds/update "HTTP/1.1 201 Created"
2025-09-11 14:33:43,212 - __main__ - INFO - Updated icu beds for hospital 11 to 81
2025-09-11 14:33:43,243 - httpx - INFO - HTTP Request: GET http://localhost:8002/api/beds/current/12 "HTTP/1.1 200 OK"
2025-09-11 14:33:43,520 - httpx - INFO - HTTP Request: POST http://localhost:8002/api/beds/update "HTTP/1.1 201 Created"
2025-09-11 14:33:43,520 - __main__ - INFO - Updated general beds for hospital 12 to 350
2025-09-11 14:33:43,553 - httpx - INFO - HTTP Request: POST http://localhost:8002/api/beds/update "HTTP/1.1 201 Created"
2025-09-11 14:33:43,555 - __main__ - INFO - Updated icu beds for hospital 12 to 68
2025-09-11 14:33:43,600 - httpx - INFO - HTTP Request: GET http://localhost:8002/api/beds/current/13 "HTTP/1.1 200 OK"
2025-09-11 14:33:43,626 - httpx - INFO - HTTP Request: POST http://localhost:8002/api/beds/update "HTTP/1.1 201 Created"
2025-09-11 14:33:43,627 - __main__ - INFO - Updated general beds for hospital 13 to 243
2025-09-11 14:33:43,646 - httpx - INFO - HTTP Request: POST http://localhost:8002/api/beds/update "HTTP/1.1 201 Created"
2025-09-11 14:33:43,647 - __main__ - INFO - Updated icu beds for hospital 13 to 48
2025-09-11 14:33:43,671 - httpx - INFO - HTTP Request: GET http://localhost:8002/api/beds/current/14 "HTTP/1.1 200 OK"
2025-09-11 14:33:43,705 - httpx - INFO - HTTP Request: POST http://localhost:8002/api/beds/update "HTTP/1.1 201 Created"
2025-09-11 14:33:43,706 - __main__ - INFO - Updated general beds for hospital 14 to 602
2025-09-11 14:33:43,736 - httpx - INFO - HTTP Request: POST http://localhost:8002/api/beds/update "HTTP/1.1 201 Created"
2025-09-11 14:33:43,737 - __main__ - INFO - Updated icu beds for hospital 14 to 114
2025-09-11 14:33:43,752 - httpx - INFO - HTTP Request: GET http://localhost:8002/api/beds/current/15 "HTTP/1.1 200 OK"
2025-09-11 14:33:43,768 - httpx - INFO - HTTP Request: POST http://localhost:8002/api/beds/update "HTTP/1.1 201 Created"
2025-09-11 14:33:43,768 - __main__ - INFO - Updated general beds for hospital 15 to 264
2025-09-11 14:33:43,828 - httpx - INFO - HTTP Request: POST http://localhost:8002/api/beds/update "HTTP/1.1 201 Created"
2025-09-11 14:33:43,828 - __main__ - INFO - Updated icu beds for hospital 15 to 50
2025-09-11 14:33:43,861 - httpx - INFO - HTTP Request: GET http://localhost:8002/api/beds/current/16 "HTTP/1.1 200 OK"
2025-09-11 14:33:43,890 - httpx - INFO - HTTP Request: POST http://localhost:8002/api/beds/update "HTTP/1.1 201 Created"
2025-09-11 14:33:43,891 - __main__ - INFO - Updated icu beds for hospital 16 to 50
2025-09-11 14:33:43,906 - httpx - INFO - HTTP Request: GET http://localhost:8002/api/beds/current/17 "HTTP/1.1 200 OK"
2025-09-11 14:33:43,927 - httpx - INFO - HTTP Request: POST http://localhost:8002/api/beds/update "HTTP/1.1 201 Created"
2025-09-11 14:33:43,927 - __main__ - INFO - Updated general beds for hospital 17 to 90
2025-09-11 14:33:43,949 - httpx - INFO - HTTP Request: POST http://localhost:8002/api/beds/update "HTTP/1.1 201 Created"
2025-09-11 14:33:43,949 - __main__ - INFO - Updated icu beds for hospital 17 to 10
2025-09-11 14:33:43,968 - httpx - INFO - HTTP Request: GET http://localhost:8002/api/beds/current/18 "HTTP/1.1 200 OK"
2025-09-11 14:33:43,987 - httpx - INFO - HTTP Request: POST http://localhost:8002/api/beds/update "HTTP/1.1 201 Created"
2025-09-11 14:33:43,987 - __main__ - INFO - Updated general beds for hospital 18 to 185
2025-09-11 14:33:44,006 - httpx - INFO - HTTP Request: POST http://localhost:8002/api/beds/update "HTTP/1.1 201 Created"
2025-09-11 14:33:44,006 - __main__ - INFO - Updated icu beds for hospital 18 to 34
2025-09-11 14:33:44,022 - httpx - INFO - HTTP Request: GET http://localhost:8002/api/beds/current/19 "HTTP/1.1 200 OK"
2025-09-11 14:33:44,045 - httpx - INFO - HTTP Request: POST http://localhost:8002/api/beds/update "HTTP/1.1 201 Created"
2025-09-11 14:33:44,045 - __main__ - INFO - Updated general beds for hospital 19 to 188
2025-09-11 14:33:44,071 - httpx - INFO - HTTP Request: POST http://localhost:8002/api/beds/update "HTTP/1.1 201 Created"
2025-09-11 14:33:44,072 - __main__ - INFO - Updated icu beds for hospital 19 to 37
2025-09-11 14:33:44,093 - httpx - INFO - HTTP Request: GET http://localhost:8002/api/beds/current/20 "HTTP/1.1 200 OK"
2025-09-11 14:33:44,117 - httpx - INFO - HTTP Request: POST http://localhost:8002/api/beds/update "HTTP/1.1 201 Created"
2025-09-11 14:33:44,117 - __main__ - INFO - Updated icu beds for hospital 20 to 31
2025-09-11 14:34:04,145 - httpx - INFO - HTTP Request: GET http://localhost:8002/api/beds/current/1 "HTTP/1.1 200 OK"
2025-09-11 14:34:04,173 - httpx - INFO - HTTP Request: POST http://localhost:8002/api/beds/update "HTTP/1.1 201 Created"
2025-09-11 14:34:04,173 - __main__ - INFO - Updated general beds for hospital 1 to 995
2025-09-11 14:34:04,202 - httpx - INFO - HTTP Request: POST http://localhost:8002/api/beds/update "HTTP/1.1 201 Created"
2025-09-11 14:34:04,202 - __main__ - INFO - Updated icu beds for hospital 1 to 195
2025-09-11 14:34:04,226 - httpx - INFO - HTTP Request: GET http://localhost:8002/api/beds/current/2 "HTTP/1.1 200 OK"
2025-09-11 14:34:04,260 - httpx - INFO - HTTP Request: POST http://localhost:8002/api/beds/update "HTTP/1.1 201 Created"
2025-09-11 14:34:04,260 - __main__ - INFO - Updated general beds for hospital 2 to 685
2025-09-11 14:34:04,281 - httpx - INFO - HTTP Request: POST http://localhost:8002/api/beds/update "HTTP/1.1 201 Created"
2025-09-11 14:34:04,282 - __main__ - INFO - Updated icu beds for hospital 2 to 136
2025-09-11 14:34:04,300 - httpx - INFO - HTTP Request: GET http://localhost:8002/api/beds/current/3 "HTTP/1.1 200 OK"
2025-09-11 14:34:04,320 - httpx - INFO - HTTP Request: POST http://localhost:8002/api/beds/update "HTTP/1.1 201 Created"
2025-09-11 14:34:04,320 - __main__ - INFO - Updated general beds for hospital 3 to 278
2025-09-11 14:34:04,340 - httpx - INFO - HTTP Request: GET http://localhost:8002/api/beds/current/4 "HTTP/1.1 200 OK"
2025-09-11 14:34:04,358 - httpx - INFO - HTTP Request: POST http://localhost:8002/api/beds/update "HTTP/1.1 201 Created"
2025-09-11 14:34:04,359 - __main__ - INFO - Updated general beds for hospital 4 to 1139
2025-09-11 14:34:04,383 - httpx - INFO - HTTP Request: POST http://localhost:8002/api/beds/update "HTTP/1.1 201 Created"
2025-09-11 14:34:04,383 - __main__ - INFO - Updated icu beds for hospital 4 to 226
2025-09-11 14:34:04,403 - httpx - INFO - HTTP Request: GET http://localhost:8002/api/beds/current/5 "HTTP/1.1 200 OK"
2025-09-11 14:34:04,417 - httpx - INFO - HTTP Request: POST http://localhost:8002/api/beds/update "HTTP/1.1 201 Created"
2025-09-11 14:34:04,418 - __main__ - INFO - Updated general beds for hospital 5 to 997
2025-09-11 14:34:04,436 - httpx - INFO - HTTP Request: POST http://localhost:8002/api/beds/update "HTTP/1.1 201 Created"
2025-09-11 14:34:04,436 - __main__ - INFO - Updated icu beds for hospital 5 to 198
2025-09-11 14:34:04,452 - httpx - INFO - HTTP Request: GET http://localhost:8002/api/beds/current/6 "HTTP/1.1 200 OK"
2025-09-11 14:34:04,724 - httpx - INFO - HTTP Request: POST http://localhost:8002/api/beds/update "HTTP/1.1 201 Created"
2025-09-11 14:34:04,725 - __main__ - INFO - Updated general beds for hospital 6 to 500
2025-09-11 14:34:04,744 - httpx - INFO - HTTP Request: POST http://localhost:8002/api/beds/update "HTTP/1.1 201 Created"
2025-09-11 14:34:04,745 - __main__ - INFO - Updated icu beds for hospital 6 to 81
2025-09-11 14:34:04,759 - httpx - INFO - HTTP Request: GET http://localhost:8002/api/beds/current/7 "HTTP/1.1 200 OK"
2025-09-11 14:34:04,776 - httpx - INFO - HTTP Request: POST http://localhost:8002/api/beds/update "HTTP/1.1 201 Created"
2025-09-11 14:34:04,777 - __main__ - INFO - Updated general beds for hospital 7 to 495
2025-09-11 14:34:04,796 - httpx - INFO - HTTP Request: POST http://localhost:8002/api/beds/update "HTTP/1.1 201 Created"
2025-09-11 14:34:04,796 - __main__ - INFO - Updated icu beds for hospital 7 to 96
2025-09-11 14:34:04,808 - httpx - INFO - HTTP Request: GET http://localhost:8002/api/beds/current/8 "HTTP/1.1 200 OK"
2025-09-11 14:34:04,834 - httpx - INFO - HTTP Request: POST http://localhost:8002/api/beds/update "HTTP/1.1 201 Created"
2025-09-11 14:34:04,834 - __main__ - INFO - Updated general beds for hospital 8 to 461
2025-09-11 14:34:04,849 - httpx - INFO - HTTP Request: POST http://localhost:8002/api/beds/update "HTTP/1.1 201 Created"
2025-09-11 14:34:04,850 - __main__ - INFO - Updated icu beds for hospital 8 to 89
2025-09-11 14:34:04,863 - httpx - INFO - HTTP Request: GET http://localhost:8002/api/beds/current/9 "HTTP/1.1 200 OK"
2025-09-11 14:34:04,882 - httpx - INFO - HTTP Request: POST http://localhost:8002/api/beds/update "HTTP/1.1 201 Created"
2025-09-11 14:34:04,883 - __main__ - INFO - Updated general beds for hospital 9 to 397
2025-09-11 14:34:04,904 - httpx - INFO - HTTP Request: POST http://localhost:8002/api/beds/update "HTTP/1.1 201 Created"
2025-09-11 14:34:04,904 - __main__ - INFO - Updated icu beds for hospital 9 to 75
2025-09-11 14:34:04,919 - httpx - INFO - HTTP Request: GET http://localhost:8002/api/beds/current/10 "HTTP/1.1 200 OK"
2025-09-11 14:34:04,936 - httpx - INFO - HTTP Request: POST http://localhost:8002/api/beds/update "HTTP/1.1 201 Created"
2025-09-11 14:34:04,937 - __main__ - INFO - Updated general beds for hospital 10 to 1491
2025-09-11 14:34:04,962 - httpx - INFO - HTTP Request: POST http://localhost:8002/api/beds/update "HTTP/1.1 201 Created"
2025-09-11 14:34:04,964 - __main__ - INFO - Updated icu beds for hospital 10 to 297
2025-09-11 14:34:04,983 - httpx - INFO - HTTP Request: GET http://localhost:8002/api/beds/current/11 "HTTP/1.1 200 OK"
2025-09-11 14:34:05,004 - httpx - INFO - HTTP Request: POST http://localhost:8002/api/beds/update "HTTP/1.1 201 Created"
2025-09-11 14:34:05,004 - __main__ - INFO - Updated general beds for hospital 11 to 447
2025-09-11 14:34:05,018 - httpx - INFO - HTTP Request: GET http://localhost:8002/api/beds/current/12 "HTTP/1.1 200 OK"
2025-09-11 14:34:05,045 - httpx - INFO - HTTP Request: POST http://localhost:8002/api/beds/update "HTTP/1.1 201 Created"
2025-09-11 14:34:05,046 - __main__ - INFO - Updated general beds for hospital 12 to 350
2025-09-11 14:34:05,069 - httpx - INFO - HTTP Request: POST http://localhost:8002/api/beds/update "HTTP/1.1 201 Created"
2025-09-11 14:34:05,069 - __main__ - INFO - Updated icu beds for hospital 12 to 69
2025-09-11 14:34:05,091 - httpx - INFO - HTTP Request: GET http://localhost:8002/api/beds/current/13 "HTTP/1.1 200 OK"
2025-09-11 14:34:05,111 - httpx - INFO - HTTP Request: POST http://localhost:8002/api/beds/update "HTTP/1.1 201 Created"
2025-09-11 14:34:05,112 - __main__ - INFO - Updated general beds for hospital 13 to 242
2025-09-11 14:34:05,132 - httpx - INFO - HTTP Request: POST http://localhost:8002/api/beds/update "HTTP/1.1 201 Created"
2025-09-11 14:34:05,133 - __main__ - INFO - Updated icu beds for hospital 13 to 47
2025-09-11 14:34:05,151 - httpx - INFO - HTTP Request: GET http://localhost:8002/api/beds/current/14 "HTTP/1.1 200 OK"
2025-09-11 14:34:05,187 - httpx - INFO - HTTP Request: POST http://localhost:8002/api/beds/update "HTTP/1.1 201 Created"
2025-09-11 14:34:05,188 - __main__ - INFO - Updated general beds for hospital 14 to 605
2025-09-11 14:34:05,210 - httpx - INFO - HTTP Request: GET http://localhost:8002/api/beds/current/15 "HTTP/1.1 200 OK"
2025-09-11 14:34:05,229 - httpx - INFO - HTTP Request: POST http://localhost:8002/api/beds/update "HTTP/1.1 201 Created"
2025-09-11 14:34:05,230 - __main__ - INFO - Updated icu beds for hospital 15 to 49
2025-09-11 14:34:05,245 - httpx - INFO - HTTP Request: GET http://localhost:8002/api/beds/current/16 "HTTP/1.1 200 OK"
2025-09-11 14:34:05,268 - httpx - INFO - HTTP Request: POST http://localhost:8002/api/beds/update "HTTP/1.1 201 Created"
2025-09-11 14:34:05,268 - __main__ - INFO - Updated general beds for hospital 16 to 280
2025-09-11 14:34:05,289 - httpx - INFO - HTTP Request: POST http://localhost:8002/api/beds/update "HTTP/1.1 201 Created"
2025-09-11 14:34:05,290 - __main__ - INFO - Updated icu beds for hospital 16 to 48
2025-09-11 14:34:05,304 - httpx - INFO - HTTP Request: GET http://localhost:8002/api/beds/current/17 "HTTP/1.1 200 OK"
2025-09-11 14:34:05,326 - httpx - INFO - HTTP Request: POST http://localhost:8002/api/beds/update "HTTP/1.1 201 Created"
2025-09-11 14:34:05,327 - __main__ - INFO - Updated general beds for hospital 17 to 88
2025-09-11 14:34:05,346 - httpx - INFO - HTTP Request: POST http://localhost:8002/api/beds/update "HTTP/1.1 201 Created"
2025-09-11 14:34:05,346 - __main__ - INFO - Updated icu beds for hospital 17 to 8
2025-09-11 14:34:05,363 - httpx - INFO - HTTP Request: GET http://localhost:8002/api/beds/current/18 "HTTP/1.1 200 OK"
2025-09-11 14:34:05,400 - httpx - INFO - HTTP Request: POST http://localhost:8002/api/beds/update "HTTP/1.1 201 Created"
2025-09-11 14:34:05,400 - __main__ - INFO - Updated general beds for hospital 18 to 183
2025-09-11 14:34:05,443 - httpx - INFO - HTTP Request: POST http://localhost:8002/api/beds/update "HTTP/1.1 201 Created"
2025-09-11 14:34:05,443 - __main__ - INFO - Updated icu beds for hospital 18 to 35
2025-09-11 14:34:05,470 - httpx - INFO - HTTP Request: GET http://localhost:8002/api/beds/current/19 "HTTP/1.1 200 OK"
2025-09-11 14:34:05,496 - httpx - INFO - HTTP Request: POST http://localhost:8002/api/beds/update "HTTP/1.1 201 Created"
2025-09-11 14:34:05,496 - __main__ - INFO - Updated general beds for hospital 19 to 189
2025-09-11 14:34:05,514 - httpx - INFO - HTTP Request: POST http://localhost:8002/api/beds/update "HTTP/1.1 201 Created"
2025-09-11 14:34:05,514 - __main__ - INFO - Updated icu beds for hospital 19 to 35
2025-09-11 14:34:05,529 - httpx - INFO - HTTP Request: GET http://localhost:8002/api/beds/current/20 "HTTP/1.1 200 OK"
2025-09-11 14:34:05,590 - httpx - INFO - HTTP Request: POST http://localhost:8002/api/beds/update "HTTP/1.1 201 Created"
2025-09-11 14:34:05,590 - __main__ - INFO - Updated general beds for hospital 20 to 188
2025-09-11 14:34:25,631 - httpx - INFO - HTTP Request: GET http://localhost:8002/api/beds/current/1 "HTTP/1.1 200 OK"
2025-09-11 14:34:25,665 - httpx - INFO - HTTP Request: POST http://localhost:8002/api/beds/update "HTTP/1.1 201 Created"
2025-09-11 14:34:25,666 - __main__ - INFO - Updated general beds for hospital 1 to 993
2025-09-11 14:34:25,678 - httpx - INFO - HTTP Request: GET http://localhost:8002/api/beds/current/2 "HTTP/1.1 200 OK"
2025-09-11 14:34:25,699 - httpx - INFO - HTTP Request: POST http://localhost:8002/api/beds/update "HTTP/1.1 201 Created"
2025-09-11 14:34:25,699 - __main__ - INFO - Updated general beds for hospital 2 to 686
2025-09-11 14:34:25,725 - httpx - INFO - HTTP Request: POST http://localhost:8002/api/beds/update "HTTP/1.1 201 Created"
2025-09-11 14:34:25,725 - __main__ - INFO - Updated icu beds for hospital 2 to 137
2025-09-11 14:34:25,755 - httpx - INFO - HTTP Request: GET http://localhost:8002/api/beds/current/3 "HTTP/1.1 200 OK"
2025-09-11 14:34:25,774 - httpx - INFO - HTTP Request: POST http://localhost:8002/api/beds/update "HTTP/1.1 201 Created"
2025-09-11 14:34:25,775 - __main__ - INFO - Updated icu beds for hospital 3 to 54
2025-09-11 14:34:25,806 - httpx - INFO - HTTP Request: GET http://localhost:8002/api/beds/current/4 "HTTP/1.1 200 OK"
2025-09-11 14:34:25,833 - httpx - INFO - HTTP Request: POST http://localhost:8002/api/beds/update "HTTP/1.1 201 Created"
2025-09-11 14:34:25,833 - __main__ - INFO - Updated general beds for hospital 4 to 1136
2025-09-11 14:34:25,858 - httpx - INFO - HTTP Request: POST http://localhost:8002/api/beds/update "HTTP/1.1 201 Created"
2025-09-11 14:34:25,858 - __main__ - INFO - Updated icu beds for hospital 4 to 224
2025-09-11 14:34:25,875 - httpx - INFO - HTTP Request: GET http://localhost:8002/api/beds/current/5 "HTTP/1.1 200 OK"
2025-09-11 14:34:25,899 - httpx - INFO - HTTP Request: POST http://localhost:8002/api/beds/update "HTTP/1.1 201 Created"
2025-09-11 14:34:25,900 - __main__ - INFO - Updated general beds for hospital 5 to 994
2025-09-11 14:34:25,914 - httpx - INFO - HTTP Request: GET http://localhost:8002/api/beds/current/6 "HTTP/1.1 200 OK"
2025-09-11 14:34:25,933 - httpx - INFO - HTTP Request: POST http://localhost:8002/api/beds/update "HTTP/1.1 201 Created"
2025-09-11 14:34:25,933 - __main__ - INFO - Updated general beds for hospital 6 to 500
2025-09-11 14:34:25,953 - httpx - INFO - HTTP Request: POST http://localhost:8002/api/beds/update "HTTP/1.1 201 Created"
2025-09-11 14:34:25,954 - __main__ - INFO - Updated icu beds for hospital 6 to 80
2025-09-11 14:34:25,967 - httpx - INFO - HTTP Request: GET http://localhost:8002/api/beds/current/7 "HTTP/1.1 200 OK"
2025-09-11 14:34:25,989 - httpx - INFO - HTTP Request: POST http://localhost:8002/api/beds/update "HTTP/1.1 201 Created"
2025-09-11 14:34:25,989 - __main__ - INFO - Updated general beds for hospital 7 to 497
2025-09-11 14:34:26,011 - httpx - INFO - HTTP Request: POST http://localhost:8002/api/beds/update "HTTP/1.1 201 Created"
2025-09-11 14:34:26,011 - __main__ - INFO - Updated icu beds for hospital 7 to 98
2025-09-11 14:34:26,028 - httpx - INFO - HTTP Request: GET http://localhost:8002/api/beds/current/8 "HTTP/1.1 200 OK"
2025-09-11 14:34:26,045 - httpx - INFO - HTTP Request: GET http://localhost:8002/api/beds/current/9 "HTTP/1.1 200 OK"
2025-09-11 14:34:26,063 - httpx - INFO - HTTP Request: POST http://localhost:8002/api/beds/update "HTTP/1.1 201 Created"
2025-09-11 14:34:26,063 - __main__ - INFO - Updated general beds for hospital 9 to 400
2025-09-11 14:34:26,080 - httpx - INFO - HTTP Request: POST http://localhost:8002/api/beds/update "HTTP/1.1 201 Created"
2025-09-11 14:34:26,081 - __main__ - INFO - Updated icu beds for hospital 9 to 73
2025-09-11 14:34:26,105 - httpx - INFO - HTTP Request: GET http://localhost:8002/api/beds/current/10 "HTTP/1.1 200 OK"
2025-09-11 14:34:26,121 - httpx - INFO - HTTP Request: GET http://localhost:8002/api/beds/current/11 "HTTP/1.1 200 OK"
2025-09-11 14:34:26,139 - httpx - INFO - HTTP Request: POST http://localhost:8002/api/beds/update "HTTP/1.1 201 Created"
2025-09-11 14:34:26,140 - __main__ - INFO - Updated general beds for hospital 11 to 444
2025-09-11 14:34:26,160 - httpx - INFO - HTTP Request: POST http://localhost:8002/api/beds/update "HTTP/1.1 201 Created"
2025-09-11 14:34:26,160 - __main__ - INFO - Updated icu beds for hospital 11 to 83
2025-09-11 14:34:26,178 - httpx - INFO - HTTP Request: GET http://localhost:8002/api/beds/current/12 "HTTP/1.1 200 OK"
2025-09-11 14:34:26,200 - httpx - INFO - HTTP Request: POST http://localhost:8002/api/beds/update "HTTP/1.1 201 Created"
2025-09-11 14:34:26,201 - __main__ - INFO - Updated general beds for hospital 12 to 349
2025-09-11 14:34:26,228 - httpx - INFO - HTTP Request: POST http://localhost:8002/api/beds/update "HTTP/1.1 201 Created"
2025-09-11 14:34:26,228 - __main__ - INFO - Updated icu beds for hospital 12 to 70
2025-09-11 14:34:26,253 - httpx - INFO - HTTP Request: GET http://localhost:8002/api/beds/current/13 "HTTP/1.1 200 OK"
2025-09-11 14:34:26,276 - httpx - INFO - HTTP Request: POST http://localhost:8002/api/beds/update "HTTP/1.1 201 Created"
2025-09-11 14:34:26,277 - __main__ - INFO - Updated icu beds for hospital 13 to 49
2025-09-11 14:34:26,291 - httpx - INFO - HTTP Request: GET http://localhost:8002/api/beds/current/14 "HTTP/1.1 200 OK"
2025-09-11 14:34:26,309 - httpx - INFO - HTTP Request: POST http://localhost:8002/api/beds/update "HTTP/1.1 201 Created"
2025-09-11 14:34:26,309 - __main__ - INFO - Updated general beds for hospital 14 to 604
2025-09-11 14:34:26,326 - httpx - INFO - HTTP Request: POST http://localhost:8002/api/beds/update "HTTP/1.1 201 Created"
2025-09-11 14:34:26,327 - __main__ - INFO - Updated icu beds for hospital 14 to 113
2025-09-11 14:34:26,341 - httpx - INFO - HTTP Request: GET http://localhost:8002/api/beds/current/15 "HTTP/1.1 200 OK"
2025-09-11 14:34:26,362 - httpx - INFO - HTTP Request: POST http://localhost:8002/api/beds/update "HTTP/1.1 201 Created"
2025-09-11 14:34:26,362 - __main__ - INFO - Updated general beds for hospital 15 to 267
2025-09-11 14:34:26,379 - httpx - INFO - HTTP Request: POST http://localhost:8002/api/beds/update "HTTP/1.1 201 Created"
2025-09-11 14:34:26,379 - __main__ - INFO - Updated icu beds for hospital 15 to 48
2025-09-11 14:34:26,506 - httpx - INFO - HTTP Request: GET http://localhost:8002/api/beds/current/16 "HTTP/1.1 200 OK"
2025-09-11 14:34:26,600 - httpx - INFO - HTTP Request: POST http://localhost:8002/api/beds/update "HTTP/1.1 201 Created"
2025-09-11 14:34:26,601 - __main__ - INFO - Updated general beds for hospital 16 to 280
2025-09-11 14:34:26,619 - httpx - INFO - HTTP Request: POST http://localhost:8002/api/beds/update "HTTP/1.1 201 Created"
2025-09-11 14:34:26,619 - __main__ - INFO - Updated icu beds for hospital 16 to 47
2025-09-11 14:34:26,635 - httpx - INFO - HTTP Request: GET http://localhost:8002/api/beds/current/17 "HTTP/1.1 200 OK"
2025-09-11 14:34:26,661 - httpx - INFO - HTTP Request: POST http://localhost:8002/api/beds/update "HTTP/1.1 201 Created"
2025-09-11 14:34:26,662 - __main__ - INFO - Updated general beds for hospital 17 to 87
2025-09-11 14:34:26,692 - httpx - INFO - HTTP Request: POST http://localhost:8002/api/beds/update "HTTP/1.1 201 Created"
2025-09-11 14:34:26,693 - __main__ - INFO - Updated icu beds for hospital 17 to 9
2025-09-11 14:34:26,742 - httpx - INFO - HTTP Request: GET http://localhost:8002/api/beds/current/18 "HTTP/1.1 200 OK"
2025-09-11 14:34:26,791 - httpx - INFO - HTTP Request: POST http://localhost:8002/api/beds/update "HTTP/1.1 201 Created"
2025-09-11 14:34:26,791 - __main__ - INFO - Updated general beds for hospital 18 to 185
2025-09-11 14:34:26,820 - httpx - INFO - HTTP Request: POST http://localhost:8002/api/beds/update "HTTP/1.1 201 Created"
2025-09-11 14:34:26,820 - __main__ - INFO - Updated icu beds for hospital 18 to 33
2025-09-11 14:34:26,845 - httpx - INFO - HTTP Request: GET http://localhost:8002/api/beds/current/19 "HTTP/1.1 200 OK"
2025-09-11 14:34:26,890 - httpx - INFO - HTTP Request: POST http://localhost:8002/api/beds/update "HTTP/1.1 201 Created"
2025-09-11 14:34:26,891 - __main__ - INFO - Updated general beds for hospital 19 to 192
2025-09-11 14:34:26,910 - httpx - INFO - HTTP Request: GET http://localhost:8002/api/beds/current/20 "HTTP/1.1 200 OK"
2025-09-11 14:34:26,966 - httpx - INFO - HTTP Request: POST http://localhost:8002/api/beds/update "HTTP/1.1 201 Created"
2025-09-11 14:34:26,969 - __main__ - INFO - Updated general beds for hospital 20 to 191
2025-09-11 14:34:27,005 - httpx - INFO - HTTP Request: POST http://localhost:8002/api/beds/update "HTTP/1.1 201 Created"
2025-09-11 14:34:27,005 - __main__ - INFO - Updated icu beds for hospital 20 to 33
2025-09-11 14:34:47,031 - httpx - INFO - HTTP Request: GET http://localhost:8002/api/beds/current/1 "HTTP/1.1 200 OK"
2025-09-11 14:34:47,047 - httpx - INFO - HTTP Request: POST http://localhost:8002/api/beds/update "HTTP/1.1 201 Created"
2025-09-11 14:34:47,047 - __main__ - INFO - Updated general beds for hospital 1 to 992
2025-09-11 14:34:47,057 - httpx - INFO - HTTP Request: POST http://localhost:8002/api/beds/update "HTTP/1.1 201 Created"
2025-09-11 14:34:47,058 - __main__ - INFO - Updated icu beds for hospital 1 to 194
2025-09-11 14:34:47,069 - httpx - INFO - HTTP Request: GET http://localhost:8002/api/beds/current/2 "HTTP/1.1 200 OK"
2025-09-11 14:34:47,079 - httpx - INFO - HTTP Request: POST http://localhost:8002/api/beds/update "HTTP/1.1 201 Created"
2025-09-11 14:34:47,079 - __main__ - INFO - Updated general beds for hospital 2 to 685
2025-09-11 14:34:47,091 - httpx - INFO - HTTP Request: POST http://localhost:8002/api/beds/update "HTTP/1.1 201 Created"
2025-09-11 14:34:47,091 - __main__ - INFO - Updated icu beds for hospital 2 to 135
2025-09-11 14:34:47,102 - httpx - INFO - HTTP Request: GET http://localhost:8002/api/beds/current/3 "HTTP/1.1 200 OK"
2025-09-11 14:34:47,113 - httpx - INFO - HTTP Request: POST http://localhost:8002/api/beds/update "HTTP/1.1 201 Created"
2025-09-11 14:34:47,113 - __main__ - INFO - Updated general beds for hospital 3 to 275
2025-09-11 14:34:47,124 - httpx - INFO - HTTP Request: POST http://localhost:8002/api/beds/update "HTTP/1.1 201 Created"
2025-09-11 14:34:47,124 - __main__ - INFO - Updated icu beds for hospital 3 to 52
2025-09-11 14:34:47,133 - httpx - INFO - HTTP Request: GET http://localhost:8002/api/beds/current/4 "HTTP/1.1 200 OK"
2025-09-11 14:34:47,146 - httpx - INFO - HTTP Request: POST http://localhost:8002/api/beds/update "HTTP/1.1 201 Created"
2025-09-11 14:34:47,146 - __main__ - INFO - Updated general beds for hospital 4 to 1139
2025-09-11 14:34:47,158 - httpx - INFO - HTTP Request: POST http://localhost:8002/api/beds/update "HTTP/1.1 201 Created"
2025-09-11 14:34:47,158 - __main__ - INFO - Updated icu beds for hospital 4 to 222
2025-09-11 14:34:47,167 - httpx - INFO - HTTP Request: GET http://localhost:8002/api/beds/current/5 "HTTP/1.1 200 OK"
2025-09-11 14:34:47,179 - httpx - INFO - HTTP Request: POST http://localhost:8002/api/beds/update "HTTP/1.1 201 Created"
2025-09-11 14:34:47,179 - __main__ - INFO - Updated general beds for hospital 5 to 991
2025-09-11 14:34:47,194 - httpx - INFO - HTTP Request: POST http://localhost:8002/api/beds/update "HTTP/1.1 201 Created"
2025-09-11 14:34:47,194 - __main__ - INFO - Updated icu beds for hospital 5 to 199
2025-09-11 14:34:47,211 - httpx - INFO - HTTP Request: GET http://localhost:8002/api/beds/current/6 "HTTP/1.1 200 OK"
2025-09-11 14:34:47,228 - httpx - INFO - HTTP Request: POST http://localhost:8002/api/beds/update "HTTP/1.1 201 Created"
2025-09-11 14:34:47,229 - __main__ - INFO - Updated general beds for hospital 6 to 500
2025-09-11 14:34:47,245 - httpx - INFO - HTTP Request: POST http://localhost:8002/api/beds/update "HTTP/1.1 201 Created"
2025-09-11 14:34:47,245 - __main__ - INFO - Updated icu beds for hospital 6 to 79
2025-09-11 14:34:47,258 - httpx - INFO - HTTP Request: GET http://localhost:8002/api/beds/current/7 "HTTP/1.1 200 OK"
2025-09-11 14:34:47,275 - httpx - INFO - HTTP Request: POST http://localhost:8002/api/beds/update "HTTP/1.1 201 Created"
2025-09-11 14:34:47,275 - __main__ - INFO - Updated icu beds for hospital 7 to 96
2025-09-11 14:34:47,290 - httpx - INFO - HTTP Request: GET http://localhost:8002/api/beds/current/8 "HTTP/1.1 200 OK"
2025-09-11 14:34:47,309 - httpx - INFO - HTTP Request: POST http://localhost:8002/api/beds/update "HTTP/1.1 201 Created"
2025-09-11 14:34:47,310 - __main__ - INFO - Updated general beds for hospital 8 to 464
2025-09-11 14:34:47,328 - httpx - INFO - HTTP Request: POST http://localhost:8002/api/beds/update "HTTP/1.1 201 Created"
2025-09-11 14:34:47,329 - __main__ - INFO - Updated icu beds for hospital 8 to 88
2025-09-11 14:34:47,344 - httpx - INFO - HTTP Request: GET http://localhost:8002/api/beds/current/9 "HTTP/1.1 200 OK"
2025-09-11 14:34:47,363 - httpx - INFO - HTTP Request: POST http://localhost:8002/api/beds/update "HTTP/1.1 201 Created"
2025-09-11 14:34:47,363 - __main__ - INFO - Updated general beds for hospital 9 to 400
2025-09-11 14:34:47,466 - httpx - INFO - HTTP Request: POST http://localhost:8002/api/beds/update "HTTP/1.1 201 Created"
2025-09-11 14:34:47,466 - __main__ - INFO - Updated icu beds for hospital 9 to 74
2025-09-11 14:34:47,485 - httpx - INFO - HTTP Request: GET http://localhost:8002/api/beds/current/10 "HTTP/1.1 200 OK"
2025-09-11 14:34:47,508 - httpx - INFO - HTTP Request: POST http://localhost:8002/api/beds/update "HTTP/1.1 201 Created"
2025-09-11 14:34:47,508 - __main__ - INFO - Updated general beds for hospital 10 to 1492
2025-09-11 14:34:47,598 - httpx - INFO - HTTP Request: POST http://localhost:8002/api/beds/update "HTTP/1.1 201 Created"
2025-09-11 14:34:47,599 - __main__ - INFO - Updated icu beds for hospital 10 to 298
2025-09-11 14:34:47,686 - httpx - INFO - HTTP Request: GET http://localhost:8002/api/beds/current/11 "HTTP/1.1 200 OK"
2025-09-11 14:34:47,725 - httpx - INFO - HTTP Request: POST http://localhost:8002/api/beds/update "HTTP/1.1 201 Created"
2025-09-11 14:34:47,725 - __main__ - INFO - Updated general beds for hospital 11 to 447
2025-09-11 14:34:47,748 - httpx - INFO - HTTP Request: POST http://localhost:8002/api/beds/update "HTTP/1.1 201 Created"
2025-09-11 14:34:47,749 - __main__ - INFO - Updated icu beds for hospital 11 to 84
2025-09-11 14:34:47,773 - httpx - INFO - HTTP Request: GET http://localhost:8002/api/beds/current/12 "HTTP/1.1 200 OK"
2025-09-11 14:34:47,805 - httpx - INFO - HTTP Request: POST http://localhost:8002/api/beds/update "HTTP/1.1 201 Created"
2025-09-11 14:34:47,807 - __main__ - INFO - Updated general beds for hospital 12 to 347
2025-09-11 14:34:47,824 - httpx - INFO - HTTP Request: POST http://localhost:8002/api/beds/update "HTTP/1.1 201 Created"
2025-09-11 14:34:47,825 - __main__ - INFO - Updated icu beds for hospital 12 to 69
2025-09-11 14:34:47,841 - httpx - INFO - HTTP Request: GET http://localhost:8002/api/beds/current/13 "HTTP/1.1 200 OK"
2025-09-11 14:34:47,877 - httpx - INFO - HTTP Request: POST http://localhost:8002/api/beds/update "HTTP/1.1 201 Created"
2025-09-11 14:34:47,878 - __main__ - INFO - Updated icu beds for hospital 13 to 50
2025-09-11 14:34:47,895 - httpx - INFO - HTTP Request: GET http://localhost:8002/api/beds/current/14 "HTTP/1.1 200 OK"
2025-09-11 14:34:47,915 - httpx - INFO - HTTP Request: POST http://localhost:8002/api/beds/update "HTTP/1.1 201 Created"
2025-09-11 14:34:47,915 - __main__ - INFO - Updated general beds for hospital 14 to 607
2025-09-11 14:34:47,937 - httpx - INFO - HTTP Request: GET http://localhost:8002/api/beds/current/15 "HTTP/1.1 200 OK"
2025-09-11 14:34:47,963 - httpx - INFO - HTTP Request: POST http://localhost:8002/api/beds/update "HTTP/1.1 201 Created"
2025-09-11 14:34:47,963 - __main__ - INFO - Updated general beds for hospital 15 to 270
2025-09-11 14:34:47,981 - httpx - INFO - HTTP Request: POST http://localhost:8002/api/beds/update "HTTP/1.1 201 Created"
2025-09-11 14:34:47,982 - __main__ - INFO - Updated icu beds for hospital 15 to 46
2025-09-11 14:34:47,998 - httpx - INFO - HTTP Request: GET http://localhost:8002/api/beds/current/16 "HTTP/1.1 200 OK"
2025-09-11 14:34:48,015 - httpx - INFO - HTTP Request: POST http://localhost:8002/api/beds/update "HTTP/1.1 201 Created"
2025-09-11 14:34:48,015 - __main__ - INFO - Updated icu beds for hospital 16 to 46
2025-09-11 14:34:48,035 - httpx - INFO - HTTP Request: GET http://localhost:8002/api/beds/current/17 "HTTP/1.1 200 OK"
2025-09-11 14:34:48,077 - httpx - INFO - HTTP Request: POST http://localhost:8002/api/beds/update "HTTP/1.1 201 Created"
2025-09-11 14:34:48,078 - __main__ - INFO - Updated general beds for hospital 17 to 89
2025-09-11 14:34:48,104 - httpx - INFO - HTTP Request: POST http://localhost:8002/api/beds/update "HTTP/1.1 201 Created"
2025-09-11 14:34:48,105 - __main__ - INFO - Updated icu beds for hospital 17 to 8
2025-09-11 14:34:48,132 - httpx - INFO - HTTP Request: GET http://localhost:8002/api/beds/current/18 "HTTP/1.1 200 OK"
2025-09-11 14:34:48,150 - httpx - INFO - HTTP Request: POST http://localhost:8002/api/beds/update "HTTP/1.1 201 Created"
2025-09-11 14:34:48,151 - __main__ - INFO - Updated general beds for hospital 18 to 183
2025-09-11 14:34:48,172 - httpx - INFO - HTTP Request: POST http://localhost:8002/api/beds/update "HTTP/1.1 201 Created"
2025-09-11 14:34:48,172 - __main__ - INFO - Updated icu beds for hospital 18 to 31
2025-09-11 14:34:48,194 - httpx - INFO - HTTP Request: GET http://localhost:8002/api/beds/current/19 "HTTP/1.1 200 OK"
2025-09-11 14:34:48,209 - httpx - INFO - HTTP Request: POST http://localhost:8002/api/beds/update "HTTP/1.1 201 Created"
2025-09-11 14:34:48,210 - __main__ - INFO - Updated general beds for hospital 19 to 191
2025-09-11 14:34:48,234 - httpx - INFO - HTTP Request: POST http://localhost:8002/api/beds/update "HTTP/1.1 201 Created"
2025-09-11 14:34:48,234 - __main__ - INFO - Updated icu beds for hospital 19 to 37
2025-09-11 14:34:48,252 - httpx - INFO - HTTP Request: GET http://localhost:8002/api/beds/current/20 "HTTP/1.1 200 OK"
2025-09-11 14:34:48,273 - httpx - INFO - HTTP Request: POST http://localhost:8002/api/beds/update "HTTP/1.1 201 Created"
2025-09-11 14:34:48,274 - __main__ - INFO - Updated general beds for hospital 20 to 190
2025-09-11 14:35:08,311 - httpx - INFO - HTTP Request: GET http://localhost:8002/api/beds/current/1 "HTTP/1.1 200 OK"
2025-09-11 14:35:08,338 - httpx - INFO - HTTP Request: POST http://localhost:8002/api/beds/update "HTTP/1.1 201 Created"
2025-09-11 14:35:08,338 - __main__ - INFO - Updated general beds for hospital 1 to 994
2025-09-11 14:35:08,357 - httpx - INFO - HTTP Request: POST http://localhost:8002/api/beds/update "HTTP/1.1 201 Created"
2025-09-11 14:35:08,357 - __main__ - INFO - Updated icu beds for hospital 1 to 193
2025-09-11 14:35:08,379 - httpx - INFO - HTTP Request: GET http://localhost:8002/api/beds/current/2 "HTTP/1.1 200 OK"
2025-09-11 14:35:08,408 - httpx - INFO - HTTP Request: POST http://localhost:8002/api/beds/update "HTTP/1.1 201 Created"
2025-09-11 14:35:08,408 - __main__ - INFO - Updated general beds for hospital 2 to 686
2025-09-11 14:35:08,428 - httpx - INFO - HTTP Request: GET http://localhost:8002/api/beds/current/3 "HTTP/1.1 200 OK"
2025-09-11 14:35:08,448 - httpx - INFO - HTTP Request: POST http://localhost:8002/api/beds/update "HTTP/1.1 201 Created"
2025-09-11 14:35:08,448 - __main__ - INFO - Updated general beds for hospital 3 to 272
2025-09-11 14:35:08,473 - httpx - INFO - HTTP Request: POST http://localhost:8002/api/beds/update "HTTP/1.1 201 Created"
2025-09-11 14:35:08,473 - __main__ - INFO - Updated icu beds for hospital 3 to 50
2025-09-11 14:35:08,494 - httpx - INFO - HTTP Request: GET http://localhost:8002/api/beds/current/4 "HTTP/1.1 200 OK"
2025-09-11 14:35:08,512 - httpx - INFO - HTTP Request: POST http://localhost:8002/api/beds/update "HTTP/1.1 201 Created"
2025-09-11 14:35:08,579 - __main__ - INFO - Updated general beds for hospital 4 to 1138
2025-09-11 14:35:08,599 - httpx - INFO - HTTP Request: POST http://localhost:8002/api/beds/update "HTTP/1.1 201 Created"
2025-09-11 14:35:08,599 - __main__ - INFO - Updated icu beds for hospital 4 to 224
2025-09-11 14:35:08,618 - httpx - INFO - HTTP Request: GET http://localhost:8002/api/beds/current/5 "HTTP/1.1 200 OK"
2025-09-11 14:35:08,636 - httpx - INFO - HTTP Request: GET http://localhost:8002/api/beds/current/6 "HTTP/1.1 200 OK"
2025-09-11 14:35:08,667 - httpx - INFO - HTTP Request: POST http://localhost:8002/api/beds/update "HTTP/1.1 201 Created"
2025-09-11 14:35:08,667 - __main__ - INFO - Updated general beds for hospital 6 to 500
2025-09-11 14:35:08,747 - httpx - INFO - HTTP Request: POST http://localhost:8002/api/beds/update "HTTP/1.1 201 Created"
2025-09-11 14:35:08,748 - __main__ - INFO - Updated icu beds for hospital 6 to 80
2025-09-11 14:35:08,797 - httpx - INFO - HTTP Request: GET http://localhost:8002/api/beds/current/7 "HTTP/1.1 200 OK"
2025-09-11 14:35:08,865 - httpx - INFO - HTTP Request: POST http://localhost:8002/api/beds/update "HTTP/1.1 201 Created"
2025-09-11 14:35:08,865 - __main__ - INFO - Updated general beds for hospital 7 to 495
2025-09-11 14:35:08,903 - httpx - INFO - HTTP Request: POST http://localhost:8002/api/beds/update "HTTP/1.1 201 Created"
2025-09-11 14:35:08,904 - __main__ - INFO - Updated icu beds for hospital 7 to 97
2025-09-11 14:35:08,919 - httpx - INFO - HTTP Request: GET http://localhost:8002/api/beds/current/8 "HTTP/1.1 200 OK"
2025-09-11 14:35:08,940 - httpx - INFO - HTTP Request: POST http://localhost:8002/api/beds/update "HTTP/1.1 201 Created"
2025-09-11 14:35:08,940 - __main__ - INFO - Updated general beds for hospital 8 to 463
2025-09-11 14:35:08,966 - httpx - INFO - HTTP Request: POST http://localhost:8002/api/beds/update "HTTP/1.1 201 Created"
2025-09-11 14:35:08,967 - __main__ - INFO - Updated icu beds for hospital 8 to 87
2025-09-11 14:35:08,990 - httpx - INFO - HTTP Request: GET http://localhost:8002/api/beds/current/9 "HTTP/1.1 200 OK"
2025-09-11 14:35:09,011 - httpx - INFO - HTTP Request: POST http://localhost:8002/api/beds/update "HTTP/1.1 201 Created"
2025-09-11 14:35:09,011 - __main__ - INFO - Updated general beds for hospital 9 to 400
2025-09-11 14:35:09,029 - httpx - INFO - HTTP Request: POST http://localhost:8002/api/beds/update "HTTP/1.1 201 Created"
2025-09-11 14:35:09,030 - __main__ - INFO - Updated icu beds for hospital 9 to 75
2025-09-11 14:35:09,042 - httpx - INFO - HTTP Request: GET http://localhost:8002/api/beds/current/10 "HTTP/1.1 200 OK"
2025-09-11 14:35:09,060 - httpx - INFO - HTTP Request: POST http://localhost:8002/api/beds/update "HTTP/1.1 201 Created"
2025-09-11 14:35:09,062 - __main__ - INFO - Updated general beds for hospital 10 to 1494
2025-09-11 14:35:09,085 - httpx - INFO - HTTP Request: POST http://localhost:8002/api/beds/update "HTTP/1.1 201 Created"
2025-09-11 14:35:09,085 - __main__ - INFO - Updated icu beds for hospital 10 to 297
2025-09-11 14:35:09,100 - httpx - INFO - HTTP Request: GET http://localhost:8002/api/beds/current/11 "HTTP/1.1 200 OK"
2025-09-11 14:35:09,119 - httpx - INFO - HTTP Request: POST http://localhost:8002/api/beds/update "HTTP/1.1 201 Created"
2025-09-11 14:35:09,120 - __main__ - INFO - Updated general beds for hospital 11 to 450
2025-09-11 14:35:09,140 - httpx - INFO - HTTP Request: POST http://localhost:8002/api/beds/update "HTTP/1.1 201 Created"
2025-09-11 14:35:09,140 - __main__ - INFO - Updated icu beds for hospital 11 to 83
2025-09-11 14:35:09,158 - httpx - INFO - HTTP Request: GET http://localhost:8002/api/beds/current/12 "HTTP/1.1 200 OK"
2025-09-11 14:35:09,176 - httpx - INFO - HTTP Request: POST http://localhost:8002/api/beds/update "HTTP/1.1 201 Created"
2025-09-11 14:35:09,176 - __main__ - INFO - Updated icu beds for hospital 12 to 68
2025-09-11 14:35:09,195 - httpx - INFO - HTTP Request: GET http://localhost:8002/api/beds/current/13 "HTTP/1.1 200 OK"
2025-09-11 14:35:09,211 - httpx - INFO - HTTP Request: POST http://localhost:8002/api/beds/update "HTTP/1.1 201 Created"
2025-09-11 14:35:09,211 - __main__ - INFO - Updated general beds for hospital 13 to 245
2025-09-11 14:35:09,227 - httpx - INFO - HTTP Request: POST http://localhost:8002/api/beds/update "HTTP/1.1 201 Created"
2025-09-11 14:35:09,228 - __main__ - INFO - Updated icu beds for hospital 13 to 48
2025-09-11 14:35:09,246 - httpx - INFO - HTTP Request: GET http://localhost:8002/api/beds/current/14 "HTTP/1.1 200 OK"
2025-09-11 14:35:09,274 - httpx - INFO - HTTP Request: POST http://localhost:8002/api/beds/update "HTTP/1.1 201 Created"
2025-09-11 14:35:09,274 - __main__ - INFO - Updated general beds for hospital 14 to 604
2025-09-11 14:35:09,296 - httpx - INFO - HTTP Request: POST http://localhost:8002/api/beds/update "HTTP/1.1 201 Created"
2025-09-11 14:35:09,296 - __main__ - INFO - Updated icu beds for hospital 14 to 114
2025-09-11 14:35:09,312 - httpx - INFO - HTTP Request: GET http://localhost:8002/api/beds/current/15 "HTTP/1.1 200 OK"
2025-09-11 14:35:09,340 - httpx - INFO - HTTP Request: POST http://localhost:8002/api/beds/update "HTTP/1.1 201 Created"
2025-09-11 14:35:09,340 - __main__ - INFO - Updated general beds for hospital 15 to 272
2025-09-11 14:35:09,364 - httpx - INFO - HTTP Request: POST http://localhost:8002/api/beds/update "HTTP/1.1 201 Created"
2025-09-11 14:35:09,364 - __main__ - INFO - Updated icu beds for hospital 15 to 44
2025-09-11 14:35:09,386 - httpx - INFO - HTTP Request: GET http://localhost:8002/api/beds/current/16 "HTTP/1.1 200 OK"
2025-09-11 14:35:09,413 - httpx - INFO - HTTP Request: POST http://localhost:8002/api/beds/update "HTTP/1.1 201 Created"
2025-09-11 14:35:09,413 - __main__ - INFO - Updated general beds for hospital 16 to 278
2025-09-11 14:35:09,436 - httpx - INFO - HTTP Request: POST http://localhost:8002/api/beds/update "HTTP/1.1 201 Created"
2025-09-11 14:35:09,436 - __main__ - INFO - Updated icu beds for hospital 16 to 48
2025-09-11 14:35:09,465 - httpx - INFO - HTTP Request: GET http://localhost:8002/api/beds/current/17 "HTTP/1.1 200 OK"
2025-09-11 14:35:09,501 - httpx - INFO - HTTP Request: POST http://localhost:8002/api/beds/update "HTTP/1.1 201 Created"
2025-09-11 14:35:09,501 - __main__ - INFO - Updated general beds for hospital 17 to 90
2025-09-11 14:35:09,524 - httpx - INFO - HTTP Request: POST http://localhost:8002/api/beds/update "HTTP/1.1 201 Created"
2025-09-11 14:35:09,524 - __main__ - INFO - Updated icu beds for hospital 17 to 10
2025-09-11 14:35:09,547 - httpx - INFO - HTTP Request: GET http://localhost:8002/api/beds/current/18 "HTTP/1.1 200 OK"
2025-09-11 14:35:09,581 - httpx - INFO - HTTP Request: POST http://localhost:8002/api/beds/update "HTTP/1.1 201 Created"
2025-09-11 14:35:09,650 - __main__ - INFO - Updated general beds for hospital 18 to 185
2025-09-11 14:35:09,674 - httpx - INFO - HTTP Request: POST http://localhost:8002/api/beds/update "HTTP/1.1 201 Created"
2025-09-11 14:35:09,675 - __main__ - INFO - Updated icu beds for hospital 18 to 33
2025-09-11 14:35:09,690 - httpx - INFO - HTTP Request: GET http://localhost:8002/api/beds/current/19 "HTTP/1.1 200 OK"
2025-09-11 14:35:09,707 - httpx - INFO - HTTP Request: POST http://localhost:8002/api/beds/update "HTTP/1.1 201 Created"
2025-09-11 14:35:09,707 - __main__ - INFO - Updated icu beds for hospital 19 to 35
2025-09-11 14:35:09,722 - httpx - INFO - HTTP Request: GET http://localhost:8002/api/beds/current/20 "HTTP/1.1 200 OK"
2025-09-11 14:35:09,744 - httpx - INFO - HTTP Request: POST http://localhost:8002/api/beds/update "HTTP/1.1 201 Created"
2025-09-11 14:35:09,744 - __main__ - INFO - Updated general beds for hospital 20 to 191
2025-09-11 14:35:09,763 - httpx - INFO - HTTP Request: POST http://localhost:8002/api/beds/update "HTTP/1.1 201 Created"
2025-09-11 14:35:09,763 - __main__ - INFO - Updated icu beds for hospital 20 to 35
2025-09-11 14:35:29,794 - httpx - INFO - HTTP Request: GET http://localhost:8002/api/beds/current/1 "HTTP/1.1 200 OK"
2025-09-11 14:35:29,836 - httpx - INFO - HTTP Request: POST http://localhost:8002/api/beds/update "HTTP/1.1 201 Created"
2025-09-11 14:35:29,837 - __main__ - INFO - Updated general beds for hospital 1 to 995
2025-09-11 14:35:29,862 - httpx - INFO - HTTP Request: POST http://localhost:8002/api/beds/update "HTTP/1.1 201 Created"
2025-09-11 14:35:29,862 - __main__ - INFO - Updated icu beds for hospital 1 to 192
2025-09-11 14:35:29,885 - httpx - INFO - HTTP Request: GET http://localhost:8002/api/beds/current/2 "HTTP/1.1 200 OK"
2025-09-11 14:35:29,900 - httpx - INFO - HTTP Request: POST http://localhost:8002/api/beds/update "HTTP/1.1 201 Created"
2025-09-11 14:35:29,901 - __main__ - INFO - Updated general beds for hospital 2 to 685
2025-09-11 14:35:29,923 - httpx - INFO - HTTP Request: POST http://localhost:8002/api/beds/update "HTTP/1.1 201 Created"
2025-09-11 14:35:29,923 - __main__ - INFO - Updated icu beds for hospital 2 to 133
2025-09-11 14:35:29,942 - httpx - INFO - HTTP Request: GET http://localhost:8002/api/beds/current/3 "HTTP/1.1 200 OK"
2025-09-11 14:35:29,972 - httpx - INFO - HTTP Request: POST http://localhost:8002/api/beds/update "HTTP/1.1 201 Created"
2025-09-11 14:35:29,973 - __main__ - INFO - Updated general beds for hospital 3 to 269
2025-09-11 14:35:29,987 - httpx - INFO - HTTP Request: POST http://localhost:8002/api/beds/update "HTTP/1.1 201 Created"
2025-09-11 14:35:29,987 - __main__ - INFO - Updated icu beds for hospital 3 to 48
2025-09-11 14:35:30,001 - httpx - INFO - HTTP Request: GET http://localhost:8002/api/beds/current/4 "HTTP/1.1 200 OK"
2025-09-11 14:35:30,017 - httpx - INFO - HTTP Request: POST http://localhost:8002/api/beds/update "HTTP/1.1 201 Created"
2025-09-11 14:35:30,017 - __main__ - INFO - Updated general beds for hospital 4 to 1139
2025-09-11 14:35:30,043 - httpx - INFO - HTTP Request: POST http://localhost:8002/api/beds/update "HTTP/1.1 201 Created"
2025-09-11 14:35:30,043 - __main__ - INFO - Updated icu beds for hospital 4 to 222
2025-09-11 14:35:30,063 - httpx - INFO - HTTP Request: GET http://localhost:8002/api/beds/current/5 "HTTP/1.1 200 OK"
2025-09-11 14:35:30,079 - httpx - INFO - HTTP Request: POST http://localhost:8002/api/beds/update "HTTP/1.1 201 Created"
2025-09-11 14:35:30,079 - __main__ - INFO - Updated general beds for hospital 5 to 990
2025-09-11 14:35:30,094 - httpx - INFO - HTTP Request: POST http://localhost:8002/api/beds/update "HTTP/1.1 201 Created"
2025-09-11 14:35:30,094 - __main__ - INFO - Updated icu beds for hospital 5 to 198
2025-09-11 14:35:30,111 - httpx - INFO - HTTP Request: GET http://localhost:8002/api/beds/current/6 "HTTP/1.1 200 OK"
2025-09-11 14:35:30,128 - httpx - INFO - HTTP Request: POST http://localhost:8002/api/beds/update "HTTP/1.1 201 Created"
2025-09-11 14:35:30,129 - __main__ - INFO - Updated general beds for hospital 6 to 498
2025-09-11 14:35:30,145 - httpx - INFO - HTTP Request: POST http://localhost:8002/api/beds/update "HTTP/1.1 201 Created"
2025-09-11 14:35:30,145 - __main__ - INFO - Updated icu beds for hospital 6 to 81
2025-09-11 14:35:30,161 - httpx - INFO - HTTP Request: GET http://localhost:8002/api/beds/current/7 "HTTP/1.1 200 OK"
2025-09-11 14:35:30,177 - httpx - INFO - HTTP Request: POST http://localhost:8002/api/beds/update "HTTP/1.1 201 Created"
2025-09-11 14:35:30,178 - __main__ - INFO - Updated general beds for hospital 7 to 493
2025-09-11 14:35:30,194 - httpx - INFO - HTTP Request: POST http://localhost:8002/api/beds/update "HTTP/1.1 201 Created"
2025-09-11 14:35:30,195 - __main__ - INFO - Updated icu beds for hospital 7 to 99
2025-09-11 14:35:30,210 - httpx - INFO - HTTP Request: GET http://localhost:8002/api/beds/current/8 "HTTP/1.1 200 OK"
2025-09-11 14:35:30,227 - httpx - INFO - HTTP Request: POST http://localhost:8002/api/beds/update "HTTP/1.1 201 Created"
2025-09-11 14:35:30,227 - __main__ - INFO - Updated icu beds for hospital 8 to 85
2025-09-11 14:35:30,241 - httpx - INFO - HTTP Request: GET http://localhost:8002/api/beds/current/9 "HTTP/1.1 200 OK"
2025-09-11 14:35:30,261 - httpx - INFO - HTTP Request: POST http://localhost:8002/api/beds/update "HTTP/1.1 201 Created"
2025-09-11 14:35:30,261 - __main__ - INFO - Updated general beds for hospital 9 to 398
2025-09-11 14:35:30,278 - httpx - INFO - HTTP Request: POST http://localhost:8002/api/beds/update "HTTP/1.1 201 Created"
2025-09-11 14:35:30,279 - __main__ - INFO - Updated icu beds for hospital 9 to 74
2025-09-11 14:35:30,293 - httpx - INFO - HTTP Request: GET http://localhost:8002/api/beds/current/10 "HTTP/1.1 200 OK"
2025-09-11 14:35:30,310 - httpx - INFO - HTTP Request: POST http://localhost:8002/api/beds/update "HTTP/1.1 201 Created"
2025-09-11 14:35:30,311 - __main__ - INFO - Updated general beds for hospital 10 to 1493
2025-09-11 14:35:30,327 - httpx - INFO - HTTP Request: POST http://localhost:8002/api/beds/update "HTTP/1.1 201 Created"
2025-09-11 14:35:30,327 - __main__ - INFO - Updated icu beds for hospital 10 to 298
2025-09-11 14:35:30,341 - httpx - INFO - HTTP Request: GET http://localhost:8002/api/beds/current/11 "HTTP/1.1 200 OK"
2025-09-11 14:35:30,360 - httpx - INFO - HTTP Request: POST http://localhost:8002/api/beds/update "HTTP/1.1 201 Created"
2025-09-11 14:35:30,360 - __main__ - INFO - Updated general beds for hospital 11 to 449
2025-09-11 14:35:30,378 - httpx - INFO - HTTP Request: POST http://localhost:8002/api/beds/update "HTTP/1.1 201 Created"
2025-09-11 14:35:30,378 - __main__ - INFO - Updated icu beds for hospital 11 to 81
2025-09-11 14:35:30,391 - httpx - INFO - HTTP Request: GET http://localhost:8002/api/beds/current/12 "HTTP/1.1 200 OK"
2025-09-11 14:35:30,476 - httpx - INFO - HTTP Request: POST http://localhost:8002/api/beds/update "HTTP/1.1 201 Created"
2025-09-11 14:35:30,478 - __main__ - INFO - Updated general beds for hospital 12 to 350
2025-09-11 14:35:30,507 - httpx - INFO - HTTP Request: POST http://localhost:8002/api/beds/update "HTTP/1.1 201 Created"
2025-09-11 14:35:30,507 - __main__ - INFO - Updated icu beds for hospital 12 to 67
2025-09-11 14:35:30,523 - httpx - INFO - HTTP Request: GET http://localhost:8002/api/beds/current/13 "HTTP/1.1 200 OK"
2025-09-11 14:35:30,545 - httpx - INFO - HTTP Request: POST http://localhost:8002/api/beds/update "HTTP/1.1 201 Created"
2025-09-11 14:35:30,545 - __main__ - INFO - Updated general beds for hospital 13 to 248
2025-09-11 14:35:30,569 - httpx - INFO - HTTP Request: POST http://localhost:8002/api/beds/update "HTTP/1.1 201 Created"
2025-09-11 14:35:30,570 - __main__ - INFO - Updated icu beds for hospital 13 to 50
2025-09-11 14:35:30,591 - httpx - INFO - HTTP Request: GET http://localhost:8002/api/beds/current/14 "HTTP/1.1 200 OK"
2025-09-11 14:35:30,608 - httpx - INFO - HTTP Request: POST http://localhost:8002/api/beds/update "HTTP/1.1 201 Created"
2025-09-11 14:35:30,608 - __main__ - INFO - Updated general beds for hospital 14 to 605
2025-09-11 14:35:30,628 - httpx - INFO - HTTP Request: POST http://localhost:8002/api/beds/update "HTTP/1.1 201 Created"
2025-09-11 14:35:30,628 - __main__ - INFO - Updated icu beds for hospital 14 to 113
2025-09-11 14:35:30,644 - httpx - INFO - HTTP Request: GET http://localhost:8002/api/beds/current/15 "HTTP/1.1 200 OK"
2025-09-11 14:35:30,659 - httpx - INFO - HTTP Request: POST http://localhost:8002/api/beds/update "HTTP/1.1 201 Created"
2025-09-11 14:35:30,660 - __main__ - INFO - Updated general beds for hospital 15 to 271
2025-09-11 14:35:30,685 - httpx - INFO - HTTP Request: POST http://localhost:8002/api/beds/update "HTTP/1.1 201 Created"
2025-09-11 14:35:30,686 - __main__ - INFO - Updated icu beds for hospital 15 to 46
2025-09-11 14:35:30,704 - httpx - INFO - HTTP Request: GET http://localhost:8002/api/beds/current/16 "HTTP/1.1 200 OK"
2025-09-11 14:35:30,733 - httpx - INFO - HTTP Request: POST http://localhost:8002/api/beds/update "HTTP/1.1 201 Created"
2025-09-11 14:35:30,733 - __main__ - INFO - Updated general beds for hospital 16 to 280
2025-09-11 14:35:30,755 - httpx - INFO - HTTP Request: POST http://localhost:8002/api/beds/update "HTTP/1.1 201 Created"
2025-09-11 14:35:30,755 - __main__ - INFO - Updated icu beds for hospital 16 to 46
2025-09-11 14:35:30,770 - httpx - INFO - HTTP Request: GET http://localhost:8002/api/beds/current/17 "HTTP/1.1 200 OK"
2025-09-11 14:35:30,788 - httpx - INFO - HTTP Request: POST http://localhost:8002/api/beds/update "HTTP/1.1 201 Created"
2025-09-11 14:35:30,789 - __main__ - INFO - Updated icu beds for hospital 17 to 8
2025-09-11 14:35:30,806 - httpx - INFO - HTTP Request: GET http://localhost:8002/api/beds/current/18 "HTTP/1.1 200 OK"
2025-09-11 14:35:30,928 - httpx - INFO - HTTP Request: POST http://localhost:8002/api/beds/update "HTTP/1.1 201 Created"
2025-09-11 14:35:30,929 - __main__ - INFO - Updated general beds for hospital 18 to 184
2025-09-11 14:35:31,009 - httpx - INFO - HTTP Request: POST http://localhost:8002/api/beds/update "HTTP/1.1 201 Created"
2025-09-11 14:35:31,010 - __main__ - INFO - Updated icu beds for hospital 18 to 32
2025-09-11 14:35:31,053 - httpx - INFO - HTTP Request: GET http://localhost:8002/api/beds/current/19 "HTTP/1.1 200 OK"
2025-09-11 14:35:31,093 - httpx - INFO - HTTP Request: POST http://localhost:8002/api/beds/update "HTTP/1.1 201 Created"
2025-09-11 14:35:31,093 - __main__ - INFO - Updated general beds for hospital 19 to 188
2025-09-11 14:35:31,111 - httpx - INFO - HTTP Request: POST http://localhost:8002/api/beds/update "HTTP/1.1 201 Created"
2025-09-11 14:35:31,112 - __main__ - INFO - Updated icu beds for hospital 19 to 37
2025-09-11 14:35:31,133 - httpx - INFO - HTTP Request: GET http://localhost:8002/api/beds/current/20 "HTTP/1.1 200 OK"
2025-09-11 14:35:31,159 - httpx - INFO - HTTP Request: POST http://localhost:8002/api/beds/update "HTTP/1.1 201 Created"
2025-09-11 14:35:31,159 - __main__ - INFO - Updated icu beds for hospital 20 to 36
2025-09-11 14:35:51,192 - httpx - INFO - HTTP Request: GET http://localhost:8002/api/beds/current/1 "HTTP/1.1 200 OK"
2025-09-11 14:35:51,217 - httpx - INFO - HTTP Request: POST http://localhost:8002/api/beds/update "HTTP/1.1 201 Created"
2025-09-11 14:35:51,217 - __main__ - INFO - Updated general beds for hospital 1 to 997
2025-09-11 14:35:51,231 - httpx - INFO - HTTP Request: POST http://localhost:8002/api/beds/update "HTTP/1.1 201 Created"
2025-09-11 14:35:51,231 - __main__ - INFO - Updated icu beds for hospital 1 to 194
2025-09-11 14:35:51,246 - httpx - INFO - HTTP Request: GET http://localhost:8002/api/beds/current/2 "HTTP/1.1 200 OK"
2025-09-11 14:35:51,261 - httpx - INFO - HTTP Request: POST http://localhost:8002/api/beds/update "HTTP/1.1 201 Created"
2025-09-11 14:35:51,261 - __main__ - INFO - Updated general beds for hospital 2 to 684
2025-09-11 14:35:51,276 - httpx - INFO - HTTP Request: POST http://localhost:8002/api/beds/update "HTTP/1.1 201 Created"
2025-09-11 14:35:51,276 - __main__ - INFO - Updated icu beds for hospital 2 to 132
2025-09-11 14:35:51,288 - httpx - INFO - HTTP Request: GET http://localhost:8002/api/beds/current/3 "HTTP/1.1 200 OK"
2025-09-11 14:35:51,303 - httpx - INFO - HTTP Request: POST http://localhost:8002/api/beds/update "HTTP/1.1 201 Created"
2025-09-11 14:35:51,303 - __main__ - INFO - Updated general beds for hospital 3 to 268
2025-09-11 14:35:51,321 - httpx - INFO - HTTP Request: POST http://localhost:8002/api/beds/update "HTTP/1.1 201 Created"
2025-09-11 14:35:51,321 - __main__ - INFO - Updated icu beds for hospital 3 to 46
2025-09-11 14:35:51,337 - httpx - INFO - HTTP Request: GET http://localhost:8002/api/beds/current/4 "HTTP/1.1 200 OK"
2025-09-11 14:35:51,357 - httpx - INFO - HTTP Request: POST http://localhost:8002/api/beds/update "HTTP/1.1 201 Created"
2025-09-11 14:35:51,359 - __main__ - INFO - Updated general beds for hospital 4 to 1138
2025-09-11 14:35:51,377 - httpx - INFO - HTTP Request: POST http://localhost:8002/api/beds/update "HTTP/1.1 201 Created"
2025-09-11 14:35:51,378 - __main__ - INFO - Updated icu beds for hospital 4 to 224
2025-09-11 14:35:51,399 - httpx - INFO - HTTP Request: GET http://localhost:8002/api/beds/current/5 "HTTP/1.1 200 OK"
2025-09-11 14:35:51,418 - httpx - INFO - HTTP Request: POST http://localhost:8002/api/beds/update "HTTP/1.1 201 Created"
2025-09-11 14:35:51,419 - __main__ - INFO - Updated general beds for hospital 5 to 991
2025-09-11 14:35:51,433 - httpx - INFO - HTTP Request: GET http://localhost:8002/api/beds/current/6 "HTTP/1.1 200 OK"
2025-09-11 14:35:51,684 - httpx - INFO - HTTP Request: POST http://localhost:8002/api/beds/update "HTTP/1.1 201 Created"
2025-09-11 14:35:51,689 - __main__ - INFO - Updated general beds for hospital 6 to 500
2025-09-11 14:35:51,737 - httpx - INFO - HTTP Request: POST http://localhost:8002/api/beds/update "HTTP/1.1 201 Created"
2025-09-11 14:35:51,737 - __main__ - INFO - Updated icu beds for hospital 6 to 79
2025-09-11 14:35:51,765 - httpx - INFO - HTTP Request: GET http://localhost:8002/api/beds/current/7 "HTTP/1.1 200 OK"
2025-09-11 14:35:51,784 - httpx - INFO - HTTP Request: POST http://localhost:8002/api/beds/update "HTTP/1.1 201 Created"
2025-09-11 14:35:51,784 - __main__ - INFO - Updated general beds for hospital 7 to 496
2025-09-11 14:35:51,802 - httpx - INFO - HTTP Request: POST http://localhost:8002/api/beds/update "HTTP/1.1 201 Created"
2025-09-11 14:35:51,803 - __main__ - INFO - Updated icu beds for hospital 7 to 100
2025-09-11 14:35:51,817 - httpx - INFO - HTTP Request: GET http://localhost:8002/api/beds/current/8 "HTTP/1.1 200 OK"
2025-09-11 14:35:51,833 - httpx - INFO - HTTP Request: POST http://localhost:8002/api/beds/update "HTTP/1.1 201 Created"
2025-09-11 14:35:51,833 - __main__ - INFO - Updated icu beds for hospital 8 to 87
2025-09-11 14:35:51,851 - httpx - INFO - HTTP Request: GET http://localhost:8002/api/beds/current/9 "HTTP/1.1 200 OK"
2025-09-11 14:35:51,867 - httpx - INFO - HTTP Request: POST http://localhost:8002/api/beds/update "HTTP/1.1 201 Created"
2025-09-11 14:35:51,867 - __main__ - INFO - Updated general beds for hospital 9 to 400
2025-09-11 14:35:51,883 - httpx - INFO - HTTP Request: POST http://localhost:8002/api/beds/update "HTTP/1.1 201 Created"
2025-09-11 14:35:51,883 - __main__ - INFO - Updated icu beds for hospital 9 to 75
2025-09-11 14:35:51,899 - httpx - INFO - HTTP Request: GET http://localhost:8002/api/beds/current/10 "HTTP/1.1 200 OK"
2025-09-11 14:35:51,918 - httpx - INFO - HTTP Request: POST http://localhost:8002/api/beds/update "HTTP/1.1 201 Created"
2025-09-11 14:35:51,919 - __main__ - INFO - Updated general beds for hospital 10 to 1490
2025-09-11 14:35:51,936 - httpx - INFO - HTTP Request: POST http://localhost:8002/api/beds/update "HTTP/1.1 201 Created"
2025-09-11 14:35:51,937 - __main__ - INFO - Updated icu beds for hospital 10 to 297
2025-09-11 14:35:51,952 - httpx - INFO - HTTP Request: GET http://localhost:8002/api/beds/current/11 "HTTP/1.1 200 OK"
2025-09-11 14:35:51,973 - httpx - INFO - HTTP Request: POST http://localhost:8002/api/beds/update "HTTP/1.1 201 Created"
2025-09-11 14:35:51,973 - __main__ - INFO - Updated general beds for hospital 11 to 447
2025-09-11 14:35:51,990 - httpx - INFO - HTTP Request: POST http://localhost:8002/api/beds/update "HTTP/1.1 201 Created"
2025-09-11 14:35:51,990 - __main__ - INFO - Updated icu beds for hospital 11 to 83
2025-09-11 14:35:52,008 - httpx - INFO - HTTP Request: GET http://localhost:8002/api/beds/current/12 "HTTP/1.1 200 OK"
2025-09-11 14:35:52,027 - httpx - INFO - HTTP Request: POST http://localhost:8002/api/beds/update "HTTP/1.1 201 Created"
2025-09-11 14:35:52,027 - __main__ - INFO - Updated general beds for hospital 12 to 350
2025-09-11 14:35:52,054 - httpx - INFO - HTTP Request: POST http://localhost:8002/api/beds/update "HTTP/1.1 201 Created"
2025-09-11 14:35:52,055 - __main__ - INFO - Updated icu beds for hospital 12 to 68
2025-09-11 14:35:52,075 - httpx - INFO - HTTP Request: GET http://localhost:8002/api/beds/current/13 "HTTP/1.1 200 OK"
2025-09-11 14:35:52,099 - httpx - INFO - HTTP Request: POST http://localhost:8002/api/beds/update "HTTP/1.1 201 Created"
2025-09-11 14:35:52,099 - __main__ - INFO - Updated icu beds for hospital 13 to 50
2025-09-11 14:35:52,121 - httpx - INFO - HTTP Request: GET http://localhost:8002/api/beds/current/14 "HTTP/1.1 200 OK"
2025-09-11 14:35:52,146 - httpx - INFO - HTTP Request: POST http://localhost:8002/api/beds/update "HTTP/1.1 201 Created"
2025-09-11 14:35:52,146 - __main__ - INFO - Updated general beds for hospital 14 to 603
2025-09-11 14:35:52,161 - httpx - INFO - HTTP Request: POST http://localhost:8002/api/beds/update "HTTP/1.1 201 Created"
2025-09-11 14:35:52,161 - __main__ - INFO - Updated icu beds for hospital 14 to 115
2025-09-11 14:35:52,175 - httpx - INFO - HTTP Request: GET http://localhost:8002/api/beds/current/15 "HTTP/1.1 200 OK"
2025-09-11 14:35:52,190 - httpx - INFO - HTTP Request: POST http://localhost:8002/api/beds/update "HTTP/1.1 201 Created"
2025-09-11 14:35:52,190 - __main__ - INFO - Updated general beds for hospital 15 to 274
2025-09-11 14:35:52,203 - httpx - INFO - HTTP Request: GET http://localhost:8002/api/beds/current/16 "HTTP/1.1 200 OK"
2025-09-11 14:35:52,228 - httpx - INFO - HTTP Request: POST http://localhost:8002/api/beds/update "HTTP/1.1 201 Created"
2025-09-11 14:35:52,228 - __main__ - INFO - Updated general beds for hospital 16 to 277
2025-09-11 14:35:52,249 - httpx - INFO - HTTP Request: POST http://localhost:8002/api/beds/update "HTTP/1.1 201 Created"
2025-09-11 14:35:52,249 - __main__ - INFO - Updated icu beds for hospital 16 to 48
2025-09-11 14:35:52,264 - httpx - INFO - HTTP Request: GET http://localhost:8002/api/beds/current/17 "HTTP/1.1 200 OK"
2025-09-11 14:35:52,280 - httpx - INFO - HTTP Request: POST http://localhost:8002/api/beds/update "HTTP/1.1 201 Created"
2025-09-11 14:35:52,280 - __main__ - INFO - Updated general beds for hospital 17 to 90
2025-09-11 14:35:52,295 - httpx - INFO - HTTP Request: GET http://localhost:8002/api/beds/current/18 "HTTP/1.1 200 OK"
2025-09-11 14:35:52,309 - httpx - INFO - HTTP Request: GET http://localhost:8002/api/beds/current/19 "HTTP/1.1 200 OK"
2025-09-11 14:35:52,326 - httpx - INFO - HTTP Request: POST http://localhost:8002/api/beds/update "HTTP/1.1 201 Created"
2025-09-11 14:35:52,326 - __main__ - INFO - Updated general beds for hospital 19 to 187
2025-09-11 14:35:52,344 - httpx - INFO - HTTP Request: POST http://localhost:8002/api/beds/update "HTTP/1.1 201 Created"
2025-09-11 14:35:52,344 - __main__ - INFO - Updated icu beds for hospital 19 to 39
2025-09-11 14:35:52,359 - httpx - INFO - HTTP Request: GET http://localhost:8002/api/beds/current/20 "HTTP/1.1 200 OK"
2025-09-11 14:35:52,375 - httpx - INFO - HTTP Request: POST http://localhost:8002/api/beds/update "HTTP/1.1 201 Created"
2025-09-11 14:35:52,375 - __main__ - INFO - Updated general beds for hospital 20 to 188
2025-09-11 14:35:52,390 - httpx - INFO - HTTP Request: POST http://localhost:8002/api/beds/update "HTTP/1.1 201 Created"
2025-09-11 14:35:52,390 - __main__ - INFO - Updated icu beds for hospital 20 to 34
2025-09-11 14:36:12,423 - httpx - INFO - HTTP Request: GET http://localhost:8002/api/beds/current/1 "HTTP/1.1 200 OK"
2025-09-11 14:36:12,526 - httpx - INFO - HTTP Request: POST http://localhost:8002/api/beds/update "HTTP/1.1 201 Created"
2025-09-11 14:36:12,526 - __main__ - INFO - Updated general beds for hospital 1 to 1000
2025-09-11 14:36:12,556 - httpx - INFO - HTTP Request: POST http://localhost:8002/api/beds/update "HTTP/1.1 201 Created"
2025-09-11 14:36:12,557 - __main__ - INFO - Updated icu beds for hospital 1 to 193
2025-09-11 14:36:12,571 - httpx - INFO - HTTP Request: GET http://localhost:8002/api/beds/current/2 "HTTP/1.1 200 OK"
2025-09-11 14:36:12,600 - httpx - INFO - HTTP Request: POST http://localhost:8002/api/beds/update "HTTP/1.1 201 Created"
2025-09-11 14:36:12,600 - __main__ - INFO - Updated general beds for hospital 2 to 685
2025-09-11 14:36:12,660 - httpx - INFO - HTTP Request: GET http://localhost:8002/api/beds/current/3 "HTTP/1.1 200 OK"
2025-09-11 14:36:12,783 - httpx - INFO - HTTP Request: POST http://localhost:8002/api/beds/update "HTTP/1.1 201 Created"
2025-09-11 14:36:12,783 - __main__ - INFO - Updated general beds for hospital 3 to 271
2025-09-11 14:36:12,821 - httpx - INFO - HTTP Request: POST http://localhost:8002/api/beds/update "HTTP/1.1 201 Created"
2025-09-11 14:36:12,828 - __main__ - INFO - Updated icu beds for hospital 3 to 45
2025-09-11 14:36:12,854 - httpx - INFO - HTTP Request: GET http://localhost:8002/api/beds/current/4 "HTTP/1.1 200 OK"
2025-09-11 14:36:12,875 - httpx - INFO - HTTP Request: POST http://localhost:8002/api/beds/update "HTTP/1.1 201 Created"
2025-09-11 14:36:12,875 - __main__ - INFO - Updated general beds for hospital 4 to 1136
2025-09-11 14:36:12,897 - httpx - INFO - HTTP Request: POST http://localhost:8002/api/beds/update "HTTP/1.1 201 Created"
2025-09-11 14:36:12,897 - __main__ - INFO - Updated icu beds for hospital 4 to 225
2025-09-11 14:36:12,914 - httpx - INFO - HTTP Request: GET http://localhost:8002/api/beds/current/5 "HTTP/1.1 200 OK"
2025-09-11 14:36:12,930 - httpx - INFO - HTTP Request: POST http://localhost:8002/api/beds/update "HTTP/1.1 201 Created"
2025-09-11 14:36:12,930 - __main__ - INFO - Updated general beds for hospital 5 to 989
2025-09-11 14:36:12,944 - httpx - INFO - HTTP Request: POST http://localhost:8002/api/beds/update "HTTP/1.1 201 Created"
2025-09-11 14:36:12,944 - __main__ - INFO - Updated icu beds for hospital 5 to 199
2025-09-11 14:36:12,961 - httpx - INFO - HTTP Request: GET http://localhost:8002/api/beds/current/6 "HTTP/1.1 200 OK"
2025-09-11 14:36:12,977 - httpx - INFO - HTTP Request: POST http://localhost:8002/api/beds/update "HTTP/1.1 201 Created"
2025-09-11 14:36:12,978 - __main__ - INFO - Updated general beds for hospital 6 to 500
2025-09-11 14:36:12,992 - httpx - INFO - HTTP Request: POST http://localhost:8002/api/beds/update "HTTP/1.1 201 Created"
2025-09-11 14:36:12,992 - __main__ - INFO - Updated icu beds for hospital 6 to 77
2025-09-11 14:36:13,007 - httpx - INFO - HTTP Request: GET http://localhost:8002/api/beds/current/7 "HTTP/1.1 200 OK"
2025-09-11 14:36:13,029 - httpx - INFO - HTTP Request: POST http://localhost:8002/api/beds/update "HTTP/1.1 201 Created"
2025-09-11 14:36:13,029 - __main__ - INFO - Updated general beds for hospital 7 to 493
2025-09-11 14:36:13,046 - httpx - INFO - HTTP Request: POST http://localhost:8002/api/beds/update "HTTP/1.1 201 Created"
2025-09-11 14:36:13,047 - __main__ - INFO - Updated icu beds for hospital 7 to 99
2025-09-11 14:36:13,061 - httpx - INFO - HTTP Request: GET http://localhost:8002/api/beds/current/8 "HTTP/1.1 200 OK"
2025-09-11 14:36:13,080 - httpx - INFO - HTTP Request: POST http://localhost:8002/api/beds/update "HTTP/1.1 201 Created"
2025-09-11 14:36:13,080 - __main__ - INFO - Updated general beds for hospital 8 to 464
2025-09-11 14:36:13,094 - httpx - INFO - HTTP Request: GET http://localhost:8002/api/beds/current/9 "HTTP/1.1 200 OK"
2025-09-11 14:36:13,110 - httpx - INFO - HTTP Request: POST http://localhost:8002/api/beds/update "HTTP/1.1 201 Created"
2025-09-11 14:36:13,110 - __main__ - INFO - Updated general beds for hospital 9 to 398
2025-09-11 14:36:13,129 - httpx - INFO - HTTP Request: POST http://localhost:8002/api/beds/update "HTTP/1.1 201 Created"
2025-09-11 14:36:13,129 - __main__ - INFO - Updated icu beds for hospital 9 to 76
2025-09-11 14:36:13,143 - httpx - INFO - HTTP Request: GET http://localhost:8002/api/beds/current/10 "HTTP/1.1 200 OK"
2025-09-11 14:36:13,160 - httpx - INFO - HTTP Request: POST http://localhost:8002/api/beds/update "HTTP/1.1 201 Created"
2025-09-11 14:36:13,161 - __main__ - INFO - Updated icu beds for hospital 10 to 299
2025-09-11 14:36:13,176 - httpx - INFO - HTTP Request: GET http://localhost:8002/api/beds/current/11 "HTTP/1.1 200 OK"
2025-09-11 14:36:13,194 - httpx - INFO - HTTP Request: POST http://localhost:8002/api/beds/update "HTTP/1.1 201 Created"
2025-09-11 14:36:13,194 - __main__ - INFO - Updated general beds for hospital 11 to 445
2025-09-11 14:36:13,208 - httpx - INFO - HTTP Request: POST http://localhost:8002/api/beds/update "HTTP/1.1 201 Created"
2025-09-11 14:36:13,208 - __main__ - INFO - Updated icu beds for hospital 11 to 81
2025-09-11 14:36:13,227 - httpx - INFO - HTTP Request: GET http://localhost:8002/api/beds/current/12 "HTTP/1.1 200 OK"
2025-09-11 14:36:13,247 - httpx - INFO - HTTP Request: POST http://localhost:8002/api/beds/update "HTTP/1.1 201 Created"
2025-09-11 14:36:13,247 - __main__ - INFO - Updated general beds for hospital 12 to 350
2025-09-11 14:36:13,268 - httpx - INFO - HTTP Request: GET http://localhost:8002/api/beds/current/13 "HTTP/1.1 200 OK"
2025-09-11 14:36:13,290 - httpx - INFO - HTTP Request: POST http://localhost:8002/api/beds/update "HTTP/1.1 201 Created"
2025-09-11 14:36:13,290 - __main__ - INFO - Updated general beds for hospital 13 to 250
2025-09-11 14:36:13,310 - httpx - INFO - HTTP Request: POST http://localhost:8002/api/beds/update "HTTP/1.1 201 Created"
2025-09-11 14:36:13,310 - __main__ - INFO - Updated icu beds for hospital 13 to 48
2025-09-11 14:36:13,325 - httpx - INFO - HTTP Request: GET http://localhost:8002/api/beds/current/14 "HTTP/1.1 200 OK"
2025-09-11 14:36:13,349 - httpx - INFO - HTTP Request: POST http://localhost:8002/api/beds/update "HTTP/1.1 201 Created"
2025-09-11 14:36:13,349 - __main__ - INFO - Updated general beds for hospital 14 to 600
2025-09-11 14:36:13,368 - httpx - INFO - HTTP Request: POST http://localhost:8002/api/beds/update "HTTP/1.1 201 Created"
2025-09-11 14:36:13,369 - __main__ - INFO - Updated icu beds for hospital 14 to 117
2025-09-11 14:36:13,381 - httpx - INFO - HTTP Request: GET http://localhost:8002/api/beds/current/15 "HTTP/1.1 200 OK"
2025-09-11 14:36:13,395 - httpx - INFO - HTTP Request: POST http://localhost:8002/api/beds/update "HTTP/1.1 201 Created"
2025-09-11 14:36:13,440 - __main__ - INFO - Updated general beds for hospital 15 to 276
2025-09-11 14:36:13,455 - httpx - INFO - HTTP Request: POST http://localhost:8002/api/beds/update "HTTP/1.1 201 Created"
2025-09-11 14:36:13,456 - __main__ - INFO - Updated icu beds for hospital 15 to 45
2025-09-11 14:36:13,472 - httpx - INFO - HTTP Request: GET http://localhost:8002/api/beds/current/16 "HTTP/1.1 200 OK"
2025-09-11 14:36:13,490 - httpx - INFO - HTTP Request: POST http://localhost:8002/api/beds/update "HTTP/1.1 201 Created"
2025-09-11 14:36:13,490 - __main__ - INFO - Updated icu beds for hospital 16 to 46
2025-09-11 14:36:13,504 - httpx - INFO - HTTP Request: GET http://localhost:8002/api/beds/current/17 "HTTP/1.1 200 OK"
2025-09-11 14:36:13,520 - httpx - INFO - HTTP Request: POST http://localhost:8002/api/beds/update "HTTP/1.1 201 Created"
2025-09-11 14:36:13,520 - __main__ - INFO - Updated general beds for hospital 17 to 90
2025-09-11 14:36:13,538 - httpx - INFO - HTTP Request: POST http://localhost:8002/api/beds/update "HTTP/1.1 201 Created"
2025-09-11 14:36:13,538 - __main__ - INFO - Updated icu beds for hospital 17 to 9
2025-09-11 14:36:13,550 - httpx - INFO - HTTP Request: GET http://localhost:8002/api/beds/current/18 "HTTP/1.1 200 OK"
2025-09-11 14:36:13,565 - httpx - INFO - HTTP Request: POST http://localhost:8002/api/beds/update "HTTP/1.1 201 Created"
2025-09-11 14:36:13,565 - __main__ - INFO - Updated general beds for hospital 18 to 182
2025-09-11 14:36:13,578 - httpx - INFO - HTTP Request: GET http://localhost:8002/api/beds/current/19 "HTTP/1.1 200 OK"
2025-09-11 14:36:13,593 - httpx - INFO - HTTP Request: POST http://localhost:8002/api/beds/update "HTTP/1.1 201 Created"
2025-09-11 14:36:13,593 - __main__ - INFO - Updated general beds for hospital 19 to 185
2025-09-11 14:36:13,609 - httpx - INFO - HTTP Request: POST http://localhost:8002/api/beds/update "HTTP/1.1 201 Created"
2025-09-11 14:36:13,609 - __main__ - INFO - Updated icu beds for hospital 19 to 40
2025-09-11 14:36:13,622 - httpx - INFO - HTTP Request: GET http://localhost:8002/api/beds/current/20 "HTTP/1.1 200 OK"
2025-09-11 14:36:13,642 - httpx - INFO - HTTP Request: POST http://localhost:8002/api/beds/update "HTTP/1.1 201 Created"
2025-09-11 14:36:13,643 - __main__ - INFO - Updated icu beds for hospital 20 to 36
2025-09-11 14:36:33,683 - httpx - INFO - HTTP Request: GET http://localhost:8002/api/beds/current/1 "HTTP/1.1 200 OK"
2025-09-11 14:36:33,714 - httpx - INFO - HTTP Request: POST http://localhost:8002/api/beds/update "HTTP/1.1 201 Created"
2025-09-11 14:36:33,714 - __main__ - INFO - Updated general beds for hospital 1 to 1000
2025-09-11 14:36:33,732 - httpx - INFO - HTTP Request: POST http://localhost:8002/api/beds/update "HTTP/1.1 201 Created"
2025-09-11 14:36:33,732 - __main__ - INFO - Updated icu beds for hospital 1 to 194
2025-09-11 14:36:33,756 - httpx - INFO - HTTP Request: GET http://localhost:8002/api/beds/current/2 "HTTP/1.1 200 OK"
2025-09-11 14:36:33,777 - httpx - INFO - HTTP Request: POST http://localhost:8002/api/beds/update "HTTP/1.1 201 Created"
2025-09-11 14:36:33,777 - __main__ - INFO - Updated general beds for hospital 2 to 686
2025-09-11 14:36:33,793 - httpx - INFO - HTTP Request: POST http://localhost:8002/api/beds/update "HTTP/1.1 201 Created"
2025-09-11 14:36:33,793 - __main__ - INFO - Updated icu beds for hospital 2 to 133
2025-09-11 14:36:33,808 - httpx - INFO - HTTP Request: GET http://localhost:8002/api/beds/current/3 "HTTP/1.1 200 OK"
2025-09-11 14:36:33,826 - httpx - INFO - HTTP Request: POST http://localhost:8002/api/beds/update "HTTP/1.1 201 Created"
2025-09-11 14:36:33,826 - __main__ - INFO - Updated general beds for hospital 3 to 270
2025-09-11 14:36:33,849 - httpx - INFO - HTTP Request: POST http://localhost:8002/api/beds/update "HTTP/1.1 201 Created"
2025-09-11 14:36:33,850 - __main__ - INFO - Updated icu beds for hospital 3 to 47
2025-09-11 14:36:33,862 - httpx - INFO - HTTP Request: GET http://localhost:8002/api/beds/current/4 "HTTP/1.1 200 OK"
2025-09-11 14:36:33,878 - httpx - INFO - HTTP Request: POST http://localhost:8002/api/beds/update "HTTP/1.1 201 Created"
2025-09-11 14:36:33,878 - __main__ - INFO - Updated general beds for hospital 4 to 1137
2025-09-11 14:36:33,894 - httpx - INFO - HTTP Request: POST http://localhost:8002/api/beds/update "HTTP/1.1 201 Created"
2025-09-11 14:36:33,895 - __main__ - INFO - Updated icu beds for hospital 4 to 223
2025-09-11 14:36:33,912 - httpx - INFO - HTTP Request: GET http://localhost:8002/api/beds/current/5 "HTTP/1.1 200 OK"
2025-09-11 14:36:33,929 - httpx - INFO - HTTP Request: POST http://localhost:8002/api/beds/update "HTTP/1.1 201 Created"
2025-09-11 14:36:33,929 - __main__ - INFO - Updated general beds for hospital 5 to 990
2025-09-11 14:36:33,947 - httpx - INFO - HTTP Request: POST http://localhost:8002/api/beds/update "HTTP/1.1 201 Created"
2025-09-11 14:36:33,948 - __main__ - INFO - Updated icu beds for hospital 5 to 197
2025-09-11 14:36:33,961 - httpx - INFO - HTTP Request: GET http://localhost:8002/api/beds/current/6 "HTTP/1.1 200 OK"
2025-09-11 14:36:33,977 - httpx - INFO - HTTP Request: POST http://localhost:8002/api/beds/update "HTTP/1.1 201 Created"
2025-09-11 14:36:33,977 - __main__ - INFO - Updated general beds for hospital 6 to 497
2025-09-11 14:36:33,996 - httpx - INFO - HTTP Request: POST http://localhost:8002/api/beds/update "HTTP/1.1 201 Created"
2025-09-11 14:36:33,996 - __main__ - INFO - Updated icu beds for hospital 6 to 78
2025-09-11 14:36:34,011 - httpx - INFO - HTTP Request: GET http://localhost:8002/api/beds/current/7 "HTTP/1.1 200 OK"
2025-09-11 14:36:34,032 - httpx - INFO - HTTP Request: POST http://localhost:8002/api/beds/update "HTTP/1.1 201 Created"
2025-09-11 14:36:34,032 - __main__ - INFO - Updated general beds for hospital 7 to 494
2025-09-11 14:36:34,049 - httpx - INFO - HTTP Request: POST http://localhost:8002/api/beds/update "HTTP/1.1 201 Created"
2025-09-11 14:36:34,049 - __main__ - INFO - Updated icu beds for hospital 7 to 97
2025-09-11 14:36:34,072 - httpx - INFO - HTTP Request: GET http://localhost:8002/api/beds/current/8 "HTTP/1.1 200 OK"
2025-09-11 14:36:34,093 - httpx - INFO - HTTP Request: POST http://localhost:8002/api/beds/update "HTTP/1.1 201 Created"
2025-09-11 14:36:34,093 - __main__ - INFO - Updated general beds for hospital 8 to 462
2025-09-11 14:36:34,111 - httpx - INFO - HTTP Request: POST http://localhost:8002/api/beds/update "HTTP/1.1 201 Created"
2025-09-11 14:36:34,111 - __main__ - INFO - Updated icu beds for hospital 8 to 86
2025-09-11 14:36:34,128 - httpx - INFO - HTTP Request: GET http://localhost:8002/api/beds/current/9 "HTTP/1.1 200 OK"
2025-09-11 14:36:34,146 - httpx - INFO - HTTP Request: POST http://localhost:8002/api/beds/update "HTTP/1.1 201 Created"
2025-09-11 14:36:34,207 - __main__ - INFO - Updated general beds for hospital 9 to 395
2025-09-11 14:36:34,228 - httpx - INFO - HTTP Request: GET http://localhost:8002/api/beds/current/10 "HTTP/1.1 200 OK"
2025-09-11 14:36:34,252 - httpx - INFO - HTTP Request: POST http://localhost:8002/api/beds/update "HTTP/1.1 201 Created"
2025-09-11 14:36:34,252 - __main__ - INFO - Updated general beds for hospital 10 to 1487
2025-09-11 14:36:34,276 - httpx - INFO - HTTP Request: POST http://localhost:8002/api/beds/update "HTTP/1.1 201 Created"
2025-09-11 14:36:34,277 - __main__ - INFO - Updated icu beds for hospital 10 to 297
2025-09-11 14:36:34,294 - httpx - INFO - HTTP Request: GET http://localhost:8002/api/beds/current/11 "HTTP/1.1 200 OK"
2025-09-11 14:36:34,315 - httpx - INFO - HTTP Request: POST http://localhost:8002/api/beds/update "HTTP/1.1 201 Created"
2025-09-11 14:36:34,316 - __main__ - INFO - Updated general beds for hospital 11 to 443
2025-09-11 14:36:34,335 - httpx - INFO - HTTP Request: POST http://localhost:8002/api/beds/update "HTTP/1.1 201 Created"
2025-09-11 14:36:34,336 - __main__ - INFO - Updated icu beds for hospital 11 to 79
2025-09-11 14:36:34,352 - httpx - INFO - HTTP Request: GET http://localhost:8002/api/beds/current/12 "HTTP/1.1 200 OK"
2025-09-11 14:36:34,367 - httpx - INFO - HTTP Request: POST http://localhost:8002/api/beds/update "HTTP/1.1 201 Created"
2025-09-11 14:36:34,368 - __main__ - INFO - Updated general beds for hospital 12 to 350
2025-09-11 14:36:34,383 - httpx - INFO - HTTP Request: POST http://localhost:8002/api/beds/update "HTTP/1.1 201 Created"
2025-09-11 14:36:34,383 - __main__ - INFO - Updated icu beds for hospital 12 to 66
2025-09-11 14:36:34,396 - httpx - INFO - HTTP Request: GET http://localhost:8002/api/beds/current/13 "HTTP/1.1 200 OK"
2025-09-11 14:36:34,414 - httpx - INFO - HTTP Request: POST http://localhost:8002/api/beds/update "HTTP/1.1 201 Created"
2025-09-11 14:36:34,414 - __main__ - INFO - Updated icu beds for hospital 13 to 46
2025-09-11 14:36:34,432 - httpx - INFO - HTTP Request: GET http://localhost:8002/api/beds/current/14 "HTTP/1.1 200 OK"
2025-09-11 14:36:34,451 - httpx - INFO - HTTP Request: POST http://localhost:8002/api/beds/update "HTTP/1.1 201 Created"
2025-09-11 14:36:34,451 - __main__ - INFO - Updated icu beds for hospital 14 to 118
2025-09-11 14:36:34,466 - httpx - INFO - HTTP Request: GET http://localhost:8002/api/beds/current/15 "HTTP/1.1 200 OK"
2025-09-11 14:36:34,481 - httpx - INFO - HTTP Request: POST http://localhost:8002/api/beds/update "HTTP/1.1 201 Created"
2025-09-11 14:36:34,481 - __main__ - INFO - Updated general beds for hospital 15 to 275
2025-09-11 14:36:34,498 - httpx - INFO - HTTP Request: POST http://localhost:8002/api/beds/update "HTTP/1.1 201 Created"
2025-09-11 14:36:34,498 - __main__ - INFO - Updated icu beds for hospital 15 to 44
2025-09-11 14:36:34,627 - httpx - INFO - HTTP Request: GET http://localhost:8002/api/beds/current/16 "HTTP/1.1 200 OK"
2025-09-11 14:36:34,650 - httpx - INFO - HTTP Request: POST http://localhost:8002/api/beds/update "HTTP/1.1 201 Created"
2025-09-11 14:36:34,651 - __main__ - INFO - Updated general beds for hospital 16 to 278
2025-09-11 14:36:34,668 - httpx - INFO - HTTP Request: POST http://localhost:8002/api/beds/update "HTTP/1.1 201 Created"
2025-09-11 14:36:34,668 - __main__ - INFO - Updated icu beds for hospital 16 to 48
2025-09-11 14:36:34,685 - httpx - INFO - HTTP Request: GET http://localhost:8002/api/beds/current/17 "HTTP/1.1 200 OK"
2025-09-11 14:36:34,726 - httpx - INFO - HTTP Request: POST http://localhost:8002/api/beds/update "HTTP/1.1 201 Created"
2025-09-11 14:36:34,726 - __main__ - INFO - Updated general beds for hospital 17 to 90
2025-09-11 14:36:34,751 - httpx - INFO - HTTP Request: POST http://localhost:8002/api/beds/update "HTTP/1.1 201 Created"
2025-09-11 14:36:34,752 - __main__ - INFO - Updated icu beds for hospital 17 to 10
2025-09-11 14:36:34,769 - httpx - INFO - HTTP Request: GET http://localhost:8002/api/beds/current/18 "HTTP/1.1 200 OK"
2025-09-11 14:36:34,785 - httpx - INFO - HTTP Request: POST http://localhost:8002/api/beds/update "HTTP/1.1 201 Created"
2025-09-11 14:36:34,785 - __main__ - INFO - Updated general beds for hospital 18 to 185
2025-09-11 14:36:34,803 - httpx - INFO - HTTP Request: POST http://localhost:8002/api/beds/update "HTTP/1.1 201 Created"
2025-09-11 14:36:34,803 - __main__ - INFO - Updated icu beds for hospital 18 to 33
2025-09-11 14:36:34,819 - httpx - INFO - HTTP Request: GET http://localhost:8002/api/beds/current/19 "HTTP/1.1 200 OK"
2025-09-11 14:36:34,841 - httpx - INFO - HTTP Request: POST http://localhost:8002/api/beds/update "HTTP/1.1 201 Created"
2025-09-11 14:36:34,841 - __main__ - INFO - Updated general beds for hospital 19 to 188
2025-09-11 14:36:34,859 - httpx - INFO - HTTP Request: POST http://localhost:8002/api/beds/update "HTTP/1.1 201 Created"
2025-09-11 14:36:34,860 - __main__ - INFO - Updated icu beds for hospital 19 to 40
2025-09-11 14:36:34,875 - httpx - INFO - HTTP Request: GET http://localhost:8002/api/beds/current/20 "HTTP/1.1 200 OK"
2025-09-11 14:36:34,891 - httpx - INFO - HTTP Request: POST http://localhost:8002/api/beds/update "HTTP/1.1 201 Created"
2025-09-11 14:36:34,891 - __main__ - INFO - Updated general beds for hospital 20 to 186
2025-09-11 14:36:54,920 - httpx - INFO - HTTP Request: GET http://localhost:8002/api/beds/current/1 "HTTP/1.1 200 OK"
2025-09-11 14:36:54,941 - httpx - INFO - HTTP Request: POST http://localhost:8002/api/beds/update "HTTP/1.1 201 Created"
2025-09-11 14:36:54,942 - __main__ - INFO - Updated general beds for hospital 1 to 1000
2025-09-11 14:36:54,959 - httpx - INFO - HTTP Request: POST http://localhost:8002/api/beds/update "HTTP/1.1 201 Created"
2025-09-11 14:36:54,959 - __main__ - INFO - Updated icu beds for hospital 1 to 195
2025-09-11 14:36:54,973 - httpx - INFO - HTTP Request: GET http://localhost:8002/api/beds/current/2 "HTTP/1.1 200 OK"
2025-09-11 14:36:54,995 - httpx - INFO - HTTP Request: POST http://localhost:8002/api/beds/update "HTTP/1.1 201 Created"
2025-09-11 14:36:54,996 - __main__ - INFO - Updated general beds for hospital 2 to 686
2025-09-11 14:36:55,014 - httpx - INFO - HTTP Request: POST http://localhost:8002/api/beds/update "HTTP/1.1 201 Created"
2025-09-11 14:36:55,014 - __main__ - INFO - Updated icu beds for hospital 2 to 135
2025-09-11 14:36:55,029 - httpx - INFO - HTTP Request: GET http://localhost:8002/api/beds/current/3 "HTTP/1.1 200 OK"
2025-09-11 14:36:55,048 - httpx - INFO - HTTP Request: POST http://localhost:8002/api/beds/update "HTTP/1.1 201 Created"
2025-09-11 14:36:55,049 - __main__ - INFO - Updated general beds for hospital 3 to 272
2025-09-11 14:36:55,068 - httpx - INFO - HTTP Request: POST http://localhost:8002/api/beds/update "HTTP/1.1 201 Created"
2025-09-11 14:36:55,128 - __main__ - INFO - Updated icu beds for hospital 3 to 46
2025-09-11 14:36:55,147 - httpx - INFO - HTTP Request: GET http://localhost:8002/api/beds/current/4 "HTTP/1.1 200 OK"
2025-09-11 14:36:55,166 - httpx - INFO - HTTP Request: POST http://localhost:8002/api/beds/update "HTTP/1.1 201 Created"
2025-09-11 14:36:55,166 - __main__ - INFO - Updated general beds for hospital 4 to 1134
2025-09-11 14:36:55,179 - httpx - INFO - HTTP Request: GET http://localhost:8002/api/beds/current/5 "HTTP/1.1 200 OK"
2025-09-11 14:36:55,198 - httpx - INFO - HTTP Request: POST http://localhost:8002/api/beds/update "HTTP/1.1 201 Created"
2025-09-11 14:36:55,198 - __main__ - INFO - Updated general beds for hospital 5 to 989
2025-09-11 14:36:55,217 - httpx - INFO - HTTP Request: POST http://localhost:8002/api/beds/update "HTTP/1.1 201 Created"
2025-09-11 14:36:55,217 - __main__ - INFO - Updated icu beds for hospital 5 to 195
2025-09-11 14:36:55,232 - httpx - INFO - HTTP Request: GET http://localhost:8002/api/beds/current/6 "HTTP/1.1 200 OK"
2025-09-11 14:36:55,250 - httpx - INFO - HTTP Request: GET http://localhost:8002/api/beds/current/7 "HTTP/1.1 200 OK"
2025-09-11 14:36:55,275 - httpx - INFO - HTTP Request: POST http://localhost:8002/api/beds/update "HTTP/1.1 201 Created"
2025-09-11 14:36:55,276 - __main__ - INFO - Updated general beds for hospital 7 to 495
2025-09-11 14:36:55,292 - httpx - INFO - HTTP Request: POST http://localhost:8002/api/beds/update "HTTP/1.1 201 Created"
2025-09-11 14:36:55,292 - __main__ - INFO - Updated icu beds for hospital 7 to 95
2025-09-11 14:36:55,306 - httpx - INFO - HTTP Request: GET http://localhost:8002/api/beds/current/8 "HTTP/1.1 200 OK"
2025-09-11 14:36:55,322 - httpx - INFO - HTTP Request: POST http://localhost:8002/api/beds/update "HTTP/1.1 201 Created"
2025-09-11 14:36:55,322 - __main__ - INFO - Updated general beds for hospital 8 to 460
2025-09-11 14:36:55,494 - httpx - INFO - HTTP Request: POST http://localhost:8002/api/beds/update "HTTP/1.1 201 Created"
2025-09-11 14:36:55,494 - __main__ - INFO - Updated icu beds for hospital 8 to 85
2025-09-11 14:36:55,527 - httpx - INFO - HTTP Request: GET http://localhost:8002/api/beds/current/9 "HTTP/1.1 200 OK"
2025-09-11 14:36:55,571 - httpx - INFO - HTTP Request: POST http://localhost:8002/api/beds/update "HTTP/1.1 201 Created"
2025-09-11 14:36:55,573 - __main__ - INFO - Updated general beds for hospital 9 to 398
2025-09-11 14:36:55,592 - httpx - INFO - HTTP Request: POST http://localhost:8002/api/beds/update "HTTP/1.1 201 Created"
2025-09-11 14:36:55,592 - __main__ - INFO - Updated icu beds for hospital 9 to 75
2025-09-11 14:36:55,605 - httpx - INFO - HTTP Request: GET http://localhost:8002/api/beds/current/10 "HTTP/1.1 200 OK"
2025-09-11 14:36:55,621 - httpx - INFO - HTTP Request: POST http://localhost:8002/api/beds/update "HTTP/1.1 201 Created"
2025-09-11 14:36:55,621 - __main__ - INFO - Updated general beds for hospital 10 to 1488
2025-09-11 14:36:55,632 - httpx - INFO - HTTP Request: GET http://localhost:8002/api/beds/current/11 "HTTP/1.1 200 OK"
2025-09-11 14:36:55,648 - httpx - INFO - HTTP Request: POST http://localhost:8002/api/beds/update "HTTP/1.1 201 Created"
2025-09-11 14:36:55,648 - __main__ - INFO - Updated icu beds for hospital 11 to 78
2025-09-11 14:36:55,661 - httpx - INFO - HTTP Request: GET http://localhost:8002/api/beds/current/12 "HTTP/1.1 200 OK"
2025-09-11 14:36:55,675 - httpx - INFO - HTTP Request: POST http://localhost:8002/api/beds/update "HTTP/1.1 201 Created"
2025-09-11 14:36:55,675 - __main__ - INFO - Updated icu beds for hospital 12 to 68
2025-09-11 14:36:55,689 - httpx - INFO - HTTP Request: GET http://localhost:8002/api/beds/current/13 "HTTP/1.1 200 OK"
2025-09-11 14:36:55,711 - httpx - INFO - HTTP Request: POST http://localhost:8002/api/beds/update "HTTP/1.1 201 Created"
2025-09-11 14:36:55,711 - __main__ - INFO - Updated general beds for hospital 13 to 247
2025-09-11 14:36:55,734 - httpx - INFO - HTTP Request: POST http://localhost:8002/api/beds/update "HTTP/1.1 201 Created"
2025-09-11 14:36:55,735 - __main__ - INFO - Updated icu beds for hospital 13 to 45
2025-09-11 14:36:55,750 - httpx - INFO - HTTP Request: GET http://localhost:8002/api/beds/current/14 "HTTP/1.1 200 OK"
2025-09-11 14:36:55,774 - httpx - INFO - HTTP Request: POST http://localhost:8002/api/beds/update "HTTP/1.1 201 Created"
2025-09-11 14:36:55,775 - __main__ - INFO - Updated general beds for hospital 14 to 598
2025-09-11 14:36:55,802 - httpx - INFO - HTTP Request: POST http://localhost:8002/api/beds/update "HTTP/1.1 201 Created"
2025-09-11 14:36:55,802 - __main__ - INFO - Updated icu beds for hospital 14 to 120
2025-09-11 14:36:55,818 - httpx - INFO - HTTP Request: GET http://localhost:8002/api/beds/current/15 "HTTP/1.1 200 OK"
2025-09-11 14:36:55,837 - httpx - INFO - HTTP Request: POST http://localhost:8002/api/beds/update "HTTP/1.1 201 Created"
2025-09-11 14:36:55,837 - __main__ - INFO - Updated icu beds for hospital 15 to 46
2025-09-11 14:36:55,853 - httpx - INFO - HTTP Request: GET http://localhost:8002/api/beds/current/16 "HTTP/1.1 200 OK"
2025-09-11 14:36:55,870 - httpx - INFO - HTTP Request: GET http://localhost:8002/api/beds/current/17 "HTTP/1.1 200 OK"
2025-09-11 14:36:55,895 - httpx - INFO - HTTP Request: POST http://localhost:8002/api/beds/update "HTTP/1.1 201 Created"
2025-09-11 14:36:55,897 - __main__ - INFO - Updated icu beds for hospital 17 to 11
2025-09-11 14:36:55,928 - httpx - INFO - HTTP Request: GET http://localhost:8002/api/beds/current/18 "HTTP/1.1 200 OK"
2025-09-11 14:36:55,980 - httpx - INFO - HTTP Request: POST http://localhost:8002/api/beds/update "HTTP/1.1 201 Created"
2025-09-11 14:36:55,980 - __main__ - INFO - Updated general beds for hospital 18 to 188
2025-09-11 14:36:56,001 - httpx - INFO - HTTP Request: POST http://localhost:8002/api/beds/update "HTTP/1.1 201 Created"
2025-09-11 14:36:56,001 - __main__ - INFO - Updated icu beds for hospital 18 to 31
2025-09-11 14:36:56,022 - httpx - INFO - HTTP Request: GET http://localhost:8002/api/beds/current/19 "HTTP/1.1 200 OK"
2025-09-11 14:36:56,047 - httpx - INFO - HTTP Request: POST http://localhost:8002/api/beds/update "HTTP/1.1 201 Created"
2025-09-11 14:36:56,047 - __main__ - INFO - Updated general beds for hospital 19 to 185
2025-09-11 14:36:56,076 - httpx - INFO - HTTP Request: POST http://localhost:8002/api/beds/update "HTTP/1.1 201 Created"
2025-09-11 14:36:56,077 - __main__ - INFO - Updated icu beds for hospital 19 to 38
2025-09-11 14:36:56,096 - httpx - INFO - HTTP Request: GET http://localhost:8002/api/beds/current/20 "HTTP/1.1 200 OK"
2025-09-11 14:36:56,198 - httpx - INFO - HTTP Request: POST http://localhost:8002/api/beds/update "HTTP/1.1 201 Created"
2025-09-11 14:36:56,198 - __main__ - INFO - Updated general beds for hospital 20 to 185
2025-09-11 14:36:56,215 - httpx - INFO - HTTP Request: POST http://localhost:8002/api/beds/update "HTTP/1.1 201 Created"
2025-09-11 14:36:56,215 - __main__ - INFO - Updated icu beds for hospital 20 to 38
2025-09-11 14:37:16,248 - httpx - INFO - HTTP Request: GET http://localhost:8002/api/beds/current/1 "HTTP/1.1 200 OK"
2025-09-11 14:37:16,267 - httpx - INFO - HTTP Request: POST http://localhost:8002/api/beds/update "HTTP/1.1 201 Created"
2025-09-11 14:37:16,268 - __main__ - INFO - Updated general beds for hospital 1 to 1000
2025-09-11 14:37:16,282 - httpx - INFO - HTTP Request: GET http://localhost:8002/api/beds/current/2 "HTTP/1.1 200 OK"
2025-09-11 14:37:16,298 - httpx - INFO - HTTP Request: GET http://localhost:8002/api/beds/current/3 "HTTP/1.1 200 OK"
2025-09-11 14:37:16,313 - httpx - INFO - HTTP Request: POST http://localhost:8002/api/beds/update "HTTP/1.1 201 Created"
2025-09-11 14:37:16,313 - __main__ - INFO - Updated general beds for hospital 3 to 274
2025-09-11 14:37:16,331 - httpx - INFO - HTTP Request: GET http://localhost:8002/api/beds/current/4 "HTTP/1.1 200 OK"
2025-09-11 14:37:16,347 - httpx - INFO - HTTP Request: POST http://localhost:8002/api/beds/update "HTTP/1.1 201 Created"
2025-09-11 14:37:16,347 - __main__ - INFO - Updated general beds for hospital 4 to 1137
2025-09-11 14:37:16,362 - httpx - INFO - HTTP Request: POST http://localhost:8002/api/beds/update "HTTP/1.1 201 Created"
2025-09-11 14:37:16,363 - __main__ - INFO - Updated icu beds for hospital 4 to 224
2025-09-11 14:37:16,378 - httpx - INFO - HTTP Request: GET http://localhost:8002/api/beds/current/5 "HTTP/1.1 200 OK"
2025-09-11 14:37:16,394 - httpx - INFO - HTTP Request: POST http://localhost:8002/api/beds/update "HTTP/1.1 201 Created"
2025-09-11 14:37:16,394 - __main__ - INFO - Updated general beds for hospital 5 to 986
2025-09-11 14:37:16,410 - httpx - INFO - HTTP Request: POST http://localhost:8002/api/beds/update "HTTP/1.1 201 Created"
2025-09-11 14:37:16,410 - __main__ - INFO - Updated icu beds for hospital 5 to 194
2025-09-11 14:37:16,423 - httpx - INFO - HTTP Request: GET http://localhost:8002/api/beds/current/6 "HTTP/1.1 200 OK"
2025-09-11 14:37:16,441 - httpx - INFO - HTTP Request: POST http://localhost:8002/api/beds/update "HTTP/1.1 201 Created"
2025-09-11 14:37:16,441 - __main__ - INFO - Updated general beds for hospital 6 to 500
2025-09-11 14:37:16,461 - httpx - INFO - HTTP Request: POST http://localhost:8002/api/beds/update "HTTP/1.1 201 Created"
2025-09-11 14:37:16,461 - __main__ - INFO - Updated icu beds for hospital 6 to 80
2025-09-11 14:37:16,478 - httpx - INFO - HTTP Request: GET http://localhost:8002/api/beds/current/7 "HTTP/1.1 200 OK"
2025-09-11 14:37:16,494 - httpx - INFO - HTTP Request: POST http://localhost:8002/api/beds/update "HTTP/1.1 201 Created"
2025-09-11 14:37:16,494 - __main__ - INFO - Updated general beds for hospital 7 to 492
2025-09-11 14:37:16,509 - httpx - INFO - HTTP Request: GET http://localhost:8002/api/beds/current/8 "HTTP/1.1 200 OK"
2025-09-11 14:37:16,529 - httpx - INFO - HTTP Request: POST http://localhost:8002/api/beds/update "HTTP/1.1 201 Created"
2025-09-11 14:37:16,529 - __main__ - INFO - Updated general beds for hospital 8 to 457
2025-09-11 14:37:16,551 - httpx - INFO - HTTP Request: POST http://localhost:8002/api/beds/update "HTTP/1.1 201 Created"
2025-09-11 14:37:16,551 - __main__ - INFO - Updated icu beds for hospital 8 to 83
2025-09-11 14:37:16,566 - httpx - INFO - HTTP Request: GET http://localhost:8002/api/beds/current/9 "HTTP/1.1 200 OK"
2025-09-11 14:37:16,585 - httpx - INFO - HTTP Request: POST http://localhost:8002/api/beds/update "HTTP/1.1 201 Created"
2025-09-11 14:37:16,585 - __main__ - INFO - Updated general beds for hospital 9 to 400
2025-09-11 14:37:16,601 - httpx - INFO - HTTP Request: POST http://localhost:8002/api/beds/update "HTTP/1.1 201 Created"
2025-09-11 14:37:16,601 - __main__ - INFO - Updated icu beds for hospital 9 to 74
2025-09-11 14:37:16,620 - httpx - INFO - HTTP Request: GET http://localhost:8002/api/beds/current/10 "HTTP/1.1 200 OK"
2025-09-11 14:37:16,636 - httpx - INFO - HTTP Request: POST http://localhost:8002/api/beds/update "HTTP/1.1 201 Created"
2025-09-11 14:37:16,636 - __main__ - INFO - Updated general beds for hospital 10 to 1490
2025-09-11 14:37:16,654 - httpx - INFO - HTTP Request: GET http://localhost:8002/api/beds/current/11 "HTTP/1.1 200 OK"
2025-09-11 14:37:16,669 - httpx - INFO - HTTP Request: POST http://localhost:8002/api/beds/update "HTTP/1.1 201 Created"
2025-09-11 14:37:16,669 - __main__ - INFO - Updated icu beds for hospital 11 to 77
2025-09-11 14:37:16,682 - httpx - INFO - HTTP Request: GET http://localhost:8002/api/beds/current/12 "HTTP/1.1 200 OK"
2025-09-11 14:37:16,700 - httpx - INFO - HTTP Request: POST http://localhost:8002/api/beds/update "HTTP/1.1 201 Created"
2025-09-11 14:37:16,701 - __main__ - INFO - Updated general beds for hospital 12 to 350
2025-09-11 14:37:16,719 - httpx - INFO - HTTP Request: GET http://localhost:8002/api/beds/current/13 "HTTP/1.1 200 OK"
2025-09-11 14:37:16,739 - httpx - INFO - HTTP Request: POST http://localhost:8002/api/beds/update "HTTP/1.1 201 Created"
2025-09-11 14:37:16,740 - __main__ - INFO - Updated general beds for hospital 13 to 248
2025-09-11 14:37:16,756 - httpx - INFO - HTTP Request: GET http://localhost:8002/api/beds/current/14 "HTTP/1.1 200 OK"
2025-09-11 14:37:16,781 - httpx - INFO - HTTP Request: POST http://localhost:8002/api/beds/update "HTTP/1.1 201 Created"
2025-09-11 14:37:16,782 - __main__ - INFO - Updated general beds for hospital 14 to 600
2025-09-11 14:37:16,808 - httpx - INFO - HTTP Request: POST http://localhost:8002/api/beds/update "HTTP/1.1 201 Created"
2025-09-11 14:37:16,808 - __main__ - INFO - Updated icu beds for hospital 14 to 119
2025-09-11 14:37:16,830 - httpx - INFO - HTTP Request: GET http://localhost:8002/api/beds/current/15 "HTTP/1.1 200 OK"
2025-09-11 14:37:16,858 - httpx - INFO - HTTP Request: POST http://localhost:8002/api/beds/update "HTTP/1.1 201 Created"
2025-09-11 14:37:16,858 - __main__ - INFO - Updated general beds for hospital 15 to 273
2025-09-11 14:37:16,880 - httpx - INFO - HTTP Request: GET http://localhost:8002/api/beds/current/16 "HTTP/1.1 200 OK"
2025-09-11 14:37:16,907 - httpx - INFO - HTTP Request: POST http://localhost:8002/api/beds/update "HTTP/1.1 201 Created"
2025-09-11 14:37:16,982 - __main__ - INFO - Updated icu beds for hospital 16 to 47
2025-09-11 14:37:17,033 - httpx - INFO - HTTP Request: GET http://localhost:8002/api/beds/current/17 "HTTP/1.1 200 OK"
2025-09-11 14:37:17,066 - httpx - INFO - HTTP Request: POST http://localhost:8002/api/beds/update "HTTP/1.1 201 Created"
2025-09-11 14:37:17,066 - __main__ - INFO - Updated general beds for hospital 17 to 88
2025-09-11 14:37:17,089 - httpx - INFO - HTTP Request: POST http://localhost:8002/api/beds/update "HTTP/1.1 201 Created"
2025-09-11 14:37:17,090 - __main__ - INFO - Updated icu beds for hospital 17 to 13
2025-09-11 14:37:17,108 - httpx - INFO - HTTP Request: GET http://localhost:8002/api/beds/current/18 "HTTP/1.1 200 OK"
2025-09-11 14:37:17,133 - httpx - INFO - HTTP Request: POST http://localhost:8002/api/beds/update "HTTP/1.1 201 Created"
2025-09-11 14:37:17,134 - __main__ - INFO - Updated general beds for hospital 18 to 185
2025-09-11 14:37:17,172 - httpx - INFO - HTTP Request: POST http://localhost:8002/api/beds/update "HTTP/1.1 201 Created"
2025-09-11 14:37:17,172 - __main__ - INFO - Updated icu beds for hospital 18 to 32
2025-09-11 14:37:17,186 - httpx - INFO - HTTP Request: GET http://localhost:8002/api/beds/current/19 "HTTP/1.1 200 OK"
2025-09-11 14:37:17,203 - httpx - INFO - HTTP Request: POST http://localhost:8002/api/beds/update "HTTP/1.1 201 Created"
2025-09-11 14:37:17,204 - __main__ - INFO - Updated general beds for hospital 19 to 187
2025-09-11 14:37:17,223 - httpx - INFO - HTTP Request: POST http://localhost:8002/api/beds/update "HTTP/1.1 201 Created"
2025-09-11 14:37:17,224 - __main__ - INFO - Updated icu beds for hospital 19 to 39
2025-09-11 14:37:17,238 - httpx - INFO - HTTP Request: GET http://localhost:8002/api/beds/current/20 "HTTP/1.1 200 OK"
2025-09-11 14:37:17,469 - httpx - INFO - HTTP Request: POST http://localhost:8002/api/beds/update "HTTP/1.1 201 Created"
2025-09-11 14:37:17,470 - __main__ - INFO - Updated general beds for hospital 20 to 187
2025-09-11 14:37:17,501 - httpx - INFO - HTTP Request: POST http://localhost:8002/api/beds/update "HTTP/1.1 201 Created"
2025-09-11 14:37:17,502 - __main__ - INFO - Updated icu beds for hospital 20 to 39
2025-09-11 14:37:37,535 - httpx - INFO - HTTP Request: GET http://localhost:8002/api/beds/current/1 "HTTP/1.1 200 OK"
2025-09-11 14:37:37,557 - httpx - INFO - HTTP Request: POST http://localhost:8002/api/beds/update "HTTP/1.1 201 Created"
2025-09-11 14:37:37,557 - __main__ - INFO - Updated general beds for hospital 1 to 998
2025-09-11 14:37:37,575 - httpx - INFO - HTTP Request: POST http://localhost:8002/api/beds/update "HTTP/1.1 201 Created"
2025-09-11 14:37:37,575 - __main__ - INFO - Updated icu beds for hospital 1 to 197
2025-09-11 14:37:37,590 - httpx - INFO - HTTP Request: GET http://localhost:8002/api/beds/current/2 "HTTP/1.1 200 OK"
2025-09-11 14:37:37,607 - httpx - INFO - HTTP Request: POST http://localhost:8002/api/beds/update "HTTP/1.1 201 Created"
2025-09-11 14:37:37,607 - __main__ - INFO - Updated general beds for hospital 2 to 683
2025-09-11 14:37:37,624 - httpx - INFO - HTTP Request: POST http://localhost:8002/api/beds/update "HTTP/1.1 201 Created"
2025-09-11 14:37:37,624 - __main__ - INFO - Updated icu beds for hospital 2 to 137
2025-09-11 14:37:37,638 - httpx - INFO - HTTP Request: GET http://localhost:8002/api/beds/current/3 "HTTP/1.1 200 OK"
2025-09-11 14:37:37,654 - httpx - INFO - HTTP Request: POST http://localhost:8002/api/beds/update "HTTP/1.1 201 Created"
2025-09-11 14:37:37,654 - __main__ - INFO - Updated general beds for hospital 3 to 272
2025-09-11 14:37:37,670 - httpx - INFO - HTTP Request: POST http://localhost:8002/api/beds/update "HTTP/1.1 201 Created"
2025-09-11 14:37:37,670 - __main__ - INFO - Updated icu beds for hospital 3 to 47
2025-09-11 14:37:37,689 - httpx - INFO - HTTP Request: GET http://localhost:8002/api/beds/current/4 "HTTP/1.1 200 OK"
2025-09-11 14:37:37,708 - httpx - INFO - HTTP Request: POST http://localhost:8002/api/beds/update "HTTP/1.1 201 Created"
2025-09-11 14:37:37,709 - __main__ - INFO - Updated general beds for hospital 4 to 1136
2025-09-11 14:37:37,739 - httpx - INFO - HTTP Request: POST http://localhost:8002/api/beds/update "HTTP/1.1 201 Created"
2025-09-11 14:37:37,739 - __main__ - INFO - Updated icu beds for hospital 4 to 226
2025-09-11 14:37:37,761 - httpx - INFO - HTTP Request: GET http://localhost:8002/api/beds/current/5 "HTTP/1.1 200 OK"
2025-09-11 14:37:37,781 - httpx - INFO - HTTP Request: POST http://localhost:8002/api/beds/update "HTTP/1.1 201 Created"
2025-09-11 14:37:37,781 - __main__ - INFO - Updated general beds for hospital 5 to 983
2025-09-11 14:37:37,800 - httpx - INFO - HTTP Request: POST http://localhost:8002/api/beds/update "HTTP/1.1 201 Created"
2025-09-11 14:37:37,800 - __main__ - INFO - Updated icu beds for hospital 5 to 193
2025-09-11 14:37:37,815 - httpx - INFO - HTTP Request: GET http://localhost:8002/api/beds/current/6 "HTTP/1.1 200 OK"
2025-09-11 14:37:37,835 - httpx - INFO - HTTP Request: POST http://localhost:8002/api/beds/update "HTTP/1.1 201 Created"
2025-09-11 14:37:37,835 - __main__ - INFO - Updated general beds for hospital 6 to 500
2025-09-11 14:37:37,855 - httpx - INFO - HTTP Request: POST http://localhost:8002/api/beds/update "HTTP/1.1 201 Created"
2025-09-11 14:37:37,856 - __main__ - INFO - Updated icu beds for hospital 6 to 81
2025-09-11 14:37:37,885 - httpx - INFO - HTTP Request: GET http://localhost:8002/api/beds/current/7 "HTTP/1.1 200 OK"
2025-09-11 14:37:37,949 - httpx - INFO - HTTP Request: POST http://localhost:8002/api/beds/update "HTTP/1.1 201 Created"
2025-09-11 14:37:37,949 - __main__ - INFO - Updated icu beds for hospital 7 to 97
2025-09-11 14:37:37,983 - httpx - INFO - HTTP Request: GET http://localhost:8002/api/beds/current/8 "HTTP/1.1 200 OK"
2025-09-11 14:37:38,054 - httpx - INFO - HTTP Request: POST http://localhost:8002/api/beds/update "HTTP/1.1 201 Created"
2025-09-11 14:37:38,054 - __main__ - INFO - Updated general beds for hospital 8 to 460
2025-09-11 14:37:38,096 - httpx - INFO - HTTP Request: GET http://localhost:8002/api/beds/current/9 "HTTP/1.1 200 OK"
2025-09-11 14:37:38,131 - httpx - INFO - HTTP Request: POST http://localhost:8002/api/beds/update "HTTP/1.1 201 Created"
2025-09-11 14:37:38,131 - __main__ - INFO - Updated general beds for hospital 9 to 400
2025-09-11 14:37:38,167 - httpx - INFO - HTTP Request: POST http://localhost:8002/api/beds/update "HTTP/1.1 201 Created"
2025-09-11 14:37:38,167 - __main__ - INFO - Updated icu beds for hospital 9 to 75
2025-09-11 14:37:38,198 - httpx - INFO - HTTP Request: GET http://localhost:8002/api/beds/current/10 "HTTP/1.1 200 OK"
2025-09-11 14:37:38,222 - httpx - INFO - HTTP Request: POST http://localhost:8002/api/beds/update "HTTP/1.1 201 Created"
2025-09-11 14:37:38,310 - __main__ - INFO - Updated general beds for hospital 10 to 1488
2025-09-11 14:37:38,331 - httpx - INFO - HTTP Request: POST http://localhost:8002/api/beds/update "HTTP/1.1 201 Created"
2025-09-11 14:37:38,331 - __main__ - INFO - Updated icu beds for hospital 10 to 298
2025-09-11 14:37:38,353 - httpx - INFO - HTTP Request: GET http://localhost:8002/api/beds/current/11 "HTTP/1.1 200 OK"
2025-09-11 14:37:38,378 - httpx - INFO - HTTP Request: POST http://localhost:8002/api/beds/update "HTTP/1.1 201 Created"
2025-09-11 14:37:38,378 - __main__ - INFO - Updated general beds for hospital 11 to 442
2025-09-11 14:37:38,400 - httpx - INFO - HTTP Request: GET http://localhost:8002/api/beds/current/12 "HTTP/1.1 200 OK"
2025-09-11 14:37:38,415 - httpx - INFO - HTTP Request: POST http://localhost:8002/api/beds/update "HTTP/1.1 201 Created"
2025-09-11 14:37:38,415 - __main__ - INFO - Updated general beds for hospital 12 to 350
2025-09-11 14:37:38,430 - httpx - INFO - HTTP Request: POST http://localhost:8002/api/beds/update "HTTP/1.1 201 Created"
2025-09-11 14:37:38,431 - __main__ - INFO - Updated icu beds for hospital 12 to 67
2025-09-11 14:37:38,444 - httpx - INFO - HTTP Request: GET http://localhost:8002/api/beds/current/13 "HTTP/1.1 200 OK"
2025-09-11 14:37:38,461 - httpx - INFO - HTTP Request: POST http://localhost:8002/api/beds/update "HTTP/1.1 201 Created"
2025-09-11 14:37:38,462 - __main__ - INFO - Updated icu beds for hospital 13 to 43
2025-09-11 14:37:38,477 - httpx - INFO - HTTP Request: GET http://localhost:8002/api/beds/current/14 "HTTP/1.1 200 OK"
2025-09-11 14:37:38,514 - httpx - INFO - HTTP Request: POST http://localhost:8002/api/beds/update "HTTP/1.1 201 Created"
2025-09-11 14:37:38,514 - __main__ - INFO - Updated general beds for hospital 14 to 598
2025-09-11 14:37:38,537 - httpx - INFO - HTTP Request: POST http://localhost:8002/api/beds/update "HTTP/1.1 201 Created"
2025-09-11 14:37:38,537 - __main__ - INFO - Updated icu beds for hospital 14 to 118
2025-09-11 14:37:38,564 - httpx - INFO - HTTP Request: GET http://localhost:8002/api/beds/current/15 "HTTP/1.1 200 OK"
2025-09-11 14:37:38,590 - httpx - INFO - HTTP Request: POST http://localhost:8002/api/beds/update "HTTP/1.1 201 Created"
2025-09-11 14:37:38,591 - __main__ - INFO - Updated general beds for hospital 15 to 276
2025-09-11 14:37:38,613 - httpx - INFO - HTTP Request: POST http://localhost:8002/api/beds/update "HTTP/1.1 201 Created"
2025-09-11 14:37:38,614 - __main__ - INFO - Updated icu beds for hospital 15 to 48
2025-09-11 14:37:38,643 - httpx - INFO - HTTP Request: GET http://localhost:8002/api/beds/current/16 "HTTP/1.1 200 OK"
2025-09-11 14:37:38,665 - httpx - INFO - HTTP Request: POST http://localhost:8002/api/beds/update "HTTP/1.1 201 Created"
2025-09-11 14:37:38,665 - __main__ - INFO - Updated general beds for hospital 16 to 280
2025-09-11 14:37:38,711 - httpx - INFO - HTTP Request: POST http://localhost:8002/api/beds/update "HTTP/1.1 201 Created"
2025-09-11 14:37:38,712 - __main__ - INFO - Updated icu beds for hospital 16 to 46
2025-09-11 14:37:38,746 - httpx - INFO - HTTP Request: GET http://localhost:8002/api/beds/current/17 "HTTP/1.1 200 OK"
2025-09-11 14:37:38,775 - httpx - INFO - HTTP Request: POST http://localhost:8002/api/beds/update "HTTP/1.1 201 Created"
2025-09-11 14:37:38,776 - __main__ - INFO - Updated general beds for hospital 17 to 90
2025-09-11 14:37:38,796 - httpx - INFO - HTTP Request: GET http://localhost:8002/api/beds/current/18 "HTTP/1.1 200 OK"
2025-09-11 14:37:38,823 - httpx - INFO - HTTP Request: POST http://localhost:8002/api/beds/update "HTTP/1.1 201 Created"
2025-09-11 14:37:38,825 - __main__ - INFO - Updated general beds for hospital 18 to 184
2025-09-11 14:37:38,865 - httpx - INFO - HTTP Request: POST http://localhost:8002/api/beds/update "HTTP/1.1 201 Created"
2025-09-11 14:37:38,866 - __main__ - INFO - Updated icu beds for hospital 18 to 30
2025-09-11 14:37:39,051 - httpx - INFO - HTTP Request: GET http://localhost:8002/api/beds/current/19 "HTTP/1.1 200 OK"
2025-09-11 14:37:39,113 - httpx - INFO - HTTP Request: POST http://localhost:8002/api/beds/update "HTTP/1.1 201 Created"
2025-09-11 14:37:39,114 - __main__ - INFO - Updated general beds for hospital 19 to 185
2025-09-11 14:37:39,135 - httpx - INFO - HTTP Request: POST http://localhost:8002/api/beds/update "HTTP/1.1 201 Created"
2025-09-11 14:37:39,135 - __main__ - INFO - Updated icu beds for hospital 19 to 40
2025-09-11 14:37:39,150 - httpx - INFO - HTTP Request: GET http://localhost:8002/api/beds/current/20 "HTTP/1.1 200 OK"
2025-09-11 14:37:39,167 - httpx - INFO - HTTP Request: POST http://localhost:8002/api/beds/update "HTTP/1.1 201 Created"
2025-09-11 14:37:39,167 - __main__ - INFO - Updated general beds for hospital 20 to 186
2025-09-11 14:37:39,185 - httpx - INFO - HTTP Request: POST http://localhost:8002/api/beds/update "HTTP/1.1 201 Created"
2025-09-11 14:37:39,185 - __main__ - INFO - Updated icu beds for hospital 20 to 40
2025-09-11 14:37:59,229 - httpx - INFO - HTTP Request: GET http://localhost:8002/api/beds/current/1 "HTTP/1.1 200 OK"
2025-09-11 14:37:59,247 - httpx - INFO - HTTP Request: POST http://localhost:8002/api/beds/update "HTTP/1.1 201 Created"
2025-09-11 14:37:59,248 - __main__ - INFO - Updated general beds for hospital 1 to 1000
2025-09-11 14:37:59,270 - httpx - INFO - HTTP Request: POST http://localhost:8002/api/beds/update "HTTP/1.1 201 Created"
2025-09-11 14:37:59,271 - __main__ - INFO - Updated icu beds for hospital 1 to 198
2025-09-11 14:37:59,297 - httpx - INFO - HTTP Request: GET http://localhost:8002/api/beds/current/2 "HTTP/1.1 200 OK"
2025-09-11 14:37:59,326 - httpx - INFO - HTTP Request: POST http://localhost:8002/api/beds/update "HTTP/1.1 201 Created"
2025-09-11 14:37:59,326 - __main__ - INFO - Updated general beds for hospital 2 to 684
2025-09-11 14:37:59,345 - httpx - INFO - HTTP Request: POST http://localhost:8002/api/beds/update "HTTP/1.1 201 Created"
2025-09-11 14:37:59,346 - __main__ - INFO - Updated icu beds for hospital 2 to 136
2025-09-11 14:37:59,362 - httpx - INFO - HTTP Request: GET http://localhost:8002/api/beds/current/3 "HTTP/1.1 200 OK"
2025-09-11 14:37:59,389 - httpx - INFO - HTTP Request: POST http://localhost:8002/api/beds/update "HTTP/1.1 201 Created"
2025-09-11 14:37:59,390 - __main__ - INFO - Updated general beds for hospital 3 to 270
2025-09-11 14:37:59,405 - httpx - INFO - HTTP Request: POST http://localhost:8002/api/beds/update "HTTP/1.1 201 Created"
2025-09-11 14:37:59,405 - __main__ - INFO - Updated icu beds for hospital 3 to 45
2025-09-11 14:37:59,416 - httpx - INFO - HTTP Request: GET http://localhost:8002/api/beds/current/4 "HTTP/1.1 200 OK"
2025-09-11 14:37:59,430 - httpx - INFO - HTTP Request: POST http://localhost:8002/api/beds/update "HTTP/1.1 201 Created"
2025-09-11 14:37:59,527 - __main__ - INFO - Updated general beds for hospital 4 to 1135
2025-09-11 14:37:59,546 - httpx - INFO - HTTP Request: POST http://localhost:8002/api/beds/update "HTTP/1.1 201 Created"
2025-09-11 14:37:59,547 - __main__ - INFO - Updated icu beds for hospital 4 to 227
2025-09-11 14:37:59,617 - httpx - INFO - HTTP Request: GET http://localhost:8002/api/beds/current/5 "HTTP/1.1 200 OK"
2025-09-11 14:37:59,715 - httpx - INFO - HTTP Request: POST http://localhost:8002/api/beds/update "HTTP/1.1 201 Created"
2025-09-11 14:37:59,716 - __main__ - INFO - Updated icu beds for hospital 5 to 195
2025-09-11 14:37:59,733 - httpx - INFO - HTTP Request: GET http://localhost:8002/api/beds/current/6 "HTTP/1.1 200 OK"
2025-09-11 14:37:59,766 - httpx - INFO - HTTP Request: POST http://localhost:8002/api/beds/update "HTTP/1.1 201 Created"
2025-09-11 14:37:59,767 - __main__ - INFO - Updated general beds for hospital 6 to 500
2025-09-11 14:37:59,783 - httpx - INFO - HTTP Request: GET http://localhost:8002/api/beds/current/7 "HTTP/1.1 200 OK"
2025-09-11 14:37:59,803 - httpx - INFO - HTTP Request: POST http://localhost:8002/api/beds/update "HTTP/1.1 201 Created"
2025-09-11 14:37:59,804 - __main__ - INFO - Updated general beds for hospital 7 to 494
2025-09-11 14:37:59,824 - httpx - INFO - HTTP Request: POST http://localhost:8002/api/beds/update "HTTP/1.1 201 Created"
2025-09-11 14:37:59,825 - __main__ - INFO - Updated icu beds for hospital 7 to 99
2025-09-11 14:37:59,846 - httpx - INFO - HTTP Request: GET http://localhost:8002/api/beds/current/8 "HTTP/1.1 200 OK"
2025-09-11 14:37:59,877 - httpx - INFO - HTTP Request: POST http://localhost:8002/api/beds/update "HTTP/1.1 201 Created"
2025-09-11 14:37:59,877 - __main__ - INFO - Updated general beds for hospital 8 to 457
2025-09-11 14:37:59,894 - httpx - INFO - HTTP Request: POST http://localhost:8002/api/beds/update "HTTP/1.1 201 Created"
2025-09-11 14:37:59,895 - __main__ - INFO - Updated icu beds for hospital 8 to 82
2025-09-11 14:37:59,910 - httpx - INFO - HTTP Request: GET http://localhost:8002/api/beds/current/9 "HTTP/1.1 200 OK"
2025-09-11 14:37:59,927 - httpx - INFO - HTTP Request: POST http://localhost:8002/api/beds/update "HTTP/1.1 201 Created"
2025-09-11 14:37:59,927 - __main__ - INFO - Updated general beds for hospital 9 to 397
2025-09-11 14:37:59,943 - httpx - INFO - HTTP Request: POST http://localhost:8002/api/beds/update "HTTP/1.1 201 Created"
2025-09-11 14:37:59,943 - __main__ - INFO - Updated icu beds for hospital 9 to 74
2025-09-11 14:37:59,965 - httpx - INFO - HTTP Request: GET http://localhost:8002/api/beds/current/10 "HTTP/1.1 200 OK"
2025-09-11 14:37:59,984 - httpx - INFO - HTTP Request: POST http://localhost:8002/api/beds/update "HTTP/1.1 201 Created"
2025-09-11 14:37:59,984 - __main__ - INFO - Updated general beds for hospital 10 to 1487
2025-09-11 14:38:00,003 - httpx - INFO - HTTP Request: POST http://localhost:8002/api/beds/update "HTTP/1.1 201 Created"
2025-09-11 14:38:00,004 - __main__ - INFO - Updated icu beds for hospital 10 to 300
2025-09-11 14:38:00,029 - httpx - INFO - HTTP Request: GET http://localhost:8002/api/beds/current/11 "HTTP/1.1 200 OK"
2025-09-11 14:38:00,051 - httpx - INFO - HTTP Request: POST http://localhost:8002/api/beds/update "HTTP/1.1 201 Created"
2025-09-11 14:38:00,051 - __main__ - INFO - Updated general beds for hospital 11 to 443
2025-09-11 14:38:00,065 - httpx - INFO - HTTP Request: GET http://localhost:8002/api/beds/current/12 "HTTP/1.1 200 OK"
2025-09-11 14:38:00,080 - httpx - INFO - HTTP Request: POST http://localhost:8002/api/beds/update "HTTP/1.1 201 Created"
2025-09-11 14:38:00,080 - __main__ - INFO - Updated general beds for hospital 12 to 348
2025-09-11 14:38:00,095 - httpx - INFO - HTTP Request: POST http://localhost:8002/api/beds/update "HTTP/1.1 201 Created"
2025-09-11 14:38:00,096 - __main__ - INFO - Updated icu beds for hospital 12 to 66
2025-09-11 14:38:00,109 - httpx - INFO - HTTP Request: GET http://localhost:8002/api/beds/current/13 "HTTP/1.1 200 OK"
2025-09-11 14:38:00,127 - httpx - INFO - HTTP Request: POST http://localhost:8002/api/beds/update "HTTP/1.1 201 Created"
2025-09-11 14:38:00,127 - __main__ - INFO - Updated general beds for hospital 13 to 249
2025-09-11 14:38:00,142 - httpx - INFO - HTTP Request: POST http://localhost:8002/api/beds/update "HTTP/1.1 201 Created"
2025-09-11 14:38:00,143 - __main__ - INFO - Updated icu beds for hospital 13 to 45
2025-09-11 14:38:00,157 - httpx - INFO - HTTP Request: GET http://localhost:8002/api/beds/current/14 "HTTP/1.1 200 OK"
2025-09-11 14:38:00,175 - httpx - INFO - HTTP Request: POST http://localhost:8002/api/beds/update "HTTP/1.1 201 Created"
2025-09-11 14:38:00,176 - __main__ - INFO - Updated general beds for hospital 14 to 597
2025-09-11 14:38:00,192 - httpx - INFO - HTTP Request: POST http://localhost:8002/api/beds/update "HTTP/1.1 201 Created"
2025-09-11 14:38:00,192 - __main__ - INFO - Updated icu beds for hospital 14 to 120
2025-09-11 14:38:00,206 - httpx - INFO - HTTP Request: GET http://localhost:8002/api/beds/current/15 "HTTP/1.1 200 OK"
2025-09-11 14:38:00,221 - httpx - INFO - HTTP Request: POST http://localhost:8002/api/beds/update "HTTP/1.1 201 Created"
2025-09-11 14:38:00,221 - __main__ - INFO - Updated general beds for hospital 15 to 276
2025-09-11 14:38:00,241 - httpx - INFO - HTTP Request: POST http://localhost:8002/api/beds/update "HTTP/1.1 201 Created"
2025-09-11 14:38:00,241 - __main__ - INFO - Updated icu beds for hospital 15 to 49
2025-09-11 14:38:00,257 - httpx - INFO - HTTP Request: GET http://localhost:8002/api/beds/current/16 "HTTP/1.1 200 OK"
2025-09-11 14:38:00,276 - httpx - INFO - HTTP Request: POST http://localhost:8002/api/beds/update "HTTP/1.1 201 Created"
2025-09-11 14:38:00,276 - __main__ - INFO - Updated icu beds for hospital 16 to 48
2025-09-11 14:38:00,290 - httpx - INFO - HTTP Request: GET http://localhost:8002/api/beds/current/17 "HTTP/1.1 200 OK"
2025-09-11 14:38:00,305 - httpx - INFO - HTTP Request: POST http://localhost:8002/api/beds/update "HTTP/1.1 201 Created"
2025-09-11 14:38:00,306 - __main__ - INFO - Updated general beds for hospital 17 to 90
2025-09-11 14:38:00,322 - httpx - INFO - HTTP Request: POST http://localhost:8002/api/beds/update "HTTP/1.1 201 Created"
2025-09-11 14:38:00,322 - __main__ - INFO - Updated icu beds for hospital 17 to 12
2025-09-11 14:38:00,336 - httpx - INFO - HTTP Request: GET http://localhost:8002/api/beds/current/18 "HTTP/1.1 200 OK"
2025-09-11 14:38:00,354 - httpx - INFO - HTTP Request: POST http://localhost:8002/api/beds/update "HTTP/1.1 201 Created"
2025-09-11 14:38:00,354 - __main__ - INFO - Updated general beds for hospital 18 to 182
2025-09-11 14:38:00,372 - httpx - INFO - HTTP Request: POST http://localhost:8002/api/beds/update "HTTP/1.1 201 Created"
2025-09-11 14:38:00,417 - __main__ - INFO - Updated icu beds for hospital 18 to 31
2025-09-11 14:38:00,428 - httpx - INFO - HTTP Request: GET http://localhost:8002/api/beds/current/19 "HTTP/1.1 200 OK"
2025-09-11 14:38:00,445 - httpx - INFO - HTTP Request: POST http://localhost:8002/api/beds/update "HTTP/1.1 201 Created"
2025-09-11 14:38:00,445 - __main__ - INFO - Updated general beds for hospital 19 to 182
2025-09-11 14:38:00,459 - httpx - INFO - HTTP Request: POST http://localhost:8002/api/beds/update "HTTP/1.1 201 Created"
2025-09-11 14:38:00,460 - __main__ - INFO - Updated icu beds for hospital 19 to 39
2025-09-11 14:38:00,471 - httpx - INFO - HTTP Request: GET http://localhost:8002/api/beds/current/20 "HTTP/1.1 200 OK"
2025-09-11 14:38:00,485 - httpx - INFO - HTTP Request: POST http://localhost:8002/api/beds/update "HTTP/1.1 201 Created"
2025-09-11 14:38:00,485 - __main__ - INFO - Updated general beds for hospital 20 to 184
2025-09-11 14:38:00,501 - httpx - INFO - HTTP Request: POST http://localhost:8002/api/beds/update "HTTP/1.1 201 Created"
2025-09-11 14:38:00,501 - __main__ - INFO - Updated icu beds for hospital 20 to 39
2025-09-11 14:38:20,531 - httpx - INFO - HTTP Request: GET http://localhost:8002/api/beds/current/1 "HTTP/1.1 200 OK"
2025-09-11 14:38:20,553 - httpx - INFO - HTTP Request: POST http://localhost:8002/api/beds/update "HTTP/1.1 201 Created"
2025-09-11 14:38:20,554 - __main__ - INFO - Updated general beds for hospital 1 to 1000
2025-09-11 14:38:20,570 - httpx - INFO - HTTP Request: GET http://localhost:8002/api/beds/current/2 "HTTP/1.1 200 OK"
2025-09-11 14:38:20,585 - httpx - INFO - HTTP Request: POST http://localhost:8002/api/beds/update "HTTP/1.1 201 Created"
2025-09-11 14:38:20,586 - __main__ - INFO - Updated general beds for hospital 2 to 685
2025-09-11 14:38:20,603 - httpx - INFO - HTTP Request: POST http://localhost:8002/api/beds/update "HTTP/1.1 201 Created"
2025-09-11 14:38:20,603 - __main__ - INFO - Updated icu beds for hospital 2 to 134
2025-09-11 14:38:20,626 - httpx - INFO - HTTP Request: GET http://localhost:8002/api/beds/current/3 "HTTP/1.1 200 OK"
2025-09-11 14:38:20,647 - httpx - INFO - HTTP Request: POST http://localhost:8002/api/beds/update "HTTP/1.1 201 Created"
2025-09-11 14:38:20,647 - __main__ - INFO - Updated general beds for hospital 3 to 269
2025-09-11 14:38:20,664 - httpx - INFO - HTTP Request: POST http://localhost:8002/api/beds/update "HTTP/1.1 201 Created"
2025-09-11 14:38:20,664 - __main__ - INFO - Updated icu beds for hospital 3 to 43
2025-09-11 14:38:20,680 - httpx - INFO - HTTP Request: GET http://localhost:8002/api/beds/current/4 "HTTP/1.1 200 OK"
2025-09-11 14:38:20,704 - httpx - INFO - HTTP Request: POST http://localhost:8002/api/beds/update "HTTP/1.1 201 Created"
2025-09-11 14:38:20,706 - __main__ - INFO - Updated general beds for hospital 4 to 1137
2025-09-11 14:38:20,727 - httpx - INFO - HTTP Request: POST http://localhost:8002/api/beds/update "HTTP/1.1 201 Created"
2025-09-11 14:38:20,727 - __main__ - INFO - Updated icu beds for hospital 4 to 226
2025-09-11 14:38:20,881 - httpx - INFO - HTTP Request: GET http://localhost:8002/api/beds/current/5 "HTTP/1.1 200 OK"
2025-09-11 14:38:20,920 - httpx - INFO - HTTP Request: POST http://localhost:8002/api/beds/update "HTTP/1.1 201 Created"
2025-09-11 14:38:20,920 - __main__ - INFO - Updated general beds for hospital 5 to 986
2025-09-11 14:38:20,944 - httpx - INFO - HTTP Request: POST http://localhost:8002/api/beds/update "HTTP/1.1 201 Created"
2025-09-11 14:38:20,945 - __main__ - INFO - Updated icu beds for hospital 5 to 193
2025-09-11 14:38:20,964 - httpx - INFO - HTTP Request: GET http://localhost:8002/api/beds/current/6 "HTTP/1.1 200 OK"
2025-09-11 14:38:20,979 - httpx - INFO - HTTP Request: POST http://localhost:8002/api/beds/update "HTTP/1.1 201 Created"
2025-09-11 14:38:20,979 - __main__ - INFO - Updated icu beds for hospital 6 to 80
2025-09-11 14:38:20,995 - httpx - INFO - HTTP Request: GET http://localhost:8002/api/beds/current/7 "HTTP/1.1 200 OK"
2025-09-11 14:38:21,017 - httpx - INFO - HTTP Request: POST http://localhost:8002/api/beds/update "HTTP/1.1 201 Created"
2025-09-11 14:38:21,017 - __main__ - INFO - Updated general beds for hospital 7 to 491
2025-09-11 14:38:21,040 - httpx - INFO - HTTP Request: POST http://localhost:8002/api/beds/update "HTTP/1.1 201 Created"
2025-09-11 14:38:21,040 - __main__ - INFO - Updated icu beds for hospital 7 to 100
2025-09-11 14:38:21,066 - httpx - INFO - HTTP Request: GET http://localhost:8002/api/beds/current/8 "HTTP/1.1 200 OK"
2025-09-11 14:38:21,087 - httpx - INFO - HTTP Request: POST http://localhost:8002/api/beds/update "HTTP/1.1 201 Created"
2025-09-11 14:38:21,087 - __main__ - INFO - Updated icu beds for hospital 8 to 83
2025-09-11 14:38:21,106 - httpx - INFO - HTTP Request: GET http://localhost:8002/api/beds/current/9 "HTTP/1.1 200 OK"
2025-09-11 14:38:21,124 - httpx - INFO - HTTP Request: POST http://localhost:8002/api/beds/update "HTTP/1.1 201 Created"
2025-09-11 14:38:21,125 - __main__ - INFO - Updated icu beds for hospital 9 to 75
2025-09-11 14:38:21,141 - httpx - INFO - HTTP Request: GET http://localhost:8002/api/beds/current/10 "HTTP/1.1 200 OK"
2025-09-11 14:38:21,159 - httpx - INFO - HTTP Request: POST http://localhost:8002/api/beds/update "HTTP/1.1 201 Created"
2025-09-11 14:38:21,160 - __main__ - INFO - Updated icu beds for hospital 10 to 299
2025-09-11 14:38:21,174 - httpx - INFO - HTTP Request: GET http://localhost:8002/api/beds/current/11 "HTTP/1.1 200 OK"
2025-09-11 14:38:21,193 - httpx - INFO - HTTP Request: POST http://localhost:8002/api/beds/update "HTTP/1.1 201 Created"
2025-09-11 14:38:21,193 - __main__ - INFO - Updated icu beds for hospital 11 to 75
2025-09-11 14:38:21,209 - httpx - INFO - HTTP Request: GET http://localhost:8002/api/beds/current/12 "HTTP/1.1 200 OK"
2025-09-11 14:38:21,231 - httpx - INFO - HTTP Request: POST http://localhost:8002/api/beds/update "HTTP/1.1 201 Created"
2025-09-11 14:38:21,231 - __main__ - INFO - Updated general beds for hospital 12 to 347
2025-09-11 14:38:21,247 - httpx - INFO - HTTP Request: POST http://localhost:8002/api/beds/update "HTTP/1.1 201 Created"
2025-09-11 14:38:21,247 - __main__ - INFO - Updated icu beds for hospital 12 to 65
2025-09-11 14:38:21,263 - httpx - INFO - HTTP Request: GET http://localhost:8002/api/beds/current/13 "HTTP/1.1 200 OK"
2025-09-11 14:38:21,285 - httpx - INFO - HTTP Request: POST http://localhost:8002/api/beds/update "HTTP/1.1 201 Created"
2025-09-11 14:38:21,285 - __main__ - INFO - Updated icu beds for hospital 13 to 43
2025-09-11 14:38:21,301 - httpx - INFO - HTTP Request: GET http://localhost:8002/api/beds/current/14 "HTTP/1.1 200 OK"
2025-09-11 14:38:21,386 - httpx - INFO - HTTP Request: POST http://localhost:8002/api/beds/update "HTTP/1.1 201 Created"
2025-09-11 14:38:21,387 - __main__ - INFO - Updated general beds for hospital 14 to 596
2025-09-11 14:38:21,403 - httpx - INFO - HTTP Request: POST http://localhost:8002/api/beds/update "HTTP/1.1 201 Created"
2025-09-11 14:38:21,403 - __main__ - INFO - Updated icu beds for hospital 14 to 121
2025-09-11 14:38:21,416 - httpx - INFO - HTTP Request: GET http://localhost:8002/api/beds/current/15 "HTTP/1.1 200 OK"
2025-09-11 14:38:21,440 - httpx - INFO - HTTP Request: POST http://localhost:8002/api/beds/update "HTTP/1.1 201 Created"
2025-09-11 14:38:21,441 - __main__ - INFO - Updated general beds for hospital 15 to 275
2025-09-11 14:38:21,469 - httpx - INFO - HTTP Request: POST http://localhost:8002/api/beds/update "HTTP/1.1 201 Created"
2025-09-11 14:38:21,469 - __main__ - INFO - Updated icu beds for hospital 15 to 47
2025-09-11 14:38:21,489 - httpx - INFO - HTTP Request: GET http://localhost:8002/api/beds/current/16 "HTTP/1.1 200 OK"
2025-09-11 14:38:21,505 - httpx - INFO - HTTP Request: POST http://localhost:8002/api/beds/update "HTTP/1.1 201 Created"
2025-09-11 14:38:21,505 - __main__ - INFO - Updated general beds for hospital 16 to 277
2025-09-11 14:38:21,526 - httpx - INFO - HTTP Request: POST http://localhost:8002/api/beds/update "HTTP/1.1 201 Created"
2025-09-11 14:38:21,527 - __main__ - INFO - Updated icu beds for hospital 16 to 47
2025-09-11 14:38:21,541 - httpx - INFO - HTTP Request: GET http://localhost:8002/api/beds/current/17 "HTTP/1.1 200 OK"
2025-09-11 14:38:21,566 - httpx - INFO - HTTP Request: POST http://localhost:8002/api/beds/update "HTTP/1.1 201 Created"
2025-09-11 14:38:21,567 - __main__ - INFO - Updated general beds for hospital 17 to 88
2025-09-11 14:38:21,589 - httpx - INFO - HTTP Request: POST http://localhost:8002/api/beds/update "HTTP/1.1 201 Created"
2025-09-11 14:38:21,589 - __main__ - INFO - Updated icu beds for hospital 17 to 11
2025-09-11 14:38:21,603 - httpx - INFO - HTTP Request: GET http://localhost:8002/api/beds/current/18 "HTTP/1.1 200 OK"
2025-09-11 14:38:21,621 - httpx - INFO - HTTP Request: POST http://localhost:8002/api/beds/update "HTTP/1.1 201 Created"
2025-09-11 14:38:21,621 - __main__ - INFO - Updated icu beds for hospital 18 to 33
2025-09-11 14:38:21,635 - httpx - INFO - HTTP Request: GET http://localhost:8002/api/beds/current/19 "HTTP/1.1 200 OK"
2025-09-11 14:38:21,648 - httpx - INFO - HTTP Request: POST http://localhost:8002/api/beds/update "HTTP/1.1 201 Created"
2025-09-11 14:38:21,649 - __main__ - INFO - Updated general beds for hospital 19 to 180
2025-09-11 14:38:21,666 - httpx - INFO - HTTP Request: POST http://localhost:8002/api/beds/update "HTTP/1.1 201 Created"
2025-09-11 14:38:21,666 - __main__ - INFO - Updated icu beds for hospital 19 to 40
2025-09-11 14:38:21,678 - httpx - INFO - HTTP Request: GET http://localhost:8002/api/beds/current/20 "HTTP/1.1 200 OK"
2025-09-11 14:38:21,693 - httpx - INFO - HTTP Request: POST http://localhost:8002/api/beds/update "HTTP/1.1 201 Created"
2025-09-11 14:38:21,693 - __main__ - INFO - Updated general beds for hospital 20 to 185
2025-09-11 14:38:41,726 - httpx - INFO - HTTP Request: GET http://localhost:8002/api/beds/current/1 "HTTP/1.1 200 OK"
2025-09-11 14:38:41,741 - httpx - INFO - HTTP Request: POST http://localhost:8002/api/beds/update "HTTP/1.1 201 Created"
2025-09-11 14:38:41,741 - __main__ - INFO - Updated general beds for hospital 1 to 999
2025-09-11 14:38:41,756 - httpx - INFO - HTTP Request: POST http://localhost:8002/api/beds/update "HTTP/1.1 201 Created"
2025-09-11 14:38:41,757 - __main__ - INFO - Updated icu beds for hospital 1 to 197
2025-09-11 14:38:41,768 - httpx - INFO - HTTP Request: GET http://localhost:8002/api/beds/current/2 "HTTP/1.1 200 OK"
2025-09-11 14:38:41,782 - httpx - INFO - HTTP Request: POST http://localhost:8002/api/beds/update "HTTP/1.1 201 Created"
2025-09-11 14:38:41,783 - __main__ - INFO - Updated general beds for hospital 2 to 686
2025-09-11 14:38:41,807 - httpx - INFO - HTTP Request: POST http://localhost:8002/api/beds/update "HTTP/1.1 201 Created"
2025-09-11 14:38:41,808 - __main__ - INFO - Updated icu beds for hospital 2 to 133
2025-09-11 14:38:41,820 - httpx - INFO - HTTP Request: GET http://localhost:8002/api/beds/current/3 "HTTP/1.1 200 OK"
2025-09-11 14:38:41,842 - httpx - INFO - HTTP Request: POST http://localhost:8002/api/beds/update "HTTP/1.1 201 Created"
2025-09-11 14:38:41,843 - __main__ - INFO - Updated general beds for hospital 3 to 268
2025-09-11 14:38:41,861 - httpx - INFO - HTTP Request: POST http://localhost:8002/api/beds/update "HTTP/1.1 201 Created"
2025-09-11 14:38:41,861 - __main__ - INFO - Updated icu beds for hospital 3 to 44
2025-09-11 14:38:41,877 - httpx - INFO - HTTP Request: GET http://localhost:8002/api/beds/current/4 "HTTP/1.1 200 OK"
2025-09-11 14:38:41,894 - httpx - INFO - HTTP Request: POST http://localhost:8002/api/beds/update "HTTP/1.1 201 Created"
2025-09-11 14:38:41,894 - __main__ - INFO - Updated general beds for hospital 4 to 1138
2025-09-11 14:38:41,910 - httpx - INFO - HTTP Request: POST http://localhost:8002/api/beds/update "HTTP/1.1 201 Created"
2025-09-11 14:38:41,910 - __main__ - INFO - Updated icu beds for hospital 4 to 227
2025-09-11 14:38:41,922 - httpx - INFO - HTTP Request: GET http://localhost:8002/api/beds/current/5 "HTTP/1.1 200 OK"
2025-09-11 14:38:41,936 - httpx - INFO - HTTP Request: POST http://localhost:8002/api/beds/update "HTTP/1.1 201 Created"
2025-09-11 14:38:41,936 - __main__ - INFO - Updated general beds for hospital 5 to 983
2025-09-11 14:38:41,952 - httpx - INFO - HTTP Request: POST http://localhost:8002/api/beds/update "HTTP/1.1 201 Created"
2025-09-11 14:38:41,952 - __main__ - INFO - Updated icu beds for hospital 5 to 194
2025-09-11 14:38:41,964 - httpx - INFO - HTTP Request: GET http://localhost:8002/api/beds/current/6 "HTTP/1.1 200 OK"
2025-09-11 14:38:41,981 - httpx - INFO - HTTP Request: POST http://localhost:8002/api/beds/update "HTTP/1.1 201 Created"
2025-09-11 14:38:41,981 - __main__ - INFO - Updated icu beds for hospital 6 to 78
2025-09-11 14:38:41,994 - httpx - INFO - HTTP Request: GET http://localhost:8002/api/beds/current/7 "HTTP/1.1 200 OK"
2025-09-11 14:38:42,012 - httpx - INFO - HTTP Request: POST http://localhost:8002/api/beds/update "HTTP/1.1 201 Created"
2025-09-11 14:38:42,013 - __main__ - INFO - Updated general beds for hospital 7 to 492
2025-09-11 14:38:42,028 - httpx - INFO - HTTP Request: POST http://localhost:8002/api/beds/update "HTTP/1.1 201 Created"
2025-09-11 14:38:42,028 - __main__ - INFO - Updated icu beds for hospital 7 to 100
2025-09-11 14:38:42,041 - httpx - INFO - HTTP Request: GET http://localhost:8002/api/beds/current/8 "HTTP/1.1 200 OK"
2025-09-11 14:38:42,113 - httpx - INFO - HTTP Request: POST http://localhost:8002/api/beds/update "HTTP/1.1 201 Created"
2025-09-11 14:38:42,113 - __main__ - INFO - Updated general beds for hospital 8 to 456
2025-09-11 14:38:42,141 - httpx - INFO - HTTP Request: POST http://localhost:8002/api/beds/update "HTTP/1.1 201 Created"
2025-09-11 14:38:42,142 - __main__ - INFO - Updated icu beds for hospital 8 to 81
2025-09-11 14:38:42,160 - httpx - INFO - HTTP Request: GET http://localhost:8002/api/beds/current/9 "HTTP/1.1 200 OK"
2025-09-11 14:38:42,178 - httpx - INFO - HTTP Request: POST http://localhost:8002/api/beds/update "HTTP/1.1 201 Created"
2025-09-11 14:38:42,179 - __main__ - INFO - Updated general beds for hospital 9 to 400
2025-09-11 14:38:42,201 - httpx - INFO - HTTP Request: POST http://localhost:8002/api/beds/update "HTTP/1.1 201 Created"
2025-09-11 14:38:42,201 - __main__ - INFO - Updated icu beds for hospital 9 to 74
2025-09-11 14:38:42,219 - httpx - INFO - HTTP Request: GET http://localhost:8002/api/beds/current/10 "HTTP/1.1 200 OK"
2025-09-11 14:38:42,241 - httpx - INFO - HTTP Request: POST http://localhost:8002/api/beds/update "HTTP/1.1 201 Created"
2025-09-11 14:38:42,242 - __main__ - INFO - Updated icu beds for hospital 10 to 300
2025-09-11 14:38:42,263 - httpx - INFO - HTTP Request: GET http://localhost:8002/api/beds/current/11 "HTTP/1.1 200 OK"
2025-09-11 14:38:42,285 - httpx - INFO - HTTP Request: POST http://localhost:8002/api/beds/update "HTTP/1.1 201 Created"
2025-09-11 14:38:42,285 - __main__ - INFO - Updated general beds for hospital 11 to 445
2025-09-11 14:38:42,301 - httpx - INFO - HTTP Request: POST http://localhost:8002/api/beds/update "HTTP/1.1 201 Created"
2025-09-11 14:38:42,301 - __main__ - INFO - Updated icu beds for hospital 11 to 74
2025-09-11 14:38:42,318 - httpx - INFO - HTTP Request: GET http://localhost:8002/api/beds/current/12 "HTTP/1.1 200 OK"
2025-09-11 14:38:42,335 - httpx - INFO - HTTP Request: POST http://localhost:8002/api/beds/update "HTTP/1.1 201 Created"
2025-09-11 14:38:42,335 - __main__ - INFO - Updated general beds for hospital 12 to 350
2025-09-11 14:38:42,358 - httpx - INFO - HTTP Request: POST http://localhost:8002/api/beds/update "HTTP/1.1 201 Created"
2025-09-11 14:38:42,358 - __main__ - INFO - Updated icu beds for hospital 12 to 63
2025-09-11 14:38:42,542 - httpx - INFO - HTTP Request: GET http://localhost:8002/api/beds/current/13 "HTTP/1.1 200 OK"
2025-09-11 14:38:42,601 - httpx - INFO - HTTP Request: POST http://localhost:8002/api/beds/update "HTTP/1.1 201 Created"
2025-09-11 14:38:42,601 - __main__ - INFO - Updated general beds for hospital 13 to 250
2025-09-11 14:38:42,623 - httpx - INFO - HTTP Request: POST http://localhost:8002/api/beds/update "HTTP/1.1 201 Created"
2025-09-11 14:38:42,623 - __main__ - INFO - Updated icu beds for hospital 13 to 45
2025-09-11 14:38:42,639 - httpx - INFO - HTTP Request: GET http://localhost:8002/api/beds/current/14 "HTTP/1.1 200 OK"
2025-09-11 14:38:42,654 - httpx - INFO - HTTP Request: POST http://localhost:8002/api/beds/update "HTTP/1.1 201 Created"
2025-09-11 14:38:42,654 - __main__ - INFO - Updated general beds for hospital 14 to 598
2025-09-11 14:38:42,667 - httpx - INFO - HTTP Request: GET http://localhost:8002/api/beds/current/15 "HTTP/1.1 200 OK"
2025-09-11 14:38:42,684 - httpx - INFO - HTTP Request: POST http://localhost:8002/api/beds/update "HTTP/1.1 201 Created"
2025-09-11 14:38:42,684 - __main__ - INFO - Updated general beds for hospital 15 to 276
2025-09-11 14:38:42,703 - httpx - INFO - HTTP Request: POST http://localhost:8002/api/beds/update "HTTP/1.1 201 Created"
2025-09-11 14:38:42,703 - __main__ - INFO - Updated icu beds for hospital 15 to 49
2025-09-11 14:38:42,720 - httpx - INFO - HTTP Request: GET http://localhost:8002/api/beds/current/16 "HTTP/1.1 200 OK"
2025-09-11 14:38:42,740 - httpx - INFO - HTTP Request: POST http://localhost:8002/api/beds/update "HTTP/1.1 201 Created"
2025-09-11 14:38:42,741 - __main__ - INFO - Updated general beds for hospital 16 to 278
2025-09-11 14:38:42,770 - httpx - INFO - HTTP Request: POST http://localhost:8002/api/beds/update "HTTP/1.1 201 Created"
2025-09-11 14:38:42,771 - __main__ - INFO - Updated icu beds for hospital 16 to 48
2025-09-11 14:38:42,788 - httpx - INFO - HTTP Request: GET http://localhost:8002/api/beds/current/17 "HTTP/1.1 200 OK"
2025-09-11 14:38:42,810 - httpx - INFO - HTTP Request: POST http://localhost:8002/api/beds/update "HTTP/1.1 201 Created"
2025-09-11 14:38:42,811 - __main__ - INFO - Updated general beds for hospital 17 to 87
2025-09-11 14:38:42,834 - httpx - INFO - HTTP Request: POST http://localhost:8002/api/beds/update "HTTP/1.1 201 Created"
2025-09-11 14:38:42,834 - __main__ - INFO - Updated icu beds for hospital 17 to 13
2025-09-11 14:38:42,865 - httpx - INFO - HTTP Request: GET http://localhost:8002/api/beds/current/18 "HTTP/1.1 200 OK"
2025-09-11 14:38:42,894 - httpx - INFO - HTTP Request: POST http://localhost:8002/api/beds/update "HTTP/1.1 201 Created"
2025-09-11 14:38:42,894 - __main__ - INFO - Updated general beds for hospital 18 to 185
2025-09-11 14:38:42,925 - httpx - INFO - HTTP Request: POST http://localhost:8002/api/beds/update "HTTP/1.1 201 Created"
2025-09-11 14:38:42,926 - __main__ - INFO - Updated icu beds for hospital 18 to 32
2025-09-11 14:38:42,945 - httpx - INFO - HTTP Request: GET http://localhost:8002/api/beds/current/19 "HTTP/1.1 200 OK"
2025-09-11 14:38:42,968 - httpx - INFO - HTTP Request: POST http://localhost:8002/api/beds/update "HTTP/1.1 201 Created"
2025-09-11 14:38:42,968 - __main__ - INFO - Updated general beds for hospital 19 to 177
2025-09-11 14:38:42,998 - httpx - INFO - HTTP Request: GET http://localhost:8002/api/beds/current/20 "HTTP/1.1 200 OK"
2025-09-11 14:41:11,219 - httpx - INFO - HTTP Request: GET http://localhost:8002/hospitals/ "HTTP/1.1 200 OK"
2025-09-11 14:41:11,220 - __main__ - INFO - Starting bed simulation for hospitals: [1, 2, 3, 4, 5, 6, 7, 8, 9, 10, 11, 12, 13, 14, 15, 16, 17, 18, 19, 20]
2025-09-11 14:41:11,220 - __main__ - INFO - Update interval: 20 seconds
2025-09-11 14:41:11,239 - httpx - INFO - HTTP Request: GET http://localhost:8002/api/beds/current/1 "HTTP/1.1 200 OK"
2025-09-11 14:41:11,296 - httpx - INFO - HTTP Request: POST http://localhost:8002/api/beds/update "HTTP/1.1 201 Created"
2025-09-11 14:41:11,296 - __main__ - INFO - Updated general beds for hospital 1 to 998
2025-09-11 14:41:11,324 - httpx - INFO - HTTP Request: GET http://localhost:8002/api/beds/current/2 "HTTP/1.1 200 OK"
2025-09-11 14:41:11,355 - httpx - INFO - HTTP Request: POST http://localhost:8002/api/beds/update "HTTP/1.1 201 Created"
2025-09-11 14:41:11,355 - __main__ - INFO - Updated general beds for hospital 2 to 683
2025-09-11 14:41:11,380 - httpx - INFO - HTTP Request: POST http://localhost:8002/api/beds/update "HTTP/1.1 201 Created"
2025-09-11 14:41:11,380 - __main__ - INFO - Updated icu beds for hospital 2 to 134
2025-09-11 14:41:11,396 - httpx - INFO - HTTP Request: GET http://localhost:8002/api/beds/current/3 "HTTP/1.1 200 OK"
2025-09-11 14:41:11,413 - httpx - INFO - HTTP Request: POST http://localhost:8002/api/beds/update "HTTP/1.1 201 Created"
2025-09-11 14:41:11,413 - __main__ - INFO - Updated general beds for hospital 3 to 270
2025-09-11 14:41:11,431 - httpx - INFO - HTTP Request: POST http://localhost:8002/api/beds/update "HTTP/1.1 201 Created"
2025-09-11 14:41:11,432 - __main__ - INFO - Updated icu beds for hospital 3 to 43
2025-09-11 14:41:11,466 - httpx - INFO - HTTP Request: GET http://localhost:8002/api/beds/current/4 "HTTP/1.1 200 OK"
2025-09-11 14:41:11,490 - httpx - INFO - HTTP Request: POST http://localhost:8002/api/beds/update "HTTP/1.1 201 Created"
2025-09-11 14:41:11,490 - __main__ - INFO - Updated general beds for hospital 4 to 1137
2025-09-11 14:41:11,510 - httpx - INFO - HTTP Request: POST http://localhost:8002/api/beds/update "HTTP/1.1 201 Created"
2025-09-11 14:41:11,511 - __main__ - INFO - Updated icu beds for hospital 4 to 229
2025-09-11 14:41:11,535 - httpx - INFO - HTTP Request: GET http://localhost:8002/api/beds/current/5 "HTTP/1.1 200 OK"
2025-09-11 14:41:11,558 - httpx - INFO - HTTP Request: POST http://localhost:8002/api/beds/update "HTTP/1.1 201 Created"
2025-09-11 14:41:11,558 - __main__ - INFO - Updated general beds for hospital 5 to 984
2025-09-11 14:41:11,595 - httpx - INFO - HTTP Request: POST http://localhost:8002/api/beds/update "HTTP/1.1 201 Created"
2025-09-11 14:41:11,595 - __main__ - INFO - Updated icu beds for hospital 5 to 196
2025-09-11 14:41:11,651 - httpx - INFO - HTTP Request: GET http://localhost:8002/api/beds/current/6 "HTTP/1.1 200 OK"
2025-09-11 14:41:11,670 - httpx - INFO - HTTP Request: POST http://localhost:8002/api/beds/update "HTTP/1.1 201 Created"
2025-09-11 14:41:11,670 - __main__ - INFO - Updated general beds for hospital 6 to 497
2025-09-11 14:41:11,690 - httpx - INFO - HTTP Request: POST http://localhost:8002/api/beds/update "HTTP/1.1 201 Created"
2025-09-11 14:41:11,690 - __main__ - INFO - Updated icu beds for hospital 6 to 80
2025-09-11 14:41:11,704 - httpx - INFO - HTTP Request: GET http://localhost:8002/api/beds/current/7 "HTTP/1.1 200 OK"
2025-09-11 14:41:11,729 - httpx - INFO - HTTP Request: POST http://localhost:8002/api/beds/update "HTTP/1.1 201 Created"
2025-09-11 14:41:11,729 - __main__ - INFO - Updated general beds for hospital 7 to 490
2025-09-11 14:41:11,753 - httpx - INFO - HTTP Request: POST http://localhost:8002/api/beds/update "HTTP/1.1 201 Created"
2025-09-11 14:41:11,753 - __main__ - INFO - Updated icu beds for hospital 7 to 100
2025-09-11 14:41:11,767 - httpx - INFO - HTTP Request: GET http://localhost:8002/api/beds/current/8 "HTTP/1.1 200 OK"
2025-09-11 14:41:11,788 - httpx - INFO - HTTP Request: POST http://localhost:8002/api/beds/update "HTTP/1.1 201 Created"
2025-09-11 14:41:11,789 - __main__ - INFO - Updated general beds for hospital 8 to 454
2025-09-11 14:41:11,804 - httpx - INFO - HTTP Request: GET http://localhost:8002/api/beds/current/9 "HTTP/1.1 200 OK"
2025-09-11 14:41:11,840 - httpx - INFO - HTTP Request: POST http://localhost:8002/api/beds/update "HTTP/1.1 201 Created"
2025-09-11 14:41:11,842 - __main__ - INFO - Updated general beds for hospital 9 to 398
2025-09-11 14:41:11,884 - httpx - INFO - HTTP Request: POST http://localhost:8002/api/beds/update "HTTP/1.1 201 Created"
2025-09-11 14:41:11,884 - __main__ - INFO - Updated icu beds for hospital 9 to 73
2025-09-11 14:41:11,905 - httpx - INFO - HTTP Request: GET http://localhost:8002/api/beds/current/10 "HTTP/1.1 200 OK"
2025-09-11 14:41:11,919 - httpx - INFO - HTTP Request: POST http://localhost:8002/api/beds/update "HTTP/1.1 201 Created"
2025-09-11 14:41:11,919 - __main__ - INFO - Updated general beds for hospital 10 to 1490
2025-09-11 14:41:11,933 - httpx - INFO - HTTP Request: POST http://localhost:8002/api/beds/update "HTTP/1.1 201 Created"
2025-09-11 14:41:11,933 - __main__ - INFO - Updated icu beds for hospital 10 to 300
2025-09-11 14:41:11,948 - httpx - INFO - HTTP Request: GET http://localhost:8002/api/beds/current/11 "HTTP/1.1 200 OK"
2025-09-11 14:41:11,965 - httpx - INFO - HTTP Request: POST http://localhost:8002/api/beds/update "HTTP/1.1 201 Created"
2025-09-11 14:41:11,966 - __main__ - INFO - Updated general beds for hospital 11 to 448
2025-09-11 14:41:11,979 - httpx - INFO - HTTP Request: POST http://localhost:8002/api/beds/update "HTTP/1.1 201 Created"
2025-09-11 14:41:11,979 - __main__ - INFO - Updated icu beds for hospital 11 to 75
2025-09-11 14:41:11,997 - httpx - INFO - HTTP Request: GET http://localhost:8002/api/beds/current/12 "HTTP/1.1 200 OK"
2025-09-11 14:41:12,013 - httpx - INFO - HTTP Request: POST http://localhost:8002/api/beds/update "HTTP/1.1 201 Created"
2025-09-11 14:41:12,013 - __main__ - INFO - Updated general beds for hospital 12 to 349
2025-09-11 14:41:12,030 - httpx - INFO - HTTP Request: POST http://localhost:8002/api/beds/update "HTTP/1.1 201 Created"
2025-09-11 14:41:12,030 - __main__ - INFO - Updated icu beds for hospital 12 to 65
2025-09-11 14:41:12,043 - httpx - INFO - HTTP Request: GET http://localhost:8002/api/beds/current/13 "HTTP/1.1 200 OK"
2025-09-11 14:41:12,057 - httpx - INFO - HTTP Request: POST http://localhost:8002/api/beds/update "HTTP/1.1 201 Created"
2025-09-11 14:41:12,057 - __main__ - INFO - Updated general beds for hospital 13 to 249
2025-09-11 14:41:12,072 - httpx - INFO - HTTP Request: POST http://localhost:8002/api/beds/update "HTTP/1.1 201 Created"
2025-09-11 14:41:12,072 - __main__ - INFO - Updated icu beds for hospital 13 to 47
2025-09-11 14:41:12,085 - httpx - INFO - HTTP Request: GET http://localhost:8002/api/beds/current/14 "HTTP/1.1 200 OK"
2025-09-11 14:41:12,099 - httpx - INFO - HTTP Request: POST http://localhost:8002/api/beds/update "HTTP/1.1 201 Created"
2025-09-11 14:41:12,099 - __main__ - INFO - Updated general beds for hospital 14 to 599
2025-09-11 14:41:12,113 - httpx - INFO - HTTP Request: POST http://localhost:8002/api/beds/update "HTTP/1.1 201 Created"
2025-09-11 14:41:12,114 - __main__ - INFO - Updated icu beds for hospital 14 to 119
2025-09-11 14:41:12,126 - httpx - INFO - HTTP Request: GET http://localhost:8002/api/beds/current/15 "HTTP/1.1 200 OK"
2025-09-11 14:41:12,138 - httpx - INFO - HTTP Request: POST http://localhost:8002/api/beds/update "HTTP/1.1 201 Created"
2025-09-11 14:41:12,139 - __main__ - INFO - Updated general beds for hospital 15 to 276
2025-09-11 14:41:12,152 - httpx - INFO - HTTP Request: POST http://localhost:8002/api/beds/update "HTTP/1.1 201 Created"
2025-09-11 14:41:12,152 - __main__ - INFO - Updated icu beds for hospital 15 to 51
2025-09-11 14:41:12,164 - httpx - INFO - HTTP Request: GET http://localhost:8002/api/beds/current/16 "HTTP/1.1 200 OK"
2025-09-11 14:41:12,177 - httpx - INFO - HTTP Request: POST http://localhost:8002/api/beds/update "HTTP/1.1 201 Created"
2025-09-11 14:41:12,178 - __main__ - INFO - Updated general beds for hospital 16 to 275
2025-09-11 14:41:12,191 - httpx - INFO - HTTP Request: POST http://localhost:8002/api/beds/update "HTTP/1.1 201 Created"
2025-09-11 14:41:12,191 - __main__ - INFO - Updated icu beds for hospital 16 to 50
2025-09-11 14:41:12,204 - httpx - INFO - HTTP Request: GET http://localhost:8002/api/beds/current/17 "HTTP/1.1 200 OK"
2025-09-11 14:41:12,258 - httpx - INFO - HTTP Request: POST http://localhost:8002/api/beds/update "HTTP/1.1 201 Created"
2025-09-11 14:41:12,258 - __main__ - INFO - Updated icu beds for hospital 17 to 14
2025-09-11 14:41:12,272 - httpx - INFO - HTTP Request: GET http://localhost:8002/api/beds/current/18 "HTTP/1.1 200 OK"
2025-09-11 14:41:12,289 - httpx - INFO - HTTP Request: POST http://localhost:8002/api/beds/update "HTTP/1.1 201 Created"
2025-09-11 14:41:12,290 - __main__ - INFO - Updated general beds for hospital 18 to 184
2025-09-11 14:41:12,305 - httpx - INFO - HTTP Request: POST http://localhost:8002/api/beds/update "HTTP/1.1 201 Created"
2025-09-11 14:41:12,306 - __main__ - INFO - Updated icu beds for hospital 18 to 30
2025-09-11 14:41:12,321 - httpx - INFO - HTTP Request: GET http://localhost:8002/api/beds/current/19 "HTTP/1.1 200 OK"
2025-09-11 14:41:12,340 - httpx - INFO - HTTP Request: POST http://localhost:8002/api/beds/update "HTTP/1.1 201 Created"
2025-09-11 14:41:12,340 - __main__ - INFO - Updated general beds for hospital 19 to 180
2025-09-11 14:41:12,356 - httpx - INFO - HTTP Request: POST http://localhost:8002/api/beds/update "HTTP/1.1 201 Created"
2025-09-11 14:41:12,356 - __main__ - INFO - Updated icu beds for hospital 19 to 39
2025-09-11 14:41:12,369 - httpx - INFO - HTTP Request: GET http://localhost:8002/api/beds/current/20 "HTTP/1.1 200 OK"
2025-09-11 14:41:12,382 - httpx - INFO - HTTP Request: POST http://localhost:8002/api/beds/update "HTTP/1.1 201 Created"
2025-09-11 14:41:12,383 - __main__ - INFO - Updated general beds for hospital 20 to 183
2025-09-11 14:41:12,397 - httpx - INFO - HTTP Request: POST http://localhost:8002/api/beds/update "HTTP/1.1 201 Created"
2025-09-11 14:41:12,397 - __main__ - INFO - Updated icu beds for hospital 20 to 40
2025-09-11 14:41:32,435 - httpx - INFO - HTTP Request: GET http://localhost:8002/api/beds/current/1 "HTTP/1.1 200 OK"
2025-09-11 14:41:32,458 - httpx - INFO - HTTP Request: POST http://localhost:8002/api/beds/update "HTTP/1.1 201 Created"
2025-09-11 14:41:32,459 - __main__ - INFO - Updated general beds for hospital 1 to 1000
2025-09-11 14:41:32,480 - httpx - INFO - HTTP Request: GET http://localhost:8002/api/beds/current/2 "HTTP/1.1 200 OK"
2025-09-11 14:41:32,500 - httpx - INFO - HTTP Request: POST http://localhost:8002/api/beds/update "HTTP/1.1 201 Created"
2025-09-11 14:41:32,500 - __main__ - INFO - Updated general beds for hospital 2 to 682
2025-09-11 14:41:32,526 - httpx - INFO - HTTP Request: POST http://localhost:8002/api/beds/update "HTTP/1.1 201 Created"
2025-09-11 14:41:32,526 - __main__ - INFO - Updated icu beds for hospital 2 to 132
2025-09-11 14:41:32,544 - httpx - INFO - HTTP Request: GET http://localhost:8002/api/beds/current/3 "HTTP/1.1 200 OK"
2025-09-11 14:41:32,563 - httpx - INFO - HTTP Request: POST http://localhost:8002/api/beds/update "HTTP/1.1 201 Created"
2025-09-11 14:41:32,564 - __main__ - INFO - Updated general beds for hospital 3 to 271
2025-09-11 14:41:32,584 - httpx - INFO - HTTP Request: POST http://localhost:8002/api/beds/update "HTTP/1.1 201 Created"
2025-09-11 14:41:32,584 - __main__ - INFO - Updated icu beds for hospital 3 to 44
2025-09-11 14:41:32,603 - httpx - INFO - HTTP Request: GET http://localhost:8002/api/beds/current/4 "HTTP/1.1 200 OK"
2025-09-11 14:41:32,623 - httpx - INFO - HTTP Request: POST http://localhost:8002/api/beds/update "HTTP/1.1 201 Created"
2025-09-11 14:41:32,623 - __main__ - INFO - Updated general beds for hospital 4 to 1135
2025-09-11 14:41:32,640 - httpx - INFO - HTTP Request: POST http://localhost:8002/api/beds/update "HTTP/1.1 201 Created"
2025-09-11 14:41:32,640 - __main__ - INFO - Updated icu beds for hospital 4 to 230
2025-09-11 14:41:32,656 - httpx - INFO - HTTP Request: GET http://localhost:8002/api/beds/current/5 "HTTP/1.1 200 OK"
2025-09-11 14:41:32,674 - httpx - INFO - HTTP Request: POST http://localhost:8002/api/beds/update "HTTP/1.1 201 Created"
2025-09-11 14:41:32,674 - __main__ - INFO - Updated general beds for hospital 5 to 982
2025-09-11 14:41:32,690 - httpx - INFO - HTTP Request: POST http://localhost:8002/api/beds/update "HTTP/1.1 201 Created"
2025-09-11 14:41:32,690 - __main__ - INFO - Updated icu beds for hospital 5 to 195
2025-09-11 14:41:32,704 - httpx - INFO - HTTP Request: GET http://localhost:8002/api/beds/current/6 "HTTP/1.1 200 OK"
2025-09-11 14:41:32,720 - httpx - INFO - HTTP Request: POST http://localhost:8002/api/beds/update "HTTP/1.1 201 Created"
2025-09-11 14:41:32,720 - __main__ - INFO - Updated general beds for hospital 6 to 496
2025-09-11 14:41:32,737 - httpx - INFO - HTTP Request: POST http://localhost:8002/api/beds/update "HTTP/1.1 201 Created"
2025-09-11 14:41:32,737 - __main__ - INFO - Updated icu beds for hospital 6 to 78
2025-09-11 14:41:32,751 - httpx - INFO - HTTP Request: GET http://localhost:8002/api/beds/current/7 "HTTP/1.1 200 OK"
2025-09-11 14:41:32,768 - httpx - INFO - HTTP Request: POST http://localhost:8002/api/beds/update "HTTP/1.1 201 Created"
2025-09-11 14:41:32,768 - __main__ - INFO - Updated icu beds for hospital 7 to 98
2025-09-11 14:41:32,783 - httpx - INFO - HTTP Request: GET http://localhost:8002/api/beds/current/8 "HTTP/1.1 200 OK"
2025-09-11 14:41:32,802 - httpx - INFO - HTTP Request: POST http://localhost:8002/api/beds/update "HTTP/1.1 201 Created"
2025-09-11 14:41:32,802 - __main__ - INFO - Updated general beds for hospital 8 to 453
2025-09-11 14:41:32,820 - httpx - INFO - HTTP Request: POST http://localhost:8002/api/beds/update "HTTP/1.1 201 Created"
2025-09-11 14:41:32,821 - __main__ - INFO - Updated icu beds for hospital 8 to 83
2025-09-11 14:41:32,832 - httpx - INFO - HTTP Request: GET http://localhost:8002/api/beds/current/9 "HTTP/1.1 200 OK"
2025-09-11 14:41:32,855 - httpx - INFO - HTTP Request: POST http://localhost:8002/api/beds/update "HTTP/1.1 201 Created"
2025-09-11 14:41:32,855 - __main__ - INFO - Updated general beds for hospital 9 to 396
2025-09-11 14:41:32,874 - httpx - INFO - HTTP Request: POST http://localhost:8002/api/beds/update "HTTP/1.1 201 Created"
2025-09-11 14:41:32,874 - __main__ - INFO - Updated icu beds for hospital 9 to 75
2025-09-11 14:41:32,888 - httpx - INFO - HTTP Request: GET http://localhost:8002/api/beds/current/10 "HTTP/1.1 200 OK"
2025-09-11 14:41:32,905 - httpx - INFO - HTTP Request: POST http://localhost:8002/api/beds/update "HTTP/1.1 201 Created"
2025-09-11 14:41:32,906 - __main__ - INFO - Updated general beds for hospital 10 to 1488
2025-09-11 14:41:32,924 - httpx - INFO - HTTP Request: POST http://localhost:8002/api/beds/update "HTTP/1.1 201 Created"
2025-09-11 14:41:32,924 - __main__ - INFO - Updated icu beds for hospital 10 to 299
2025-09-11 14:41:32,994 - httpx - INFO - HTTP Request: GET http://localhost:8002/api/beds/current/11 "HTTP/1.1 200 OK"
2025-09-11 14:41:33,012 - httpx - INFO - HTTP Request: POST http://localhost:8002/api/beds/update "HTTP/1.1 201 Created"
2025-09-11 14:41:33,013 - __main__ - INFO - Updated general beds for hospital 11 to 446
2025-09-11 14:41:33,027 - httpx - INFO - HTTP Request: GET http://localhost:8002/api/beds/current/12 "HTTP/1.1 200 OK"
2025-09-11 14:41:33,047 - httpx - INFO - HTTP Request: POST http://localhost:8002/api/beds/update "HTTP/1.1 201 Created"
2025-09-11 14:41:33,047 - __main__ - INFO - Updated general beds for hospital 12 to 348
2025-09-11 14:41:33,068 - httpx - INFO - HTTP Request: POST http://localhost:8002/api/beds/update "HTTP/1.1 201 Created"
2025-09-11 14:41:33,069 - __main__ - INFO - Updated icu beds for hospital 12 to 63
2025-09-11 14:41:33,084 - httpx - INFO - HTTP Request: GET http://localhost:8002/api/beds/current/13 "HTTP/1.1 200 OK"
2025-09-11 14:41:33,107 - httpx - INFO - HTTP Request: POST http://localhost:8002/api/beds/update "HTTP/1.1 201 Created"
2025-09-11 14:41:33,108 - __main__ - INFO - Updated general beds for hospital 13 to 250
2025-09-11 14:41:33,131 - httpx - INFO - HTTP Request: POST http://localhost:8002/api/beds/update "HTTP/1.1 201 Created"
2025-09-11 14:41:33,131 - __main__ - INFO - Updated icu beds for hospital 13 to 46
2025-09-11 14:41:33,150 - httpx - INFO - HTTP Request: GET http://localhost:8002/api/beds/current/14 "HTTP/1.1 200 OK"
2025-09-11 14:41:33,170 - httpx - INFO - HTTP Request: POST http://localhost:8002/api/beds/update "HTTP/1.1 201 Created"
2025-09-11 14:41:33,170 - __main__ - INFO - Updated general beds for hospital 14 to 600
2025-09-11 14:41:33,188 - httpx - INFO - HTTP Request: POST http://localhost:8002/api/beds/update "HTTP/1.1 201 Created"
2025-09-11 14:41:33,188 - __main__ - INFO - Updated icu beds for hospital 14 to 117
2025-09-11 14:41:33,203 - httpx - INFO - HTTP Request: GET http://localhost:8002/api/beds/current/15 "HTTP/1.1 200 OK"
2025-09-11 14:41:33,220 - httpx - INFO - HTTP Request: POST http://localhost:8002/api/beds/update "HTTP/1.1 201 Created"
2025-09-11 14:41:33,220 - __main__ - INFO - Updated general beds for hospital 15 to 276
2025-09-11 14:41:33,234 - httpx - INFO - HTTP Request: POST http://localhost:8002/api/beds/update "HTTP/1.1 201 Created"
2025-09-11 14:41:33,234 - __main__ - INFO - Updated icu beds for hospital 15 to 52
2025-09-11 14:41:33,369 - httpx - INFO - HTTP Request: GET http://localhost:8002/api/beds/current/16 "HTTP/1.1 200 OK"
2025-09-11 14:41:33,392 - httpx - INFO - HTTP Request: GET http://localhost:8002/api/beds/current/17 "HTTP/1.1 200 OK"
2025-09-11 14:41:33,426 - httpx - INFO - HTTP Request: POST http://localhost:8002/api/beds/update "HTTP/1.1 201 Created"
2025-09-11 14:41:33,427 - __main__ - INFO - Updated general beds for hospital 17 to 86
2025-09-11 14:41:33,456 - httpx - INFO - HTTP Request: POST http://localhost:8002/api/beds/update "HTTP/1.1 201 Created"
2025-09-11 14:41:33,456 - __main__ - INFO - Updated icu beds for hospital 17 to 13
2025-09-11 14:41:33,477 - httpx - INFO - HTTP Request: GET http://localhost:8002/api/beds/current/18 "HTTP/1.1 200 OK"
2025-09-11 14:41:33,500 - httpx - INFO - HTTP Request: POST http://localhost:8002/api/beds/update "HTTP/1.1 201 Created"
2025-09-11 14:41:33,500 - __main__ - INFO - Updated icu beds for hospital 18 to 29
2025-09-11 14:41:33,514 - httpx - INFO - HTTP Request: GET http://localhost:8002/api/beds/current/19 "HTTP/1.1 200 OK"
2025-09-11 14:41:33,539 - httpx - INFO - HTTP Request: POST http://localhost:8002/api/beds/update "HTTP/1.1 201 Created"
2025-09-11 14:41:33,540 - __main__ - INFO - Updated general beds for hospital 19 to 178
2025-09-11 14:41:33,557 - httpx - INFO - HTTP Request: GET http://localhost:8002/api/beds/current/20 "HTTP/1.1 200 OK"
2025-09-11 14:41:33,581 - httpx - INFO - HTTP Request: POST http://localhost:8002/api/beds/update "HTTP/1.1 201 Created"
2025-09-11 14:41:33,581 - __main__ - INFO - Updated general beds for hospital 20 to 185
2025-09-11 14:41:33,607 - httpx - INFO - HTTP Request: POST http://localhost:8002/api/beds/update "HTTP/1.1 201 Created"
2025-09-11 14:41:33,607 - __main__ - INFO - Updated icu beds for hospital 20 to 38
2025-09-11 14:41:53,641 - httpx - INFO - HTTP Request: GET http://localhost:8002/api/beds/current/1 "HTTP/1.1 200 OK"
2025-09-11 14:41:53,677 - httpx - INFO - HTTP Request: POST http://localhost:8002/api/beds/update "HTTP/1.1 201 Created"
2025-09-11 14:41:53,678 - __main__ - INFO - Updated general beds for hospital 1 to 999
2025-09-11 14:41:53,716 - httpx - INFO - HTTP Request: POST http://localhost:8002/api/beds/update "HTTP/1.1 201 Created"
2025-09-11 14:41:53,717 - __main__ - INFO - Updated icu beds for hospital 1 to 195
2025-09-11 14:41:53,762 - httpx - INFO - HTTP Request: GET http://localhost:8002/api/beds/current/2 "HTTP/1.1 200 OK"
2025-09-11 14:41:53,803 - httpx - INFO - HTTP Request: POST http://localhost:8002/api/beds/update "HTTP/1.1 201 Created"
2025-09-11 14:41:53,805 - __main__ - INFO - Updated general beds for hospital 2 to 681
2025-09-11 14:41:53,855 - httpx - INFO - HTTP Request: POST http://localhost:8002/api/beds/update "HTTP/1.1 201 Created"
2025-09-11 14:41:53,856 - __main__ - INFO - Updated icu beds for hospital 2 to 131
2025-09-11 14:41:53,887 - httpx - INFO - HTTP Request: GET http://localhost:8002/api/beds/current/3 "HTTP/1.1 200 OK"
2025-09-11 14:41:53,930 - httpx - INFO - HTTP Request: POST http://localhost:8002/api/beds/update "HTTP/1.1 201 Created"
2025-09-11 14:41:53,932 - __main__ - INFO - Updated general beds for hospital 3 to 268
2025-09-11 14:41:53,990 - httpx - INFO - HTTP Request: POST http://localhost:8002/api/beds/update "HTTP/1.1 201 Created"
2025-09-11 14:41:53,991 - __main__ - INFO - Updated icu beds for hospital 3 to 42
2025-09-11 14:41:54,051 - httpx - INFO - HTTP Request: GET http://localhost:8002/api/beds/current/4 "HTTP/1.1 200 OK"
2025-09-11 14:41:54,089 - httpx - INFO - HTTP Request: POST http://localhost:8002/api/beds/update "HTTP/1.1 201 Created"
2025-09-11 14:41:54,089 - __main__ - INFO - Updated general beds for hospital 4 to 1132
2025-09-11 14:41:54,147 - httpx - INFO - HTTP Request: POST http://localhost:8002/api/beds/update "HTTP/1.1 201 Created"
2025-09-11 14:41:54,148 - __main__ - INFO - Updated icu beds for hospital 4 to 230
2025-09-11 14:41:54,192 - httpx - INFO - HTTP Request: GET http://localhost:8002/api/beds/current/5 "HTTP/1.1 200 OK"
2025-09-11 14:41:54,233 - httpx - INFO - HTTP Request: POST http://localhost:8002/api/beds/update "HTTP/1.1 201 Created"
2025-09-11 14:41:54,234 - __main__ - INFO - Updated general beds for hospital 5 to 984
2025-09-11 14:41:54,368 - httpx - INFO - HTTP Request: POST http://localhost:8002/api/beds/update "HTTP/1.1 201 Created"
2025-09-11 14:41:54,369 - __main__ - INFO - Updated icu beds for hospital 5 to 197
2025-09-11 14:41:54,385 - httpx - INFO - HTTP Request: GET http://localhost:8002/api/beds/current/6 "HTTP/1.1 200 OK"
2025-09-11 14:41:54,404 - httpx - INFO - HTTP Request: POST http://localhost:8002/api/beds/update "HTTP/1.1 201 Created"
2025-09-11 14:41:54,404 - __main__ - INFO - Updated general beds for hospital 6 to 499
2025-09-11 14:41:54,420 - httpx - INFO - HTTP Request: GET http://localhost:8002/api/beds/current/7 "HTTP/1.1 200 OK"
2025-09-11 14:41:54,439 - httpx - INFO - HTTP Request: POST http://localhost:8002/api/beds/update "HTTP/1.1 201 Created"
2025-09-11 14:41:54,440 - __main__ - INFO - Updated general beds for hospital 7 to 492
2025-09-11 14:41:54,480 - httpx - INFO - HTTP Request: POST http://localhost:8002/api/beds/update "HTTP/1.1 201 Created"
2025-09-11 14:41:54,481 - __main__ - INFO - Updated icu beds for hospital 7 to 99
2025-09-11 14:41:54,500 - httpx - INFO - HTTP Request: GET http://localhost:8002/api/beds/current/8 "HTTP/1.1 200 OK"
2025-09-11 14:41:54,520 - httpx - INFO - HTTP Request: POST http://localhost:8002/api/beds/update "HTTP/1.1 201 Created"
2025-09-11 14:41:54,520 - __main__ - INFO - Updated general beds for hospital 8 to 452
2025-09-11 14:41:54,536 - httpx - INFO - HTTP Request: POST http://localhost:8002/api/beds/update "HTTP/1.1 201 Created"
2025-09-11 14:41:54,537 - __main__ - INFO - Updated icu beds for hospital 8 to 81
2025-09-11 14:41:54,554 - httpx - INFO - HTTP Request: GET http://localhost:8002/api/beds/current/9 "HTTP/1.1 200 OK"
2025-09-11 14:41:54,576 - httpx - INFO - HTTP Request: POST http://localhost:8002/api/beds/update "HTTP/1.1 201 Created"
2025-09-11 14:41:54,577 - __main__ - INFO - Updated icu beds for hospital 9 to 73
2025-09-11 14:41:54,595 - httpx - INFO - HTTP Request: GET http://localhost:8002/api/beds/current/10 "HTTP/1.1 200 OK"
2025-09-11 14:41:54,611 - httpx - INFO - HTTP Request: POST http://localhost:8002/api/beds/update "HTTP/1.1 201 Created"
2025-09-11 14:41:54,612 - __main__ - INFO - Updated general beds for hospital 10 to 1491
2025-09-11 14:41:54,633 - httpx - INFO - HTTP Request: POST http://localhost:8002/api/beds/update "HTTP/1.1 201 Created"
2025-09-11 14:41:54,634 - __main__ - INFO - Updated icu beds for hospital 10 to 300
2025-09-11 14:41:54,657 - httpx - INFO - HTTP Request: GET http://localhost:8002/api/beds/current/11 "HTTP/1.1 200 OK"
2025-09-11 14:41:54,677 - httpx - INFO - HTTP Request: POST http://localhost:8002/api/beds/update "HTTP/1.1 201 Created"
2025-09-11 14:41:54,677 - __main__ - INFO - Updated general beds for hospital 11 to 448
2025-09-11 14:41:54,697 - httpx - INFO - HTTP Request: POST http://localhost:8002/api/beds/update "HTTP/1.1 201 Created"
2025-09-11 14:41:54,698 - __main__ - INFO - Updated icu beds for hospital 11 to 76
2025-09-11 14:41:54,721 - httpx - INFO - HTTP Request: GET http://localhost:8002/api/beds/current/12 "HTTP/1.1 200 OK"
2025-09-11 14:41:54,744 - httpx - INFO - HTTP Request: POST http://localhost:8002/api/beds/update "HTTP/1.1 201 Created"
2025-09-11 14:41:54,745 - __main__ - INFO - Updated general beds for hospital 12 to 345
2025-09-11 14:41:54,772 - httpx - INFO - HTTP Request: GET http://localhost:8002/api/beds/current/13 "HTTP/1.1 200 OK"
2025-09-11 14:41:54,796 - httpx - INFO - HTTP Request: POST http://localhost:8002/api/beds/update "HTTP/1.1 201 Created"
2025-09-11 14:41:54,797 - __main__ - INFO - Updated general beds for hospital 13 to 250
2025-09-11 14:41:54,826 - httpx - INFO - HTTP Request: POST http://localhost:8002/api/beds/update "HTTP/1.1 201 Created"
2025-09-11 14:41:54,826 - __main__ - INFO - Updated icu beds for hospital 13 to 44
2025-09-11 14:41:54,845 - httpx - INFO - HTTP Request: GET http://localhost:8002/api/beds/current/14 "HTTP/1.1 200 OK"
2025-09-11 14:41:54,865 - httpx - INFO - HTTP Request: POST http://localhost:8002/api/beds/update "HTTP/1.1 201 Created"
2025-09-11 14:41:54,865 - __main__ - INFO - Updated general beds for hospital 14 to 599
2025-09-11 14:41:54,890 - httpx - INFO - HTTP Request: POST http://localhost:8002/api/beds/update "HTTP/1.1 201 Created"
2025-09-11 14:41:54,890 - __main__ - INFO - Updated icu beds for hospital 14 to 118
2025-09-11 14:41:54,911 - httpx - INFO - HTTP Request: GET http://localhost:8002/api/beds/current/15 "HTTP/1.1 200 OK"
2025-09-11 14:41:54,942 - httpx - INFO - HTTP Request: POST http://localhost:8002/api/beds/update "HTTP/1.1 201 Created"
2025-09-11 14:41:54,943 - __main__ - INFO - Updated icu beds for hospital 15 to 51
2025-09-11 14:41:54,969 - httpx - INFO - HTTP Request: GET http://localhost:8002/api/beds/current/16 "HTTP/1.1 200 OK"
2025-09-11 14:41:54,990 - httpx - INFO - HTTP Request: POST http://localhost:8002/api/beds/update "HTTP/1.1 201 Created"
2025-09-11 14:41:54,991 - __main__ - INFO - Updated general beds for hospital 16 to 278
2025-09-11 14:41:55,012 - httpx - INFO - HTTP Request: POST http://localhost:8002/api/beds/update "HTTP/1.1 201 Created"
2025-09-11 14:41:55,012 - __main__ - INFO - Updated icu beds for hospital 16 to 52
2025-09-11 14:41:55,029 - httpx - INFO - HTTP Request: GET http://localhost:8002/api/beds/current/17 "HTTP/1.1 200 OK"
2025-09-11 14:41:55,045 - httpx - INFO - HTTP Request: POST http://localhost:8002/api/beds/update "HTTP/1.1 201 Created"
2025-09-11 14:41:55,045 - __main__ - INFO - Updated general beds for hospital 17 to 85
2025-09-11 14:41:55,068 - httpx - INFO - HTTP Request: GET http://localhost:8002/api/beds/current/18 "HTTP/1.1 200 OK"
2025-09-11 14:41:55,092 - httpx - INFO - HTTP Request: POST http://localhost:8002/api/beds/update "HTTP/1.1 201 Created"
2025-09-11 14:41:55,092 - __main__ - INFO - Updated general beds for hospital 18 to 185
2025-09-11 14:41:55,107 - httpx - INFO - HTTP Request: GET http://localhost:8002/api/beds/current/19 "HTTP/1.1 200 OK"
2025-09-11 14:41:55,122 - httpx - INFO - HTTP Request: POST http://localhost:8002/api/beds/update "HTTP/1.1 201 Created"
2025-09-11 14:41:55,123 - __main__ - INFO - Updated general beds for hospital 19 to 180
2025-09-11 14:41:55,140 - httpx - INFO - HTTP Request: POST http://localhost:8002/api/beds/update "HTTP/1.1 201 Created"
2025-09-11 14:41:55,140 - __main__ - INFO - Updated icu beds for hospital 19 to 40
2025-09-11 14:41:55,152 - httpx - INFO - HTTP Request: GET http://localhost:8002/api/beds/current/20 "HTTP/1.1 200 OK"
2025-09-11 14:41:55,174 - httpx - INFO - HTTP Request: POST http://localhost:8002/api/beds/update "HTTP/1.1 201 Created"
2025-09-11 14:41:55,174 - __main__ - INFO - Updated general beds for hospital 20 to 182
2025-09-11 14:41:55,191 - httpx - INFO - HTTP Request: POST http://localhost:8002/api/beds/update "HTTP/1.1 201 Created"
2025-09-11 14:41:55,260 - __main__ - INFO - Updated icu beds for hospital 20 to 36
2025-09-11 14:42:15,296 - httpx - INFO - HTTP Request: GET http://localhost:8002/api/beds/current/1 "HTTP/1.1 200 OK"
2025-09-11 14:42:15,320 - httpx - INFO - HTTP Request: POST http://localhost:8002/api/beds/update "HTTP/1.1 201 Created"
2025-09-11 14:42:15,320 - __main__ - INFO - Updated general beds for hospital 1 to 998
2025-09-11 14:42:15,343 - httpx - INFO - HTTP Request: POST http://localhost:8002/api/beds/update "HTTP/1.1 201 Created"
2025-09-11 14:42:15,343 - __main__ - INFO - Updated icu beds for hospital 1 to 194
2025-09-11 14:42:15,365 - httpx - INFO - HTTP Request: GET http://localhost:8002/api/beds/current/2 "HTTP/1.1 200 OK"
2025-09-11 14:42:15,386 - httpx - INFO - HTTP Request: POST http://localhost:8002/api/beds/update "HTTP/1.1 201 Created"
2025-09-11 14:42:15,387 - __main__ - INFO - Updated general beds for hospital 2 to 683
2025-09-11 14:42:15,404 - httpx - INFO - HTTP Request: POST http://localhost:8002/api/beds/update "HTTP/1.1 201 Created"
2025-09-11 14:42:15,404 - __main__ - INFO - Updated icu beds for hospital 2 to 129
2025-09-11 14:42:15,421 - httpx - INFO - HTTP Request: GET http://localhost:8002/api/beds/current/3 "HTTP/1.1 200 OK"
2025-09-11 14:42:15,440 - httpx - INFO - HTTP Request: POST http://localhost:8002/api/beds/update "HTTP/1.1 201 Created"
2025-09-11 14:42:15,440 - __main__ - INFO - Updated general beds for hospital 3 to 270
2025-09-11 14:42:15,459 - httpx - INFO - HTTP Request: POST http://localhost:8002/api/beds/update "HTTP/1.1 201 Created"
2025-09-11 14:42:15,460 - __main__ - INFO - Updated icu beds for hospital 3 to 40
2025-09-11 14:42:15,477 - httpx - INFO - HTTP Request: GET http://localhost:8002/api/beds/current/4 "HTTP/1.1 200 OK"
2025-09-11 14:42:15,497 - httpx - INFO - HTTP Request: POST http://localhost:8002/api/beds/update "HTTP/1.1 201 Created"
2025-09-11 14:42:15,498 - __main__ - INFO - Updated general beds for hospital 4 to 1129
2025-09-11 14:42:15,514 - httpx - INFO - HTTP Request: GET http://localhost:8002/api/beds/current/5 "HTTP/1.1 200 OK"
2025-09-11 14:42:15,529 - httpx - INFO - HTTP Request: GET http://localhost:8002/api/beds/current/6 "HTTP/1.1 200 OK"
2025-09-11 14:42:15,559 - httpx - INFO - HTTP Request: POST http://localhost:8002/api/beds/update "HTTP/1.1 201 Created"
2025-09-11 14:42:15,559 - __main__ - INFO - Updated general beds for hospital 6 to 498
2025-09-11 14:42:15,581 - httpx - INFO - HTTP Request: POST http://localhost:8002/api/beds/update "HTTP/1.1 201 Created"
2025-09-11 14:42:15,582 - __main__ - INFO - Updated icu beds for hospital 6 to 76
2025-09-11 14:42:15,598 - httpx - INFO - HTTP Request: GET http://localhost:8002/api/beds/current/7 "HTTP/1.1 200 OK"
2025-09-11 14:42:15,617 - httpx - INFO - HTTP Request: POST http://localhost:8002/api/beds/update "HTTP/1.1 201 Created"
2025-09-11 14:42:15,618 - __main__ - INFO - Updated general beds for hospital 7 to 493
2025-09-11 14:42:15,639 - httpx - INFO - HTTP Request: POST http://localhost:8002/api/beds/update "HTTP/1.1 201 Created"
2025-09-11 14:42:15,640 - __main__ - INFO - Updated icu beds for hospital 7 to 98
2025-09-11 14:42:15,657 - httpx - INFO - HTTP Request: GET http://localhost:8002/api/beds/current/8 "HTTP/1.1 200 OK"
2025-09-11 14:42:15,835 - httpx - INFO - HTTP Request: POST http://localhost:8002/api/beds/update "HTTP/1.1 201 Created"
2025-09-11 14:42:15,837 - __main__ - INFO - Updated general beds for hospital 8 to 449
2025-09-11 14:42:15,901 - httpx - INFO - HTTP Request: POST http://localhost:8002/api/beds/update "HTTP/1.1 201 Created"
2025-09-11 14:42:15,901 - __main__ - INFO - Updated icu beds for hospital 8 to 83
2025-09-11 14:42:15,960 - httpx - INFO - HTTP Request: GET http://localhost:8002/api/beds/current/9 "HTTP/1.1 200 OK"
2025-09-11 14:42:15,984 - httpx - INFO - HTTP Request: POST http://localhost:8002/api/beds/update "HTTP/1.1 201 Created"
2025-09-11 14:42:15,985 - __main__ - INFO - Updated icu beds for hospital 9 to 74
2025-09-11 14:42:16,004 - httpx - INFO - HTTP Request: GET http://localhost:8002/api/beds/current/10 "HTTP/1.1 200 OK"
2025-09-11 14:42:16,026 - httpx - INFO - HTTP Request: POST http://localhost:8002/api/beds/update "HTTP/1.1 201 Created"
2025-09-11 14:42:16,026 - __main__ - INFO - Updated general beds for hospital 10 to 1489
2025-09-11 14:42:16,061 - httpx - INFO - HTTP Request: POST http://localhost:8002/api/beds/update "HTTP/1.1 201 Created"
2025-09-11 14:42:16,061 - __main__ - INFO - Updated icu beds for hospital 10 to 300
2025-09-11 14:42:16,089 - httpx - INFO - HTTP Request: GET http://localhost:8002/api/beds/current/11 "HTTP/1.1 200 OK"
2025-09-11 14:42:16,109 - httpx - INFO - HTTP Request: POST http://localhost:8002/api/beds/update "HTTP/1.1 201 Created"
2025-09-11 14:42:16,110 - __main__ - INFO - Updated icu beds for hospital 11 to 75
2025-09-11 14:42:16,124 - httpx - INFO - HTTP Request: GET http://localhost:8002/api/beds/current/12 "HTTP/1.1 200 OK"
2025-09-11 14:42:16,143 - httpx - INFO - HTTP Request: POST http://localhost:8002/api/beds/update "HTTP/1.1 201 Created"
2025-09-11 14:42:16,144 - __main__ - INFO - Updated icu beds for hospital 12 to 65
2025-09-11 14:42:16,166 - httpx - INFO - HTTP Request: GET http://localhost:8002/api/beds/current/13 "HTTP/1.1 200 OK"
2025-09-11 14:42:16,181 - httpx - INFO - HTTP Request: POST http://localhost:8002/api/beds/update "HTTP/1.1 201 Created"
2025-09-11 14:42:16,182 - __main__ - INFO - Updated icu beds for hospital 13 to 42
2025-09-11 14:42:16,197 - httpx - INFO - HTTP Request: GET http://localhost:8002/api/beds/current/14 "HTTP/1.1 200 OK"
2025-09-11 14:42:16,211 - httpx - INFO - HTTP Request: GET http://localhost:8002/api/beds/current/15 "HTTP/1.1 200 OK"
2025-09-11 14:42:16,242 - httpx - INFO - HTTP Request: POST http://localhost:8002/api/beds/update "HTTP/1.1 201 Created"
2025-09-11 14:42:16,243 - __main__ - INFO - Updated general beds for hospital 15 to 276
2025-09-11 14:42:16,264 - httpx - INFO - HTTP Request: POST http://localhost:8002/api/beds/update "HTTP/1.1 201 Created"
2025-09-11 14:42:16,265 - __main__ - INFO - Updated icu beds for hospital 15 to 52
2025-09-11 14:42:16,286 - httpx - INFO - HTTP Request: GET http://localhost:8002/api/beds/current/16 "HTTP/1.1 200 OK"
2025-09-11 14:42:16,313 - httpx - INFO - HTTP Request: POST http://localhost:8002/api/beds/update "HTTP/1.1 201 Created"
2025-09-11 14:42:16,315 - __main__ - INFO - Updated icu beds for hospital 16 to 51
2025-09-11 14:42:16,350 - httpx - INFO - HTTP Request: GET http://localhost:8002/api/beds/current/17 "HTTP/1.1 200 OK"
2025-09-11 14:42:16,448 - httpx - INFO - HTTP Request: POST http://localhost:8002/api/beds/update "HTTP/1.1 201 Created"
2025-09-11 14:42:16,449 - __main__ - INFO - Updated general beds for hospital 17 to 87
2025-09-11 14:42:16,499 - httpx - INFO - HTTP Request: POST http://localhost:8002/api/beds/update "HTTP/1.1 201 Created"
2025-09-11 14:42:16,500 - __main__ - INFO - Updated icu beds for hospital 17 to 11
2025-09-11 14:42:16,519 - httpx - INFO - HTTP Request: GET http://localhost:8002/api/beds/current/18 "HTTP/1.1 200 OK"
2025-09-11 14:42:16,542 - httpx - INFO - HTTP Request: POST http://localhost:8002/api/beds/update "HTTP/1.1 201 Created"
2025-09-11 14:42:16,542 - __main__ - INFO - Updated general beds for hospital 18 to 182
2025-09-11 14:42:16,583 - httpx - INFO - HTTP Request: POST http://localhost:8002/api/beds/update "HTTP/1.1 201 Created"
2025-09-11 14:42:16,583 - __main__ - INFO - Updated icu beds for hospital 18 to 28
2025-09-11 14:42:16,601 - httpx - INFO - HTTP Request: GET http://localhost:8002/api/beds/current/19 "HTTP/1.1 200 OK"
2025-09-11 14:42:16,623 - httpx - INFO - HTTP Request: POST http://localhost:8002/api/beds/update "HTTP/1.1 201 Created"
2025-09-11 14:42:16,623 - __main__ - INFO - Updated general beds for hospital 19 to 181
2025-09-11 14:42:16,651 - httpx - INFO - HTTP Request: POST http://localhost:8002/api/beds/update "HTTP/1.1 201 Created"
2025-09-11 14:42:16,651 - __main__ - INFO - Updated icu beds for hospital 19 to 39
2025-09-11 14:42:16,669 - httpx - INFO - HTTP Request: GET http://localhost:8002/api/beds/current/20 "HTTP/1.1 200 OK"
2025-09-11 14:42:16,687 - httpx - INFO - HTTP Request: POST http://localhost:8002/api/beds/update "HTTP/1.1 201 Created"
2025-09-11 14:42:16,687 - __main__ - INFO - Updated general beds for hospital 20 to 179
2025-09-11 14:42:16,705 - httpx - INFO - HTTP Request: POST http://localhost:8002/api/beds/update "HTTP/1.1 201 Created"
2025-09-11 14:42:16,705 - __main__ - INFO - Updated icu beds for hospital 20 to 35
2025-09-11 14:42:58,533 - httpx - INFO - HTTP Request: GET http://localhost:8002/hospitals/ "HTTP/1.1 200 OK"
2025-09-11 14:42:58,534 - __main__ - INFO - Starting bed simulation for hospitals: [1, 2, 3, 4, 5, 6, 7, 8, 9, 10, 11, 12, 13, 14, 15, 16, 17, 18, 19, 20]
2025-09-11 14:42:58,535 - __main__ - INFO - Update interval: 20 seconds
2025-09-11 14:42:58,552 - httpx - INFO - HTTP Request: GET http://localhost:8002/api/beds/current/1 "HTTP/1.1 200 OK"
2025-09-11 14:42:58,571 - httpx - INFO - HTTP Request: POST http://localhost:8002/api/beds/update "HTTP/1.1 201 Created"
2025-09-11 14:42:58,571 - __main__ - INFO - Updated general beds for hospital 1 to 1000
2025-09-11 14:42:58,584 - httpx - INFO - HTTP Request: GET http://localhost:8002/api/beds/current/2 "HTTP/1.1 200 OK"
2025-09-11 14:42:58,605 - httpx - INFO - HTTP Request: POST http://localhost:8002/api/beds/update "HTTP/1.1 201 Created"
2025-09-11 14:42:58,605 - __main__ - INFO - Updated general beds for hospital 2 to 684
2025-09-11 14:42:58,633 - httpx - INFO - HTTP Request: POST http://localhost:8002/api/beds/update "HTTP/1.1 201 Created"
2025-09-11 14:42:58,634 - __main__ - INFO - Updated icu beds for hospital 2 to 126
2025-09-11 14:42:58,648 - httpx - INFO - HTTP Request: GET http://localhost:8002/api/beds/current/3 "HTTP/1.1 200 OK"
2025-09-11 14:42:58,672 - httpx - INFO - HTTP Request: POST http://localhost:8002/api/beds/update "HTTP/1.1 201 Created"
2025-09-11 14:42:58,673 - __main__ - INFO - Updated general beds for hospital 3 to 263
2025-09-11 14:42:58,690 - httpx - INFO - HTTP Request: GET http://localhost:8002/api/beds/current/4 "HTTP/1.1 200 OK"
2025-09-11 14:42:58,707 - httpx - INFO - HTTP Request: POST http://localhost:8002/api/beds/update "HTTP/1.1 201 Created"
2025-09-11 14:42:58,708 - __main__ - INFO - Updated general beds for hospital 4 to 1139
2025-09-11 14:42:58,724 - httpx - INFO - HTTP Request: POST http://localhost:8002/api/beds/update "HTTP/1.1 201 Created"
2025-09-11 14:42:58,725 - __main__ - INFO - Updated icu beds for hospital 4 to 225
2025-09-11 14:42:58,739 - httpx - INFO - HTTP Request: GET http://localhost:8002/api/beds/current/5 "HTTP/1.1 200 OK"
2025-09-11 14:42:58,759 - httpx - INFO - HTTP Request: POST http://localhost:8002/api/beds/update "HTTP/1.1 201 Created"
2025-09-11 14:42:58,759 - __main__ - INFO - Updated general beds for hospital 5 to 994
2025-09-11 14:42:58,780 - httpx - INFO - HTTP Request: POST http://localhost:8002/api/beds/update "HTTP/1.1 201 Created"
2025-09-11 14:42:58,780 - __main__ - INFO - Updated icu beds for hospital 5 to 192
2025-09-11 14:42:58,795 - httpx - INFO - HTTP Request: GET http://localhost:8002/api/beds/current/6 "HTTP/1.1 200 OK"
2025-09-11 14:42:58,833 - httpx - INFO - HTTP Request: POST http://localhost:8002/api/beds/update "HTTP/1.1 201 Created"
2025-09-11 14:42:58,834 - __main__ - INFO - Updated general beds for hospital 6 to 491
2025-09-11 14:42:58,846 - httpx - INFO - HTTP Request: GET http://localhost:8002/api/beds/current/7 "HTTP/1.1 200 OK"
2025-09-11 14:42:58,864 - httpx - INFO - HTTP Request: POST http://localhost:8002/api/beds/update "HTTP/1.1 201 Created"
2025-09-11 14:42:58,864 - __main__ - INFO - Updated general beds for hospital 7 to 498
2025-09-11 14:42:58,882 - httpx - INFO - HTTP Request: POST http://localhost:8002/api/beds/update "HTTP/1.1 201 Created"
2025-09-11 14:42:58,883 - __main__ - INFO - Updated icu beds for hospital 7 to 96
2025-09-11 14:42:58,898 - httpx - INFO - HTTP Request: GET http://localhost:8002/api/beds/current/8 "HTTP/1.1 200 OK"
2025-09-11 14:42:58,914 - httpx - INFO - HTTP Request: POST http://localhost:8002/api/beds/update "HTTP/1.1 201 Created"
2025-09-11 14:42:58,914 - __main__ - INFO - Updated general beds for hospital 8 to 455
2025-09-11 14:42:58,932 - httpx - INFO - HTTP Request: POST http://localhost:8002/api/beds/update "HTTP/1.1 201 Created"
2025-09-11 14:42:58,932 - __main__ - INFO - Updated icu beds for hospital 8 to 87
2025-09-11 14:42:58,945 - httpx - INFO - HTTP Request: GET http://localhost:8002/api/beds/current/9 "HTTP/1.1 200 OK"
2025-09-11 14:42:58,965 - httpx - INFO - HTTP Request: POST http://localhost:8002/api/beds/update "HTTP/1.1 201 Created"
2025-09-11 14:42:58,965 - __main__ - INFO - Updated general beds for hospital 9 to 400
2025-09-11 14:42:58,981 - httpx - INFO - HTTP Request: POST http://localhost:8002/api/beds/update "HTTP/1.1 201 Created"
2025-09-11 14:42:58,981 - __main__ - INFO - Updated icu beds for hospital 9 to 78
2025-09-11 14:42:58,995 - httpx - INFO - HTTP Request: GET http://localhost:8002/api/beds/current/10 "HTTP/1.1 200 OK"
2025-09-11 14:42:59,013 - httpx - INFO - HTTP Request: POST http://localhost:8002/api/beds/update "HTTP/1.1 201 Created"
2025-09-11 14:42:59,014 - __main__ - INFO - Updated general beds for hospital 10 to 1497
2025-09-11 14:42:59,031 - httpx - INFO - HTTP Request: POST http://localhost:8002/api/beds/update "HTTP/1.1 201 Created"
2025-09-11 14:42:59,032 - __main__ - INFO - Updated icu beds for hospital 10 to 300
2025-09-11 14:42:59,045 - httpx - INFO - HTTP Request: GET http://localhost:8002/api/beds/current/11 "HTTP/1.1 200 OK"
2025-09-11 14:42:59,062 - httpx - INFO - HTTP Request: POST http://localhost:8002/api/beds/update "HTTP/1.1 201 Created"
2025-09-11 14:42:59,062 - __main__ - INFO - Updated general beds for hospital 11 to 446
2025-09-11 14:42:59,080 - httpx - INFO - HTTP Request: POST http://localhost:8002/api/beds/update "HTTP/1.1 201 Created"
2025-09-11 14:42:59,080 - __main__ - INFO - Updated icu beds for hospital 11 to 79
2025-09-11 14:42:59,097 - httpx - INFO - HTTP Request: GET http://localhost:8002/api/beds/current/12 "HTTP/1.1 200 OK"
2025-09-11 14:42:59,114 - httpx - INFO - HTTP Request: POST http://localhost:8002/api/beds/update "HTTP/1.1 201 Created"
2025-09-11 14:42:59,114 - __main__ - INFO - Updated general beds for hospital 12 to 350
2025-09-11 14:42:59,130 - httpx - INFO - HTTP Request: POST http://localhost:8002/api/beds/update "HTTP/1.1 201 Created"
2025-09-11 14:42:59,130 - __main__ - INFO - Updated icu beds for hospital 12 to 61
2025-09-11 14:42:59,145 - httpx - INFO - HTTP Request: GET http://localhost:8002/api/beds/current/13 "HTTP/1.1 200 OK"
2025-09-11 14:42:59,175 - httpx - INFO - HTTP Request: POST http://localhost:8002/api/beds/update "HTTP/1.1 201 Created"
2025-09-11 14:42:59,176 - __main__ - INFO - Updated general beds for hospital 13 to 250
2025-09-11 14:42:59,197 - httpx - INFO - HTTP Request: POST http://localhost:8002/api/beds/update "HTTP/1.1 201 Created"
2025-09-11 14:42:59,197 - __main__ - INFO - Updated icu beds for hospital 13 to 44
2025-09-11 14:42:59,212 - httpx - INFO - HTTP Request: GET http://localhost:8002/api/beds/current/14 "HTTP/1.1 200 OK"
2025-09-11 14:42:59,229 - httpx - INFO - HTTP Request: POST http://localhost:8002/api/beds/update "HTTP/1.1 201 Created"
2025-09-11 14:42:59,229 - __main__ - INFO - Updated general beds for hospital 14 to 605
2025-09-11 14:42:59,243 - httpx - INFO - HTTP Request: GET http://localhost:8002/api/beds/current/15 "HTTP/1.1 200 OK"
2025-09-11 14:42:59,265 - httpx - INFO - HTTP Request: POST http://localhost:8002/api/beds/update "HTTP/1.1 201 Created"
2025-09-11 14:42:59,265 - __main__ - INFO - Updated icu beds for hospital 15 to 55
2025-09-11 14:42:59,279 - httpx - INFO - HTTP Request: GET http://localhost:8002/api/beds/current/16 "HTTP/1.1 200 OK"
2025-09-11 14:42:59,298 - httpx - INFO - HTTP Request: POST http://localhost:8002/api/beds/update "HTTP/1.1 201 Created"
2025-09-11 14:42:59,298 - __main__ - INFO - Updated general beds for hospital 16 to 273
2025-09-11 14:42:59,315 - httpx - INFO - HTTP Request: POST http://localhost:8002/api/beds/update "HTTP/1.1 201 Created"
2025-09-11 14:42:59,315 - __main__ - INFO - Updated icu beds for hospital 16 to 56
2025-09-11 14:42:59,332 - httpx - INFO - HTTP Request: GET http://localhost:8002/api/beds/current/17 "HTTP/1.1 200 OK"
2025-09-11 14:42:59,350 - httpx - INFO - HTTP Request: POST http://localhost:8002/api/beds/update "HTTP/1.1 201 Created"
2025-09-11 14:42:59,350 - __main__ - INFO - Updated general beds for hospital 17 to 90
2025-09-11 14:42:59,370 - httpx - INFO - HTTP Request: POST http://localhost:8002/api/beds/update "HTTP/1.1 201 Created"
2025-09-11 14:42:59,371 - __main__ - INFO - Updated icu beds for hospital 17 to 6
2025-09-11 14:42:59,394 - httpx - INFO - HTTP Request: GET http://localhost:8002/api/beds/current/18 "HTTP/1.1 200 OK"
2025-09-11 14:42:59,463 - httpx - INFO - HTTP Request: POST http://localhost:8002/api/beds/update "HTTP/1.1 201 Created"
2025-09-11 14:42:59,464 - __main__ - INFO - Updated general beds for hospital 18 to 189
2025-09-11 14:42:59,489 - httpx - INFO - HTTP Request: POST http://localhost:8002/api/beds/update "HTTP/1.1 201 Created"
2025-09-11 14:42:59,489 - __main__ - INFO - Updated icu beds for hospital 18 to 32
2025-09-11 14:42:59,512 - httpx - INFO - HTTP Request: GET http://localhost:8002/api/beds/current/19 "HTTP/1.1 200 OK"
2025-09-11 14:42:59,536 - httpx - INFO - HTTP Request: POST http://localhost:8002/api/beds/update "HTTP/1.1 201 Created"
2025-09-11 14:42:59,536 - __main__ - INFO - Updated general beds for hospital 19 to 185
2025-09-11 14:42:59,572 - httpx - INFO - HTTP Request: POST http://localhost:8002/api/beds/update "HTTP/1.1 201 Created"
2025-09-11 14:42:59,573 - __main__ - INFO - Updated icu beds for hospital 19 to 40
2025-09-11 14:42:59,592 - httpx - INFO - HTTP Request: GET http://localhost:8002/api/beds/current/20 "HTTP/1.1 200 OK"
2025-09-11 14:42:59,616 - httpx - INFO - HTTP Request: POST http://localhost:8002/api/beds/update "HTTP/1.1 201 Created"
2025-09-11 14:42:59,616 - __main__ - INFO - Updated general beds for hospital 20 to 178
2025-09-11 14:43:19,658 - httpx - INFO - HTTP Request: GET http://localhost:8002/api/beds/current/1 "HTTP/1.1 200 OK"
2025-09-11 14:43:19,686 - httpx - INFO - HTTP Request: POST http://localhost:8002/api/beds/update "HTTP/1.1 201 Created"
2025-09-11 14:43:19,686 - __main__ - INFO - Updated general beds for hospital 1 to 998
2025-09-11 14:43:19,705 - httpx - INFO - HTTP Request: POST http://localhost:8002/api/beds/update "HTTP/1.1 201 Created"
2025-09-11 14:43:19,706 - __main__ - INFO - Updated icu beds for hospital 1 to 192
2025-09-11 14:43:19,727 - httpx - INFO - HTTP Request: GET http://localhost:8002/api/beds/current/2 "HTTP/1.1 200 OK"
2025-09-11 14:43:19,784 - httpx - INFO - HTTP Request: POST http://localhost:8002/api/beds/update "HTTP/1.1 201 Created"
2025-09-11 14:43:19,785 - __main__ - INFO - Updated general beds for hospital 2 to 675
2025-09-11 14:43:19,818 - httpx - INFO - HTTP Request: POST http://localhost:8002/api/beds/update "HTTP/1.1 201 Created"
2025-09-11 14:43:19,820 - __main__ - INFO - Updated icu beds for hospital 2 to 130
2025-09-11 14:43:19,852 - httpx - INFO - HTTP Request: GET http://localhost:8002/api/beds/current/3 "HTTP/1.1 200 OK"
2025-09-11 14:43:19,877 - httpx - INFO - HTTP Request: POST http://localhost:8002/api/beds/update "HTTP/1.1 201 Created"
2025-09-11 14:43:19,877 - __main__ - INFO - Updated general beds for hospital 3 to 260
2025-09-11 14:43:19,894 - httpx - INFO - HTTP Request: POST http://localhost:8002/api/beds/update "HTTP/1.1 201 Created"
2025-09-11 14:43:19,894 - __main__ - INFO - Updated icu beds for hospital 3 to 36
2025-09-11 14:43:19,910 - httpx - INFO - HTTP Request: GET http://localhost:8002/api/beds/current/4 "HTTP/1.1 200 OK"
2025-09-11 14:43:19,933 - httpx - INFO - HTTP Request: POST http://localhost:8002/api/beds/update "HTTP/1.1 201 Created"
2025-09-11 14:43:19,936 - __main__ - INFO - Updated general beds for hospital 4 to 1146
2025-09-11 14:43:19,957 - httpx - INFO - HTTP Request: POST http://localhost:8002/api/beds/update "HTTP/1.1 201 Created"
2025-09-11 14:43:19,957 - __main__ - INFO - Updated icu beds for hospital 4 to 221
2025-09-11 14:43:19,973 - httpx - INFO - HTTP Request: GET http://localhost:8002/api/beds/current/5 "HTTP/1.1 200 OK"
2025-09-11 14:43:19,991 - httpx - INFO - HTTP Request: POST http://localhost:8002/api/beds/update "HTTP/1.1 201 Created"
2025-09-11 14:43:19,992 - __main__ - INFO - Updated general beds for hospital 5 to 986
2025-09-11 14:43:20,019 - httpx - INFO - HTTP Request: POST http://localhost:8002/api/beds/update "HTTP/1.1 201 Created"
2025-09-11 14:43:20,019 - __main__ - INFO - Updated icu beds for hospital 5 to 187
2025-09-11 14:43:20,037 - httpx - INFO - HTTP Request: GET http://localhost:8002/api/beds/current/6 "HTTP/1.1 200 OK"
2025-09-11 14:43:20,062 - httpx - INFO - HTTP Request: POST http://localhost:8002/api/beds/update "HTTP/1.1 201 Created"
2025-09-11 14:43:20,062 - __main__ - INFO - Updated general beds for hospital 6 to 497
2025-09-11 14:43:20,079 - httpx - INFO - HTTP Request: POST http://localhost:8002/api/beds/update "HTTP/1.1 201 Created"
2025-09-11 14:43:20,079 - __main__ - INFO - Updated icu beds for hospital 6 to 74
2025-09-11 14:43:20,093 - httpx - INFO - HTTP Request: GET http://localhost:8002/api/beds/current/7 "HTTP/1.1 200 OK"
2025-09-11 14:43:20,112 - httpx - INFO - HTTP Request: POST http://localhost:8002/api/beds/update "HTTP/1.1 201 Created"
2025-09-11 14:43:20,112 - __main__ - INFO - Updated general beds for hospital 7 to 500
2025-09-11 14:43:20,127 - httpx - INFO - HTTP Request: POST http://localhost:8002/api/beds/update "HTTP/1.1 201 Created"
2025-09-11 14:43:20,128 - __main__ - INFO - Updated icu beds for hospital 7 to 95
2025-09-11 14:43:20,144 - httpx - INFO - HTTP Request: GET http://localhost:8002/api/beds/current/8 "HTTP/1.1 200 OK"
2025-09-11 14:43:20,164 - httpx - INFO - HTTP Request: POST http://localhost:8002/api/beds/update "HTTP/1.1 201 Created"
2025-09-11 14:43:20,164 - __main__ - INFO - Updated general beds for hospital 8 to 463
2025-09-11 14:43:20,179 - httpx - INFO - HTTP Request: POST http://localhost:8002/api/beds/update "HTTP/1.1 201 Created"
2025-09-11 14:43:20,180 - __main__ - INFO - Updated icu beds for hospital 8 to 86
2025-09-11 14:43:20,194 - httpx - INFO - HTTP Request: GET http://localhost:8002/api/beds/current/9 "HTTP/1.1 200 OK"
2025-09-11 14:43:20,219 - httpx - INFO - HTTP Request: POST http://localhost:8002/api/beds/update "HTTP/1.1 201 Created"
2025-09-11 14:43:20,219 - __main__ - INFO - Updated general beds for hospital 9 to 393
2025-09-11 14:43:20,346 - httpx - INFO - HTTP Request: POST http://localhost:8002/api/beds/update "HTTP/1.1 201 Created"
2025-09-11 14:43:20,347 - __main__ - INFO - Updated icu beds for hospital 9 to 80
2025-09-11 14:43:20,361 - httpx - INFO - HTTP Request: GET http://localhost:8002/api/beds/current/10 "HTTP/1.1 200 OK"
2025-09-11 14:43:20,382 - httpx - INFO - HTTP Request: POST http://localhost:8002/api/beds/update "HTTP/1.1 201 Created"
2025-09-11 14:43:20,382 - __main__ - INFO - Updated general beds for hospital 10 to 1498
2025-09-11 14:43:20,424 - httpx - INFO - HTTP Request: POST http://localhost:8002/api/beds/update "HTTP/1.1 201 Created"
2025-09-11 14:43:20,424 - __main__ - INFO - Updated icu beds for hospital 10 to 300
2025-09-11 14:43:20,446 - httpx - INFO - HTTP Request: GET http://localhost:8002/api/beds/current/11 "HTTP/1.1 200 OK"
2025-09-11 14:43:20,520 - httpx - INFO - HTTP Request: POST http://localhost:8002/api/beds/update "HTTP/1.1 201 Created"
2025-09-11 14:43:20,520 - __main__ - INFO - Updated icu beds for hospital 11 to 82
2025-09-11 14:43:20,531 - httpx - INFO - HTTP Request: GET http://localhost:8002/api/beds/current/12 "HTTP/1.1 200 OK"
2025-09-11 14:43:20,547 - httpx - INFO - HTTP Request: POST http://localhost:8002/api/beds/update "HTTP/1.1 201 Created"
2025-09-11 14:43:20,547 - __main__ - INFO - Updated general beds for hospital 12 to 350
2025-09-11 14:43:20,564 - httpx - INFO - HTTP Request: POST http://localhost:8002/api/beds/update "HTTP/1.1 201 Created"
2025-09-11 14:43:20,564 - __main__ - INFO - Updated icu beds for hospital 12 to 64
2025-09-11 14:43:20,581 - httpx - INFO - HTTP Request: GET http://localhost:8002/api/beds/current/13 "HTTP/1.1 200 OK"
2025-09-11 14:43:20,599 - httpx - INFO - HTTP Request: POST http://localhost:8002/api/beds/update "HTTP/1.1 201 Created"
2025-09-11 14:43:20,599 - __main__ - INFO - Updated general beds for hospital 13 to 248
2025-09-11 14:43:20,617 - httpx - INFO - HTTP Request: POST http://localhost:8002/api/beds/update "HTTP/1.1 201 Created"
2025-09-11 14:43:20,617 - __main__ - INFO - Updated icu beds for hospital 13 to 40
2025-09-11 14:43:20,634 - httpx - INFO - HTTP Request: GET http://localhost:8002/api/beds/current/14 "HTTP/1.1 200 OK"
2025-09-11 14:43:20,651 - httpx - INFO - HTTP Request: POST http://localhost:8002/api/beds/update "HTTP/1.1 201 Created"
2025-09-11 14:43:20,652 - __main__ - INFO - Updated general beds for hospital 14 to 602
2025-09-11 14:43:20,674 - httpx - INFO - HTTP Request: POST http://localhost:8002/api/beds/update "HTTP/1.1 201 Created"
2025-09-11 14:43:20,674 - __main__ - INFO - Updated icu beds for hospital 14 to 113
2025-09-11 14:43:20,698 - httpx - INFO - HTTP Request: GET http://localhost:8002/api/beds/current/15 "HTTP/1.1 200 OK"
2025-09-11 14:43:20,722 - httpx - INFO - HTTP Request: POST http://localhost:8002/api/beds/update "HTTP/1.1 201 Created"
2025-09-11 14:43:20,723 - __main__ - INFO - Updated general beds for hospital 15 to 268
2025-09-11 14:43:20,742 - httpx - INFO - HTTP Request: POST http://localhost:8002/api/beds/update "HTTP/1.1 201 Created"
2025-09-11 14:43:20,742 - __main__ - INFO - Updated icu beds for hospital 15 to 55
2025-09-11 14:43:20,760 - httpx - INFO - HTTP Request: GET http://localhost:8002/api/beds/current/16 "HTTP/1.1 200 OK"
2025-09-11 14:43:20,787 - httpx - INFO - HTTP Request: POST http://localhost:8002/api/beds/update "HTTP/1.1 201 Created"
2025-09-11 14:43:20,787 - __main__ - INFO - Updated general beds for hospital 16 to 277
2025-09-11 14:43:20,808 - httpx - INFO - HTTP Request: POST http://localhost:8002/api/beds/update "HTTP/1.1 201 Created"
2025-09-11 14:43:20,808 - __main__ - INFO - Updated icu beds for hospital 16 to 56
2025-09-11 14:43:20,828 - httpx - INFO - HTTP Request: GET http://localhost:8002/api/beds/current/17 "HTTP/1.1 200 OK"
2025-09-11 14:43:20,850 - httpx - INFO - HTTP Request: POST http://localhost:8002/api/beds/update "HTTP/1.1 201 Created"
2025-09-11 14:43:20,850 - __main__ - INFO - Updated general beds for hospital 17 to 90
2025-09-11 14:43:20,870 - httpx - INFO - HTTP Request: POST http://localhost:8002/api/beds/update "HTTP/1.1 201 Created"
2025-09-11 14:43:20,870 - __main__ - INFO - Updated icu beds for hospital 17 to 5
2025-09-11 14:43:20,901 - httpx - INFO - HTTP Request: GET http://localhost:8002/api/beds/current/18 "HTTP/1.1 200 OK"
2025-09-11 14:43:20,923 - httpx - INFO - HTTP Request: POST http://localhost:8002/api/beds/update "HTTP/1.1 201 Created"
2025-09-11 14:43:20,924 - __main__ - INFO - Updated general beds for hospital 18 to 184
2025-09-11 14:43:20,950 - httpx - INFO - HTTP Request: POST http://localhost:8002/api/beds/update "HTTP/1.1 201 Created"
2025-09-11 14:43:20,950 - __main__ - INFO - Updated icu beds for hospital 18 to 31
2025-09-11 14:43:20,967 - httpx - INFO - HTTP Request: GET http://localhost:8002/api/beds/current/19 "HTTP/1.1 200 OK"
2025-09-11 14:43:20,984 - httpx - INFO - HTTP Request: POST http://localhost:8002/api/beds/update "HTTP/1.1 201 Created"
2025-09-11 14:43:20,984 - __main__ - INFO - Updated general beds for hospital 19 to 175
2025-09-11 14:43:20,999 - httpx - INFO - HTTP Request: POST http://localhost:8002/api/beds/update "HTTP/1.1 201 Created"
2025-09-11 14:43:20,999 - __main__ - INFO - Updated icu beds for hospital 19 to 40
2025-09-11 14:43:21,014 - httpx - INFO - HTTP Request: GET http://localhost:8002/api/beds/current/20 "HTTP/1.1 200 OK"
2025-09-11 14:43:21,032 - httpx - INFO - HTTP Request: POST http://localhost:8002/api/beds/update "HTTP/1.1 201 Created"
2025-09-11 14:43:21,032 - __main__ - INFO - Updated general beds for hospital 20 to 175
2025-09-11 14:43:41,088 - httpx - INFO - HTTP Request: GET http://localhost:8002/api/beds/current/1 "HTTP/1.1 200 OK"
2025-09-11 14:43:41,109 - httpx - INFO - HTTP Request: POST http://localhost:8002/api/beds/update "HTTP/1.1 201 Created"
2025-09-11 14:43:41,109 - __main__ - INFO - Updated general beds for hospital 1 to 1000
2025-09-11 14:43:41,134 - httpx - INFO - HTTP Request: POST http://localhost:8002/api/beds/update "HTTP/1.1 201 Created"
2025-09-11 14:43:41,134 - __main__ - INFO - Updated icu beds for hospital 1 to 193
2025-09-11 14:43:41,158 - httpx - INFO - HTTP Request: GET http://localhost:8002/api/beds/current/2 "HTTP/1.1 200 OK"
2025-09-11 14:43:41,193 - httpx - INFO - HTTP Request: POST http://localhost:8002/api/beds/update "HTTP/1.1 201 Created"
2025-09-11 14:43:41,193 - __main__ - INFO - Updated general beds for hospital 2 to 671
2025-09-11 14:43:41,210 - httpx - INFO - HTTP Request: POST http://localhost:8002/api/beds/update "HTTP/1.1 201 Created"
2025-09-11 14:43:41,210 - __main__ - INFO - Updated icu beds for hospital 2 to 126
2025-09-11 14:43:41,224 - httpx - INFO - HTTP Request: GET http://localhost:8002/api/beds/current/3 "HTTP/1.1 200 OK"
2025-09-11 14:43:41,240 - httpx - INFO - HTTP Request: POST http://localhost:8002/api/beds/update "HTTP/1.1 201 Created"
2025-09-11 14:43:41,241 - __main__ - INFO - Updated general beds for hospital 3 to 268
2025-09-11 14:43:41,264 - httpx - INFO - HTTP Request: POST http://localhost:8002/api/beds/update "HTTP/1.1 201 Created"
2025-09-11 14:43:41,265 - __main__ - INFO - Updated icu beds for hospital 3 to 38
2025-09-11 14:43:41,285 - httpx - INFO - HTTP Request: GET http://localhost:8002/api/beds/current/4 "HTTP/1.1 200 OK"
2025-09-11 14:43:41,435 - httpx - INFO - HTTP Request: POST http://localhost:8002/api/beds/update "HTTP/1.1 201 Created"
2025-09-11 14:43:41,435 - __main__ - INFO - Updated general beds for hospital 4 to 1148
2025-09-11 14:43:41,502 - httpx - INFO - HTTP Request: POST http://localhost:8002/api/beds/update "HTTP/1.1 201 Created"
2025-09-11 14:43:41,503 - __main__ - INFO - Updated icu beds for hospital 4 to 219
2025-09-11 14:43:41,538 - httpx - INFO - HTTP Request: GET http://localhost:8002/api/beds/current/5 "HTTP/1.1 200 OK"
2025-09-11 14:43:41,649 - httpx - INFO - HTTP Request: POST http://localhost:8002/api/beds/update "HTTP/1.1 201 Created"
2025-09-11 14:43:41,649 - __main__ - INFO - Updated general beds for hospital 5 to 981
2025-09-11 14:43:41,677 - httpx - INFO - HTTP Request: POST http://localhost:8002/api/beds/update "HTTP/1.1 201 Created"
2025-09-11 14:43:41,678 - __main__ - INFO - Updated icu beds for hospital 5 to 188
2025-09-11 14:43:41,699 - httpx - INFO - HTTP Request: GET http://localhost:8002/api/beds/current/6 "HTTP/1.1 200 OK"
2025-09-11 14:43:41,728 - httpx - INFO - HTTP Request: POST http://localhost:8002/api/beds/update "HTTP/1.1 201 Created"
2025-09-11 14:43:41,729 - __main__ - INFO - Updated general beds for hospital 6 to 494
2025-09-11 14:43:41,749 - httpx - INFO - HTTP Request: POST http://localhost:8002/api/beds/update "HTTP/1.1 201 Created"
2025-09-11 14:43:41,749 - __main__ - INFO - Updated icu beds for hospital 6 to 78
2025-09-11 14:43:41,767 - httpx - INFO - HTTP Request: GET http://localhost:8002/api/beds/current/7 "HTTP/1.1 200 OK"
2025-09-11 14:43:41,793 - httpx - INFO - HTTP Request: POST http://localhost:8002/api/beds/update "HTTP/1.1 201 Created"
2025-09-11 14:43:41,793 - __main__ - INFO - Updated general beds for hospital 7 to 490
2025-09-11 14:43:41,816 - httpx - INFO - HTTP Request: POST http://localhost:8002/api/beds/update "HTTP/1.1 201 Created"
2025-09-11 14:43:41,817 - __main__ - INFO - Updated icu beds for hospital 7 to 99
2025-09-11 14:43:41,848 - httpx - INFO - HTTP Request: GET http://localhost:8002/api/beds/current/8 "HTTP/1.1 200 OK"
2025-09-11 14:43:41,883 - httpx - INFO - HTTP Request: POST http://localhost:8002/api/beds/update "HTTP/1.1 201 Created"
2025-09-11 14:43:41,884 - __main__ - INFO - Updated general beds for hospital 8 to 468
2025-09-11 14:43:41,903 - httpx - INFO - HTTP Request: POST http://localhost:8002/api/beds/update "HTTP/1.1 201 Created"
2025-09-11 14:43:41,903 - __main__ - INFO - Updated icu beds for hospital 8 to 90
2025-09-11 14:43:41,921 - httpx - INFO - HTTP Request: GET http://localhost:8002/api/beds/current/9 "HTTP/1.1 200 OK"
2025-09-11 14:43:41,936 - httpx - INFO - HTTP Request: POST http://localhost:8002/api/beds/update "HTTP/1.1 201 Created"
2025-09-11 14:43:41,936 - __main__ - INFO - Updated general beds for hospital 9 to 389
2025-09-11 14:43:41,955 - httpx - INFO - HTTP Request: POST http://localhost:8002/api/beds/update "HTTP/1.1 201 Created"
2025-09-11 14:43:41,956 - __main__ - INFO - Updated icu beds for hospital 9 to 80
2025-09-11 14:43:41,979 - httpx - INFO - HTTP Request: GET http://localhost:8002/api/beds/current/10 "HTTP/1.1 200 OK"
2025-09-11 14:43:42,006 - httpx - INFO - HTTP Request: POST http://localhost:8002/api/beds/update "HTTP/1.1 201 Created"
2025-09-11 14:43:42,006 - __main__ - INFO - Updated general beds for hospital 10 to 1493
2025-09-11 14:43:42,033 - httpx - INFO - HTTP Request: POST http://localhost:8002/api/beds/update "HTTP/1.1 201 Created"
2025-09-11 14:43:42,034 - __main__ - INFO - Updated icu beds for hospital 10 to 300
2025-09-11 14:43:42,048 - httpx - INFO - HTTP Request: GET http://localhost:8002/api/beds/current/11 "HTTP/1.1 200 OK"
2025-09-11 14:43:42,080 - httpx - INFO - HTTP Request: POST http://localhost:8002/api/beds/update "HTTP/1.1 201 Created"
2025-09-11 14:43:42,081 - __main__ - INFO - Updated general beds for hospital 11 to 443
2025-09-11 14:43:42,119 - httpx - INFO - HTTP Request: POST http://localhost:8002/api/beds/update "HTTP/1.1 201 Created"
2025-09-11 14:43:42,119 - __main__ - INFO - Updated icu beds for hospital 11 to 86
2025-09-11 14:43:42,151 - httpx - INFO - HTTP Request: GET http://localhost:8002/api/beds/current/12 "HTTP/1.1 200 OK"
2025-09-11 14:43:42,184 - httpx - INFO - HTTP Request: POST http://localhost:8002/api/beds/update "HTTP/1.1 201 Created"
2025-09-11 14:43:42,184 - __main__ - INFO - Updated general beds for hospital 12 to 340
2025-09-11 14:43:42,219 - httpx - INFO - HTTP Request: POST http://localhost:8002/api/beds/update "HTTP/1.1 201 Created"
2025-09-11 14:43:42,219 - __main__ - INFO - Updated icu beds for hospital 12 to 69
2025-09-11 14:43:42,242 - httpx - INFO - HTTP Request: GET http://localhost:8002/api/beds/current/13 "HTTP/1.1 200 OK"
2025-09-11 14:43:42,273 - httpx - INFO - HTTP Request: POST http://localhost:8002/api/beds/update "HTTP/1.1 201 Created"
2025-09-11 14:43:42,273 - __main__ - INFO - Updated general beds for hospital 13 to 240
2025-09-11 14:43:42,312 - httpx - INFO - HTTP Request: POST http://localhost:8002/api/beds/update "HTTP/1.1 201 Created"
2025-09-11 14:43:42,314 - __main__ - INFO - Updated icu beds for hospital 13 to 41
2025-09-11 14:43:42,344 - httpx - INFO - HTTP Request: GET http://localhost:8002/api/beds/current/14 "HTTP/1.1 200 OK"
2025-09-11 14:43:42,402 - httpx - INFO - HTTP Request: POST http://localhost:8002/api/beds/update "HTTP/1.1 201 Created"
2025-09-11 14:43:42,403 - __main__ - INFO - Updated general beds for hospital 14 to 598
2025-09-11 14:43:42,449 - httpx - INFO - HTTP Request: GET http://localhost:8002/api/beds/current/15 "HTTP/1.1 200 OK"
2025-09-11 14:43:42,519 - httpx - INFO - HTTP Request: POST http://localhost:8002/api/beds/update "HTTP/1.1 201 Created"
2025-09-11 14:43:42,520 - __main__ - INFO - Updated general beds for hospital 15 to 275
2025-09-11 14:43:42,553 - httpx - INFO - HTTP Request: POST http://localhost:8002/api/beds/update "HTTP/1.1 201 Created"
2025-09-11 14:43:42,553 - __main__ - INFO - Updated icu beds for hospital 15 to 55
2025-09-11 14:43:42,603 - httpx - INFO - HTTP Request: GET http://localhost:8002/api/beds/current/16 "HTTP/1.1 200 OK"
2025-09-11 14:43:42,634 - httpx - INFO - HTTP Request: POST http://localhost:8002/api/beds/update "HTTP/1.1 201 Created"
2025-09-11 14:43:42,635 - __main__ - INFO - Updated general beds for hospital 16 to 271
2025-09-11 14:43:42,664 - httpx - INFO - HTTP Request: POST http://localhost:8002/api/beds/update "HTTP/1.1 201 Created"
2025-09-11 14:43:42,665 - __main__ - INFO - Updated icu beds for hospital 16 to 56
2025-09-11 14:43:42,693 - httpx - INFO - HTTP Request: GET http://localhost:8002/api/beds/current/17 "HTTP/1.1 200 OK"
2025-09-11 14:43:42,723 - httpx - INFO - HTTP Request: POST http://localhost:8002/api/beds/update "HTTP/1.1 201 Created"
2025-09-11 14:43:42,723 - __main__ - INFO - Updated icu beds for hospital 17 to 4
2025-09-11 14:43:42,751 - httpx - INFO - HTTP Request: GET http://localhost:8002/api/beds/current/18 "HTTP/1.1 200 OK"
2025-09-11 14:43:42,782 - httpx - INFO - HTTP Request: POST http://localhost:8002/api/beds/update "HTTP/1.1 201 Created"
2025-09-11 14:43:42,785 - __main__ - INFO - Updated general beds for hospital 18 to 174
2025-09-11 14:43:42,828 - httpx - INFO - HTTP Request: POST http://localhost:8002/api/beds/update "HTTP/1.1 201 Created"
2025-09-11 14:43:42,915 - __main__ - INFO - Updated icu beds for hospital 18 to 32
2025-09-11 14:43:42,943 - httpx - INFO - HTTP Request: GET http://localhost:8002/api/beds/current/19 "HTTP/1.1 200 OK"
2025-09-11 14:43:42,985 - httpx - INFO - HTTP Request: POST http://localhost:8002/api/beds/update "HTTP/1.1 201 Created"
2025-09-11 14:43:42,986 - __main__ - INFO - Updated icu beds for hospital 19 to 40
2025-09-11 14:43:43,021 - httpx - INFO - HTTP Request: GET http://localhost:8002/api/beds/current/20 "HTTP/1.1 200 OK"
2025-09-11 14:43:43,046 - httpx - INFO - HTTP Request: POST http://localhost:8002/api/beds/update "HTTP/1.1 201 Created"
2025-09-11 14:43:43,048 - __main__ - INFO - Updated general beds for hospital 20 to 167
2025-09-11 14:43:43,090 - httpx - INFO - HTTP Request: POST http://localhost:8002/api/beds/update "HTTP/1.1 201 Created"
2025-09-11 14:43:43,091 - __main__ - INFO - Updated icu beds for hospital 20 to 31
2025-09-11 14:44:03,135 - httpx - INFO - HTTP Request: GET http://localhost:8002/api/beds/current/1 "HTTP/1.1 200 OK"
2025-09-11 14:44:03,159 - httpx - INFO - HTTP Request: POST http://localhost:8002/api/beds/update "HTTP/1.1 201 Created"
2025-09-11 14:44:03,159 - __main__ - INFO - Updated general beds for hospital 1 to 1000
2025-09-11 14:44:03,178 - httpx - INFO - HTTP Request: POST http://localhost:8002/api/beds/update "HTTP/1.1 201 Created"
2025-09-11 14:44:03,178 - __main__ - INFO - Updated icu beds for hospital 1 to 190
2025-09-11 14:44:03,200 - httpx - INFO - HTTP Request: GET http://localhost:8002/api/beds/current/2 "HTTP/1.1 200 OK"
2025-09-11 14:44:03,221 - httpx - INFO - HTTP Request: POST http://localhost:8002/api/beds/update "HTTP/1.1 201 Created"
2025-09-11 14:44:03,222 - __main__ - INFO - Updated general beds for hospital 2 to 663
2025-09-11 14:44:03,239 - httpx - INFO - HTTP Request: POST http://localhost:8002/api/beds/update "HTTP/1.1 201 Created"
2025-09-11 14:44:03,239 - __main__ - INFO - Updated icu beds for hospital 2 to 121
2025-09-11 14:44:03,257 - httpx - INFO - HTTP Request: GET http://localhost:8002/api/beds/current/3 "HTTP/1.1 200 OK"
2025-09-11 14:44:03,272 - httpx - INFO - HTTP Request: POST http://localhost:8002/api/beds/update "HTTP/1.1 201 Created"
2025-09-11 14:44:03,273 - __main__ - INFO - Updated icu beds for hospital 3 to 37
2025-09-11 14:44:03,287 - httpx - INFO - HTTP Request: GET http://localhost:8002/api/beds/current/4 "HTTP/1.1 200 OK"
2025-09-11 14:44:03,301 - httpx - INFO - HTTP Request: POST http://localhost:8002/api/beds/update "HTTP/1.1 201 Created"
2025-09-11 14:44:03,302 - __main__ - INFO - Updated general beds for hospital 4 to 1149
2025-09-11 14:44:03,320 - httpx - INFO - HTTP Request: GET http://localhost:8002/api/beds/current/5 "HTTP/1.1 200 OK"
2025-09-11 14:44:03,337 - httpx - INFO - HTTP Request: POST http://localhost:8002/api/beds/update "HTTP/1.1 201 Created"
2025-09-11 14:44:03,338 - __main__ - INFO - Updated general beds for hospital 5 to 983
2025-09-11 14:44:03,355 - httpx - INFO - HTTP Request: POST http://localhost:8002/api/beds/update "HTTP/1.1 201 Created"
2025-09-11 14:44:03,356 - __main__ - INFO - Updated icu beds for hospital 5 to 190
2025-09-11 14:44:03,370 - httpx - INFO - HTTP Request: GET http://localhost:8002/api/beds/current/6 "HTTP/1.1 200 OK"
2025-09-11 14:44:03,394 - httpx - INFO - HTTP Request: POST http://localhost:8002/api/beds/update "HTTP/1.1 201 Created"
2025-09-11 14:44:03,395 - __main__ - INFO - Updated general beds for hospital 6 to 496
2025-09-11 14:44:03,410 - httpx - INFO - HTTP Request: POST http://localhost:8002/api/beds/update "HTTP/1.1 201 Created"
2025-09-11 14:44:03,411 - __main__ - INFO - Updated icu beds for hospital 6 to 79
2025-09-11 14:44:03,429 - httpx - INFO - HTTP Request: GET http://localhost:8002/api/beds/current/7 "HTTP/1.1 200 OK"
2025-09-11 14:44:03,445 - httpx - INFO - HTTP Request: POST http://localhost:8002/api/beds/update "HTTP/1.1 201 Created"
2025-09-11 14:44:03,446 - __main__ - INFO - Updated general beds for hospital 7 to 483
2025-09-11 14:44:03,463 - httpx - INFO - HTTP Request: POST http://localhost:8002/api/beds/update "HTTP/1.1 201 Created"
2025-09-11 14:44:03,463 - __main__ - INFO - Updated icu beds for hospital 7 to 100
2025-09-11 14:44:03,487 - httpx - INFO - HTTP Request: GET http://localhost:8002/api/beds/current/8 "HTTP/1.1 200 OK"
2025-09-11 14:44:03,506 - httpx - INFO - HTTP Request: POST http://localhost:8002/api/beds/update "HTTP/1.1 201 Created"
2025-09-11 14:44:03,507 - __main__ - INFO - Updated general beds for hospital 8 to 464
2025-09-11 14:44:03,528 - httpx - INFO - HTTP Request: POST http://localhost:8002/api/beds/update "HTTP/1.1 201 Created"
2025-09-11 14:44:03,529 - __main__ - INFO - Updated icu beds for hospital 8 to 85
2025-09-11 14:44:03,547 - httpx - INFO - HTTP Request: GET http://localhost:8002/api/beds/current/9 "HTTP/1.1 200 OK"
2025-09-11 14:44:03,572 - httpx - INFO - HTTP Request: POST http://localhost:8002/api/beds/update "HTTP/1.1 201 Created"
2025-09-11 14:44:03,573 - __main__ - INFO - Updated general beds for hospital 9 to 386
2025-09-11 14:44:03,597 - httpx - INFO - HTTP Request: POST http://localhost:8002/api/beds/update "HTTP/1.1 201 Created"
2025-09-11 14:44:03,598 - __main__ - INFO - Updated icu beds for hospital 9 to 80
2025-09-11 14:44:03,614 - httpx - INFO - HTTP Request: GET http://localhost:8002/api/beds/current/10 "HTTP/1.1 200 OK"
2025-09-11 14:44:03,632 - httpx - INFO - HTTP Request: POST http://localhost:8002/api/beds/update "HTTP/1.1 201 Created"
2025-09-11 14:44:03,633 - __main__ - INFO - Updated general beds for hospital 10 to 1484
2025-09-11 14:44:03,649 - httpx - INFO - HTTP Request: POST http://localhost:8002/api/beds/update "HTTP/1.1 201 Created"
2025-09-11 14:44:03,649 - __main__ - INFO - Updated icu beds for hospital 10 to 300
2025-09-11 14:44:03,663 - httpx - INFO - HTTP Request: GET http://localhost:8002/api/beds/current/11 "HTTP/1.1 200 OK"
2025-09-11 14:44:03,679 - httpx - INFO - HTTP Request: POST http://localhost:8002/api/beds/update "HTTP/1.1 201 Created"
2025-09-11 14:44:03,679 - __main__ - INFO - Updated general beds for hospital 11 to 448
2025-09-11 14:44:03,695 - httpx - INFO - HTTP Request: GET http://localhost:8002/api/beds/current/12 "HTTP/1.1 200 OK"
2025-09-11 14:44:03,716 - httpx - INFO - HTTP Request: POST http://localhost:8002/api/beds/update "HTTP/1.1 201 Created"
2025-09-11 14:44:03,716 - __main__ - INFO - Updated general beds for hospital 12 to 344
2025-09-11 14:44:03,742 - httpx - INFO - HTTP Request: POST http://localhost:8002/api/beds/update "HTTP/1.1 201 Created"
2025-09-11 14:44:03,744 - __main__ - INFO - Updated icu beds for hospital 12 to 68
2025-09-11 14:44:03,771 - httpx - INFO - HTTP Request: GET http://localhost:8002/api/beds/current/13 "HTTP/1.1 200 OK"
2025-09-11 14:44:03,908 - httpx - INFO - HTTP Request: POST http://localhost:8002/api/beds/update "HTTP/1.1 201 Created"
2025-09-11 14:44:03,908 - __main__ - INFO - Updated general beds for hospital 13 to 242
2025-09-11 14:44:03,938 - httpx - INFO - HTTP Request: POST http://localhost:8002/api/beds/update "HTTP/1.1 201 Created"
2025-09-11 14:44:03,938 - __main__ - INFO - Updated icu beds for hospital 13 to 43
2025-09-11 14:44:03,962 - httpx - INFO - HTTP Request: GET http://localhost:8002/api/beds/current/14 "HTTP/1.1 200 OK"
2025-09-11 14:44:03,991 - httpx - INFO - HTTP Request: POST http://localhost:8002/api/beds/update "HTTP/1.1 201 Created"
2025-09-11 14:44:03,992 - __main__ - INFO - Updated icu beds for hospital 14 to 117
2025-09-11 14:44:04,012 - httpx - INFO - HTTP Request: GET http://localhost:8002/api/beds/current/15 "HTTP/1.1 200 OK"
2025-09-11 14:44:04,035 - httpx - INFO - HTTP Request: POST http://localhost:8002/api/beds/update "HTTP/1.1 201 Created"
2025-09-11 14:44:04,035 - __main__ - INFO - Updated general beds for hospital 15 to 276
2025-09-11 14:44:04,057 - httpx - INFO - HTTP Request: POST http://localhost:8002/api/beds/update "HTTP/1.1 201 Created"
2025-09-11 14:44:04,059 - __main__ - INFO - Updated icu beds for hospital 15 to 55
2025-09-11 14:44:04,100 - httpx - INFO - HTTP Request: GET http://localhost:8002/api/beds/current/16 "HTTP/1.1 200 OK"
2025-09-11 14:44:04,136 - httpx - INFO - HTTP Request: POST http://localhost:8002/api/beds/update "HTTP/1.1 201 Created"
2025-09-11 14:44:04,137 - __main__ - INFO - Updated general beds for hospital 16 to 279
2025-09-11 14:44:04,198 - httpx - INFO - HTTP Request: POST http://localhost:8002/api/beds/update "HTTP/1.1 201 Created"
2025-09-11 14:44:04,201 - __main__ - INFO - Updated icu beds for hospital 16 to 54
2025-09-11 14:44:04,279 - httpx - INFO - HTTP Request: GET http://localhost:8002/api/beds/current/17 "HTTP/1.1 200 OK"
2025-09-11 14:44:04,319 - httpx - INFO - HTTP Request: POST http://localhost:8002/api/beds/update "HTTP/1.1 201 Created"
2025-09-11 14:44:04,320 - __main__ - INFO - Updated general beds for hospital 17 to 90
2025-09-11 14:44:04,395 - httpx - INFO - HTTP Request: POST http://localhost:8002/api/beds/update "HTTP/1.1 201 Created"
2025-09-11 14:44:04,396 - __main__ - INFO - Updated icu beds for hospital 17 to 7
2025-09-11 14:44:04,435 - httpx - INFO - HTTP Request: GET http://localhost:8002/api/beds/current/18 "HTTP/1.1 200 OK"
2025-09-11 14:44:04,461 - httpx - INFO - HTTP Request: POST http://localhost:8002/api/beds/update "HTTP/1.1 201 Created"
2025-09-11 14:44:04,461 - __main__ - INFO - Updated general beds for hospital 18 to 176
2025-09-11 14:44:04,482 - httpx - INFO - HTTP Request: POST http://localhost:8002/api/beds/update "HTTP/1.1 201 Created"
2025-09-11 14:44:04,483 - __main__ - INFO - Updated icu beds for hospital 18 to 31
2025-09-11 14:44:04,504 - httpx - INFO - HTTP Request: GET http://localhost:8002/api/beds/current/19 "HTTP/1.1 200 OK"
2025-09-11 14:44:04,528 - httpx - INFO - HTTP Request: POST http://localhost:8002/api/beds/update "HTTP/1.1 201 Created"
2025-09-11 14:44:04,529 - __main__ - INFO - Updated general beds for hospital 19 to 179
2025-09-11 14:44:04,559 - httpx - INFO - HTTP Request: POST http://localhost:8002/api/beds/update "HTTP/1.1 201 Created"
2025-09-11 14:44:04,559 - __main__ - INFO - Updated icu beds for hospital 19 to 39
2025-09-11 14:44:04,627 - httpx - INFO - HTTP Request: GET http://localhost:8002/api/beds/current/20 "HTTP/1.1 200 OK"
2025-09-11 14:44:04,660 - httpx - INFO - HTTP Request: POST http://localhost:8002/api/beds/update "HTTP/1.1 201 Created"
2025-09-11 14:44:04,660 - __main__ - INFO - Updated general beds for hospital 20 to 174
2025-09-11 14:44:04,683 - httpx - INFO - HTTP Request: POST http://localhost:8002/api/beds/update "HTTP/1.1 201 Created"
2025-09-11 14:44:04,684 - __main__ - INFO - Updated icu beds for hospital 20 to 26
2025-09-11 14:44:24,717 - httpx - INFO - HTTP Request: GET http://localhost:8002/api/beds/current/1 "HTTP/1.1 200 OK"
2025-09-11 14:44:24,740 - httpx - INFO - HTTP Request: POST http://localhost:8002/api/beds/update "HTTP/1.1 201 Created"
2025-09-11 14:44:24,740 - __main__ - INFO - Updated general beds for hospital 1 to 996
2025-09-11 14:44:24,753 - httpx - INFO - HTTP Request: POST http://localhost:8002/api/beds/update "HTTP/1.1 201 Created"
2025-09-11 14:44:24,753 - __main__ - INFO - Updated icu beds for hospital 1 to 192
2025-09-11 14:44:24,763 - httpx - INFO - HTTP Request: GET http://localhost:8002/api/beds/current/2 "HTTP/1.1 200 OK"
2025-09-11 14:44:24,775 - httpx - INFO - HTTP Request: POST http://localhost:8002/api/beds/update "HTTP/1.1 201 Created"
2025-09-11 14:44:24,775 - __main__ - INFO - Updated general beds for hospital 2 to 672
2025-09-11 14:44:24,794 - httpx - INFO - HTTP Request: POST http://localhost:8002/api/beds/update "HTTP/1.1 201 Created"
2025-09-11 14:44:24,795 - __main__ - INFO - Updated icu beds for hospital 2 to 123
2025-09-11 14:44:24,812 - httpx - INFO - HTTP Request: GET http://localhost:8002/api/beds/current/3 "HTTP/1.1 200 OK"
2025-09-11 14:44:24,830 - httpx - INFO - HTTP Request: POST http://localhost:8002/api/beds/update "HTTP/1.1 201 Created"
2025-09-11 14:44:24,830 - __main__ - INFO - Updated general beds for hospital 3 to 264
2025-09-11 14:44:24,848 - httpx - INFO - HTTP Request: POST http://localhost:8002/api/beds/update "HTTP/1.1 201 Created"
2025-09-11 14:44:24,849 - __main__ - INFO - Updated icu beds for hospital 3 to 36
2025-09-11 14:44:24,859 - httpx - INFO - HTTP Request: GET http://localhost:8002/api/beds/current/4 "HTTP/1.1 200 OK"
2025-09-11 14:44:24,871 - httpx - INFO - HTTP Request: POST http://localhost:8002/api/beds/update "HTTP/1.1 201 Created"
2025-09-11 14:44:24,871 - __main__ - INFO - Updated general beds for hospital 4 to 1150
2025-09-11 14:44:24,884 - httpx - INFO - HTTP Request: POST http://localhost:8002/api/beds/update "HTTP/1.1 201 Created"
2025-09-11 14:44:24,885 - __main__ - INFO - Updated icu beds for hospital 4 to 220
2025-09-11 14:44:24,895 - httpx - INFO - HTTP Request: GET http://localhost:8002/api/beds/current/5 "HTTP/1.1 200 OK"
2025-09-11 14:44:24,907 - httpx - INFO - HTTP Request: POST http://localhost:8002/api/beds/update "HTTP/1.1 201 Created"
2025-09-11 14:44:24,907 - __main__ - INFO - Updated general beds for hospital 5 to 981
2025-09-11 14:44:24,920 - httpx - INFO - HTTP Request: POST http://localhost:8002/api/beds/update "HTTP/1.1 201 Created"
2025-09-11 14:44:24,920 - __main__ - INFO - Updated icu beds for hospital 5 to 191
2025-09-11 14:44:24,930 - httpx - INFO - HTTP Request: GET http://localhost:8002/api/beds/current/6 "HTTP/1.1 200 OK"
2025-09-11 14:44:24,942 - httpx - INFO - HTTP Request: POST http://localhost:8002/api/beds/update "HTTP/1.1 201 Created"
2025-09-11 14:44:24,987 - __main__ - INFO - Updated general beds for hospital 6 to 490
2025-09-11 14:44:25,000 - httpx - INFO - HTTP Request: POST http://localhost:8002/api/beds/update "HTTP/1.1 201 Created"
2025-09-11 14:44:25,001 - __main__ - INFO - Updated icu beds for hospital 6 to 82
2025-09-11 14:44:25,011 - httpx - INFO - HTTP Request: GET http://localhost:8002/api/beds/current/7 "HTTP/1.1 200 OK"
2025-09-11 14:44:25,023 - httpx - INFO - HTTP Request: POST http://localhost:8002/api/beds/update "HTTP/1.1 201 Created"
2025-09-11 14:44:25,023 - __main__ - INFO - Updated general beds for hospital 7 to 488
2025-09-11 14:44:25,035 - httpx - INFO - HTTP Request: POST http://localhost:8002/api/beds/update "HTTP/1.1 201 Created"
2025-09-11 14:44:25,035 - __main__ - INFO - Updated icu beds for hospital 7 to 100
2025-09-11 14:44:25,045 - httpx - INFO - HTTP Request: GET http://localhost:8002/api/beds/current/8 "HTTP/1.1 200 OK"
2025-09-11 14:44:25,057 - httpx - INFO - HTTP Request: POST http://localhost:8002/api/beds/update "HTTP/1.1 201 Created"
2025-09-11 14:44:25,058 - __main__ - INFO - Updated general beds for hospital 8 to 465
2025-09-11 14:44:25,069 - httpx - INFO - HTTP Request: POST http://localhost:8002/api/beds/update "HTTP/1.1 201 Created"
2025-09-11 14:44:25,069 - __main__ - INFO - Updated icu beds for hospital 8 to 84
2025-09-11 14:44:25,080 - httpx - INFO - HTTP Request: GET http://localhost:8002/api/beds/current/9 "HTTP/1.1 200 OK"
2025-09-11 14:44:25,094 - httpx - INFO - HTTP Request: POST http://localhost:8002/api/beds/update "HTTP/1.1 201 Created"
2025-09-11 14:44:25,094 - __main__ - INFO - Updated general beds for hospital 9 to 385
2025-09-11 14:44:25,106 - httpx - INFO - HTTP Request: POST http://localhost:8002/api/beds/update "HTTP/1.1 201 Created"
2025-09-11 14:44:25,107 - __main__ - INFO - Updated icu beds for hospital 9 to 80
2025-09-11 14:44:25,117 - httpx - INFO - HTTP Request: GET http://localhost:8002/api/beds/current/10 "HTTP/1.1 200 OK"
2025-09-11 14:44:25,129 - httpx - INFO - HTTP Request: POST http://localhost:8002/api/beds/update "HTTP/1.1 201 Created"
2025-09-11 14:44:25,129 - __main__ - INFO - Updated general beds for hospital 10 to 1492
2025-09-11 14:44:25,140 - httpx - INFO - HTTP Request: POST http://localhost:8002/api/beds/update "HTTP/1.1 201 Created"
2025-09-11 14:44:25,141 - __main__ - INFO - Updated icu beds for hospital 10 to 300
2025-09-11 14:44:25,150 - httpx - INFO - HTTP Request: GET http://localhost:8002/api/beds/current/11 "HTTP/1.1 200 OK"
2025-09-11 14:44:25,163 - httpx - INFO - HTTP Request: POST http://localhost:8002/api/beds/update "HTTP/1.1 201 Created"
2025-09-11 14:44:25,163 - __main__ - INFO - Updated general beds for hospital 11 to 446
2025-09-11 14:44:25,175 - httpx - INFO - HTTP Request: POST http://localhost:8002/api/beds/update "HTTP/1.1 201 Created"
2025-09-11 14:44:25,175 - __main__ - INFO - Updated icu beds for hospital 11 to 84
2025-09-11 14:44:25,188 - httpx - INFO - HTTP Request: GET http://localhost:8002/api/beds/current/12 "HTTP/1.1 200 OK"
2025-09-11 14:44:25,199 - httpx - INFO - HTTP Request: POST http://localhost:8002/api/beds/update "HTTP/1.1 201 Created"
2025-09-11 14:44:25,200 - __main__ - INFO - Updated general beds for hospital 12 to 334
2025-09-11 14:44:25,211 - httpx - INFO - HTTP Request: POST http://localhost:8002/api/beds/update "HTTP/1.1 201 Created"
2025-09-11 14:44:25,211 - __main__ - INFO - Updated icu beds for hospital 12 to 69
2025-09-11 14:44:25,220 - httpx - INFO - HTTP Request: GET http://localhost:8002/api/beds/current/13 "HTTP/1.1 200 OK"
2025-09-11 14:44:25,232 - httpx - INFO - HTTP Request: POST http://localhost:8002/api/beds/update "HTTP/1.1 201 Created"
2025-09-11 14:44:25,232 - __main__ - INFO - Updated general beds for hospital 13 to 236
2025-09-11 14:44:25,243 - httpx - INFO - HTTP Request: POST http://localhost:8002/api/beds/update "HTTP/1.1 201 Created"
2025-09-11 14:44:25,244 - __main__ - INFO - Updated icu beds for hospital 13 to 40
2025-09-11 14:44:25,253 - httpx - INFO - HTTP Request: GET http://localhost:8002/api/beds/current/14 "HTTP/1.1 200 OK"
2025-09-11 14:44:25,265 - httpx - INFO - HTTP Request: POST http://localhost:8002/api/beds/update "HTTP/1.1 201 Created"
2025-09-11 14:44:25,265 - __main__ - INFO - Updated general beds for hospital 14 to 596
2025-09-11 14:44:25,276 - httpx - INFO - HTTP Request: POST http://localhost:8002/api/beds/update "HTTP/1.1 201 Created"
2025-09-11 14:44:25,276 - __main__ - INFO - Updated icu beds for hospital 14 to 116
2025-09-11 14:44:25,288 - httpx - INFO - HTTP Request: GET http://localhost:8002/api/beds/current/15 "HTTP/1.1 200 OK"
2025-09-11 14:44:25,299 - httpx - INFO - HTTP Request: POST http://localhost:8002/api/beds/update "HTTP/1.1 201 Created"
2025-09-11 14:44:25,300 - __main__ - INFO - Updated general beds for hospital 15 to 276
2025-09-11 14:44:25,310 - httpx - INFO - HTTP Request: POST http://localhost:8002/api/beds/update "HTTP/1.1 201 Created"
2025-09-11 14:44:25,311 - __main__ - INFO - Updated icu beds for hospital 15 to 55
2025-09-11 14:44:25,320 - httpx - INFO - HTTP Request: GET http://localhost:8002/api/beds/current/16 "HTTP/1.1 200 OK"
2025-09-11 14:44:25,332 - httpx - INFO - HTTP Request: POST http://localhost:8002/api/beds/update "HTTP/1.1 201 Created"
2025-09-11 14:44:25,332 - __main__ - INFO - Updated general beds for hospital 16 to 280
2025-09-11 14:44:25,344 - httpx - INFO - HTTP Request: POST http://localhost:8002/api/beds/update "HTTP/1.1 201 Created"
2025-09-11 14:44:25,344 - __main__ - INFO - Updated icu beds for hospital 16 to 53
2025-09-11 14:44:25,354 - httpx - INFO - HTTP Request: GET http://localhost:8002/api/beds/current/17 "HTTP/1.1 200 OK"
2025-09-11 14:44:25,366 - httpx - INFO - HTTP Request: POST http://localhost:8002/api/beds/update "HTTP/1.1 201 Created"
2025-09-11 14:44:25,366 - __main__ - INFO - Updated general beds for hospital 17 to 84
2025-09-11 14:44:25,378 - httpx - INFO - HTTP Request: POST http://localhost:8002/api/beds/update "HTTP/1.1 201 Created"
2025-09-11 14:44:25,378 - __main__ - INFO - Updated icu beds for hospital 17 to 6
2025-09-11 14:44:25,390 - httpx - INFO - HTTP Request: GET http://localhost:8002/api/beds/current/18 "HTTP/1.1 200 OK"
2025-09-11 14:44:25,402 - httpx - INFO - HTTP Request: POST http://localhost:8002/api/beds/update "HTTP/1.1 201 Created"
2025-09-11 14:44:25,402 - __main__ - INFO - Updated general beds for hospital 18 to 183
2025-09-11 14:44:25,413 - httpx - INFO - HTTP Request: POST http://localhost:8002/api/beds/update "HTTP/1.1 201 Created"
2025-09-11 14:44:25,414 - __main__ - INFO - Updated icu beds for hospital 18 to 28
2025-09-11 14:44:25,423 - httpx - INFO - HTTP Request: GET http://localhost:8002/api/beds/current/19 "HTTP/1.1 200 OK"
2025-09-11 14:44:25,434 - httpx - INFO - HTTP Request: POST http://localhost:8002/api/beds/update "HTTP/1.1 201 Created"
2025-09-11 14:44:25,475 - __main__ - INFO - Updated general beds for hospital 19 to 173
2025-09-11 14:44:25,492 - httpx - INFO - HTTP Request: POST http://localhost:8002/api/beds/update "HTTP/1.1 201 Created"
2025-09-11 14:44:25,492 - __main__ - INFO - Updated icu beds for hospital 19 to 40
2025-09-11 14:44:25,502 - httpx - INFO - HTTP Request: GET http://localhost:8002/api/beds/current/20 "HTTP/1.1 200 OK"
2025-09-11 14:44:25,514 - httpx - INFO - HTTP Request: POST http://localhost:8002/api/beds/update "HTTP/1.1 201 Created"
2025-09-11 14:44:25,514 - __main__ - INFO - Updated general beds for hospital 20 to 170
2025-09-11 14:44:25,525 - httpx - INFO - HTTP Request: POST http://localhost:8002/api/beds/update "HTTP/1.1 201 Created"
2025-09-11 14:44:25,525 - __main__ - INFO - Updated icu beds for hospital 20 to 25
2025-09-11 14:44:45,539 - httpx - INFO - HTTP Request: GET http://localhost:8002/api/beds/current/1 "HTTP/1.1 200 OK"
2025-09-11 14:44:45,552 - httpx - INFO - HTTP Request: POST http://localhost:8002/api/beds/update "HTTP/1.1 201 Created"
2025-09-11 14:44:45,552 - __main__ - INFO - Updated general beds for hospital 1 to 990
2025-09-11 14:44:45,564 - httpx - INFO - HTTP Request: POST http://localhost:8002/api/beds/update "HTTP/1.1 201 Created"
2025-09-11 14:44:45,564 - __main__ - INFO - Updated icu beds for hospital 1 to 191
2025-09-11 14:44:45,574 - httpx - INFO - HTTP Request: GET http://localhost:8002/api/beds/current/2 "HTTP/1.1 200 OK"
2025-09-11 14:44:45,585 - httpx - INFO - HTTP Request: POST http://localhost:8002/api/beds/update "HTTP/1.1 201 Created"
2025-09-11 14:44:45,586 - __main__ - INFO - Updated general beds for hospital 2 to 673
2025-09-11 14:44:45,597 - httpx - INFO - HTTP Request: POST http://localhost:8002/api/beds/update "HTTP/1.1 201 Created"
2025-09-11 14:44:45,597 - __main__ - INFO - Updated icu beds for hospital 2 to 127
2025-09-11 14:44:45,607 - httpx - INFO - HTTP Request: GET http://localhost:8002/api/beds/current/3 "HTTP/1.1 200 OK"
2025-09-11 14:44:45,617 - httpx - INFO - HTTP Request: POST http://localhost:8002/api/beds/update "HTTP/1.1 201 Created"
2025-09-11 14:44:45,618 - __main__ - INFO - Updated general beds for hospital 3 to 270
2025-09-11 14:44:45,628 - httpx - INFO - HTTP Request: POST http://localhost:8002/api/beds/update "HTTP/1.1 201 Created"
2025-09-11 14:44:45,628 - __main__ - INFO - Updated icu beds for hospital 3 to 40
2025-09-11 14:44:45,637 - httpx - INFO - HTTP Request: GET http://localhost:8002/api/beds/current/4 "HTTP/1.1 200 OK"
2025-09-11 14:44:45,647 - httpx - INFO - HTTP Request: POST http://localhost:8002/api/beds/update "HTTP/1.1 201 Created"
2025-09-11 14:44:45,647 - __main__ - INFO - Updated general beds for hospital 4 to 1150
2025-09-11 14:44:45,659 - httpx - INFO - HTTP Request: POST http://localhost:8002/api/beds/update "HTTP/1.1 201 Created"
2025-09-11 14:44:45,659 - __main__ - INFO - Updated icu beds for hospital 4 to 225
2025-09-11 14:44:45,669 - httpx - INFO - HTTP Request: GET http://localhost:8002/api/beds/current/5 "HTTP/1.1 200 OK"
2025-09-11 14:44:45,681 - httpx - INFO - HTTP Request: POST http://localhost:8002/api/beds/update "HTTP/1.1 201 Created"
2025-09-11 14:44:45,681 - __main__ - INFO - Updated general beds for hospital 5 to 971
2025-09-11 14:44:45,691 - httpx - INFO - HTTP Request: POST http://localhost:8002/api/beds/update "HTTP/1.1 201 Created"
2025-09-11 14:44:45,691 - __main__ - INFO - Updated icu beds for hospital 5 to 190
2025-09-11 14:44:45,700 - httpx - INFO - HTTP Request: GET http://localhost:8002/api/beds/current/6 "HTTP/1.1 200 OK"
2025-09-11 14:44:45,709 - httpx - INFO - HTTP Request: POST http://localhost:8002/api/beds/update "HTTP/1.1 201 Created"
2025-09-11 14:44:45,709 - __main__ - INFO - Updated general beds for hospital 6 to 484
2025-09-11 14:44:45,718 - httpx - INFO - HTTP Request: POST http://localhost:8002/api/beds/update "HTTP/1.1 201 Created"
2025-09-11 14:44:45,719 - __main__ - INFO - Updated icu beds for hospital 6 to 77
2025-09-11 14:44:45,727 - httpx - INFO - HTTP Request: GET http://localhost:8002/api/beds/current/7 "HTTP/1.1 200 OK"
2025-09-11 14:44:45,736 - httpx - INFO - HTTP Request: POST http://localhost:8002/api/beds/update "HTTP/1.1 201 Created"
2025-09-11 14:44:45,736 - __main__ - INFO - Updated general beds for hospital 7 to 491
2025-09-11 14:44:45,747 - httpx - INFO - HTTP Request: POST http://localhost:8002/api/beds/update "HTTP/1.1 201 Created"
2025-09-11 14:44:45,747 - __main__ - INFO - Updated icu beds for hospital 7 to 99
2025-09-11 14:44:45,755 - httpx - INFO - HTTP Request: GET http://localhost:8002/api/beds/current/8 "HTTP/1.1 200 OK"
2025-09-11 14:44:45,774 - httpx - INFO - HTTP Request: POST http://localhost:8002/api/beds/update "HTTP/1.1 201 Created"
2025-09-11 14:44:45,774 - __main__ - INFO - Updated general beds for hospital 8 to 467
2025-09-11 14:44:45,783 - httpx - INFO - HTTP Request: POST http://localhost:8002/api/beds/update "HTTP/1.1 201 Created"
2025-09-11 14:44:45,783 - __main__ - INFO - Updated icu beds for hospital 8 to 82
2025-09-11 14:44:45,792 - httpx - INFO - HTTP Request: GET http://localhost:8002/api/beds/current/9 "HTTP/1.1 200 OK"
2025-09-11 14:44:45,802 - httpx - INFO - HTTP Request: POST http://localhost:8002/api/beds/update "HTTP/1.1 201 Created"
2025-09-11 14:44:45,802 - __main__ - INFO - Updated general beds for hospital 9 to 387
2025-09-11 14:44:45,812 - httpx - INFO - HTTP Request: POST http://localhost:8002/api/beds/update "HTTP/1.1 201 Created"
2025-09-11 14:44:45,812 - __main__ - INFO - Updated icu beds for hospital 9 to 80
2025-09-11 14:44:45,821 - httpx - INFO - HTTP Request: GET http://localhost:8002/api/beds/current/10 "HTTP/1.1 200 OK"
2025-09-11 14:44:45,832 - httpx - INFO - HTTP Request: POST http://localhost:8002/api/beds/update "HTTP/1.1 201 Created"
2025-09-11 14:44:45,832 - __main__ - INFO - Updated general beds for hospital 10 to 1500
2025-09-11 14:44:45,843 - httpx - INFO - HTTP Request: POST http://localhost:8002/api/beds/update "HTTP/1.1 201 Created"
2025-09-11 14:44:45,843 - __main__ - INFO - Updated icu beds for hospital 10 to 300
2025-09-11 14:44:45,851 - httpx - INFO - HTTP Request: GET http://localhost:8002/api/beds/current/11 "HTTP/1.1 200 OK"
2025-09-11 14:44:45,861 - httpx - INFO - HTTP Request: POST http://localhost:8002/api/beds/update "HTTP/1.1 201 Created"
2025-09-11 14:44:45,861 - __main__ - INFO - Updated general beds for hospital 11 to 450
2025-09-11 14:44:45,872 - httpx - INFO - HTTP Request: POST http://localhost:8002/api/beds/update "HTTP/1.1 201 Created"
2025-09-11 14:44:45,872 - __main__ - INFO - Updated icu beds for hospital 11 to 82
2025-09-11 14:44:45,884 - httpx - INFO - HTTP Request: GET http://localhost:8002/api/beds/current/12 "HTTP/1.1 200 OK"
2025-09-11 14:44:45,937 - httpx - INFO - HTTP Request: POST http://localhost:8002/api/beds/update "HTTP/1.1 201 Created"
2025-09-11 14:44:45,938 - __main__ - INFO - Updated general beds for hospital 12 to 328
2025-09-11 14:44:45,952 - httpx - INFO - HTTP Request: POST http://localhost:8002/api/beds/update "HTTP/1.1 201 Created"
2025-09-11 14:44:45,953 - __main__ - INFO - Updated icu beds for hospital 12 to 70
2025-09-11 14:44:45,965 - httpx - INFO - HTTP Request: GET http://localhost:8002/api/beds/current/13 "HTTP/1.1 200 OK"
2025-09-11 14:44:45,978 - httpx - INFO - HTTP Request: POST http://localhost:8002/api/beds/update "HTTP/1.1 201 Created"
2025-09-11 14:44:45,978 - __main__ - INFO - Updated general beds for hospital 13 to 237
2025-09-11 14:44:45,992 - httpx - INFO - HTTP Request: POST http://localhost:8002/api/beds/update "HTTP/1.1 201 Created"
2025-09-11 14:44:45,992 - __main__ - INFO - Updated icu beds for hospital 13 to 41
2025-09-11 14:44:46,004 - httpx - INFO - HTTP Request: GET http://localhost:8002/api/beds/current/14 "HTTP/1.1 200 OK"
2025-09-11 14:44:46,018 - httpx - INFO - HTTP Request: POST http://localhost:8002/api/beds/update "HTTP/1.1 201 Created"
2025-09-11 14:44:46,019 - __main__ - INFO - Updated general beds for hospital 14 to 592
2025-09-11 14:44:46,033 - httpx - INFO - HTTP Request: POST http://localhost:8002/api/beds/update "HTTP/1.1 201 Created"
2025-09-11 14:44:46,033 - __main__ - INFO - Updated icu beds for hospital 14 to 113
2025-09-11 14:44:46,048 - httpx - INFO - HTTP Request: GET http://localhost:8002/api/beds/current/15 "HTTP/1.1 200 OK"
2025-09-11 14:44:46,062 - httpx - INFO - HTTP Request: POST http://localhost:8002/api/beds/update "HTTP/1.1 201 Created"
2025-09-11 14:44:46,063 - __main__ - INFO - Updated general beds for hospital 15 to 274
2025-09-11 14:44:46,081 - httpx - INFO - HTTP Request: POST http://localhost:8002/api/beds/update "HTTP/1.1 201 Created"
2025-09-11 14:44:46,082 - __main__ - INFO - Updated icu beds for hospital 15 to 53
2025-09-11 14:44:46,095 - httpx - INFO - HTTP Request: GET http://localhost:8002/api/beds/current/16 "HTTP/1.1 200 OK"
2025-09-11 14:44:46,115 - httpx - INFO - HTTP Request: POST http://localhost:8002/api/beds/update "HTTP/1.1 201 Created"
2025-09-11 14:44:46,116 - __main__ - INFO - Updated general beds for hospital 16 to 272
2025-09-11 14:44:46,135 - httpx - INFO - HTTP Request: POST http://localhost:8002/api/beds/update "HTTP/1.1 201 Created"
2025-09-11 14:44:46,136 - __main__ - INFO - Updated icu beds for hospital 16 to 49
2025-09-11 14:44:46,152 - httpx - INFO - HTTP Request: GET http://localhost:8002/api/beds/current/17 "HTTP/1.1 200 OK"
2025-09-11 14:44:46,170 - httpx - INFO - HTTP Request: POST http://localhost:8002/api/beds/update "HTTP/1.1 201 Created"
2025-09-11 14:44:46,170 - __main__ - INFO - Updated general beds for hospital 17 to 83
2025-09-11 14:44:46,186 - httpx - INFO - HTTP Request: POST http://localhost:8002/api/beds/update "HTTP/1.1 201 Created"
2025-09-11 14:44:46,186 - __main__ - INFO - Updated icu beds for hospital 17 to 11
2025-09-11 14:44:46,203 - httpx - INFO - HTTP Request: GET http://localhost:8002/api/beds/current/18 "HTTP/1.1 200 OK"
2025-09-11 14:44:46,217 - httpx - INFO - HTTP Request: POST http://localhost:8002/api/beds/update "HTTP/1.1 201 Created"
2025-09-11 14:44:46,217 - __main__ - INFO - Updated general beds for hospital 18 to 188
2025-09-11 14:44:46,230 - httpx - INFO - HTTP Request: POST http://localhost:8002/api/beds/update "HTTP/1.1 201 Created"
2025-09-11 14:44:46,230 - __main__ - INFO - Updated icu beds for hospital 18 to 23
2025-09-11 14:44:46,241 - httpx - INFO - HTTP Request: GET http://localhost:8002/api/beds/current/19 "HTTP/1.1 200 OK"
2025-09-11 14:44:46,254 - httpx - INFO - HTTP Request: POST http://localhost:8002/api/beds/update "HTTP/1.1 201 Created"
2025-09-11 14:44:46,254 - __main__ - INFO - Updated general beds for hospital 19 to 168
2025-09-11 14:44:46,267 - httpx - INFO - HTTP Request: POST http://localhost:8002/api/beds/update "HTTP/1.1 201 Created"
2025-09-11 14:44:46,267 - __main__ - INFO - Updated icu beds for hospital 19 to 36
2025-09-11 14:44:46,278 - httpx - INFO - HTTP Request: GET http://localhost:8002/api/beds/current/20 "HTTP/1.1 200 OK"
2025-09-11 14:44:46,291 - httpx - INFO - HTTP Request: POST http://localhost:8002/api/beds/update "HTTP/1.1 201 Created"
2025-09-11 14:44:46,291 - __main__ - INFO - Updated general beds for hospital 20 to 165
2025-09-11 14:44:46,307 - httpx - INFO - HTTP Request: POST http://localhost:8002/api/beds/update "HTTP/1.1 201 Created"
2025-09-11 14:44:46,307 - __main__ - INFO - Updated icu beds for hospital 20 to 22
2025-09-11 14:45:06,325 - httpx - INFO - HTTP Request: GET http://localhost:8002/api/beds/current/1 "HTTP/1.1 200 OK"
2025-09-11 14:45:06,339 - httpx - INFO - HTTP Request: POST http://localhost:8002/api/beds/update "HTTP/1.1 201 Created"
2025-09-11 14:45:06,339 - __main__ - INFO - Updated general beds for hospital 1 to 982
2025-09-11 14:45:06,353 - httpx - INFO - HTTP Request: POST http://localhost:8002/api/beds/update "HTTP/1.1 201 Created"
2025-09-11 14:45:06,353 - __main__ - INFO - Updated icu beds for hospital 1 to 193
2025-09-11 14:45:06,363 - httpx - INFO - HTTP Request: GET http://localhost:8002/api/beds/current/2 "HTTP/1.1 200 OK"
2025-09-11 14:45:06,381 - httpx - INFO - HTTP Request: POST http://localhost:8002/api/beds/update "HTTP/1.1 201 Created"
2025-09-11 14:45:06,381 - __main__ - INFO - Updated general beds for hospital 2 to 671
2025-09-11 14:45:06,401 - httpx - INFO - HTTP Request: POST http://localhost:8002/api/beds/update "HTTP/1.1 201 Created"
2025-09-11 14:45:06,402 - __main__ - INFO - Updated icu beds for hospital 2 to 124
2025-09-11 14:45:06,415 - httpx - INFO - HTTP Request: GET http://localhost:8002/api/beds/current/3 "HTTP/1.1 200 OK"
2025-09-11 14:45:06,430 - httpx - INFO - HTTP Request: POST http://localhost:8002/api/beds/update "HTTP/1.1 201 Created"
2025-09-11 14:45:06,430 - __main__ - INFO - Updated general beds for hospital 3 to 269
2025-09-11 14:45:06,444 - httpx - INFO - HTTP Request: POST http://localhost:8002/api/beds/update "HTTP/1.1 201 Created"
2025-09-11 14:45:06,444 - __main__ - INFO - Updated icu beds for hospital 3 to 35
2025-09-11 14:45:06,460 - httpx - INFO - HTTP Request: GET http://localhost:8002/api/beds/current/4 "HTTP/1.1 200 OK"
2025-09-11 14:45:06,476 - httpx - INFO - HTTP Request: POST http://localhost:8002/api/beds/update "HTTP/1.1 201 Created"
2025-09-11 14:45:06,476 - __main__ - INFO - Updated general beds for hospital 4 to 1144
2025-09-11 14:45:06,488 - httpx - INFO - HTTP Request: POST http://localhost:8002/api/beds/update "HTTP/1.1 201 Created"
2025-09-11 14:45:06,488 - __main__ - INFO - Updated icu beds for hospital 4 to 228
2025-09-11 14:45:06,498 - httpx - INFO - HTTP Request: GET http://localhost:8002/api/beds/current/5 "HTTP/1.1 200 OK"
2025-09-11 14:45:06,557 - httpx - INFO - HTTP Request: POST http://localhost:8002/api/beds/update "HTTP/1.1 201 Created"
2025-09-11 14:45:06,558 - __main__ - INFO - Updated general beds for hospital 5 to 973
2025-09-11 14:45:06,571 - httpx - INFO - HTTP Request: POST http://localhost:8002/api/beds/update "HTTP/1.1 201 Created"
2025-09-11 14:45:06,571 - __main__ - INFO - Updated icu beds for hospital 5 to 187
2025-09-11 14:45:06,581 - httpx - INFO - HTTP Request: GET http://localhost:8002/api/beds/current/6 "HTTP/1.1 200 OK"
2025-09-11 14:45:06,594 - httpx - INFO - HTTP Request: POST http://localhost:8002/api/beds/update "HTTP/1.1 201 Created"
2025-09-11 14:45:06,594 - __main__ - INFO - Updated general beds for hospital 6 to 487
2025-09-11 14:45:06,606 - httpx - INFO - HTTP Request: POST http://localhost:8002/api/beds/update "HTTP/1.1 201 Created"
2025-09-11 14:45:06,606 - __main__ - INFO - Updated icu beds for hospital 6 to 82
2025-09-11 14:45:06,616 - httpx - INFO - HTTP Request: GET http://localhost:8002/api/beds/current/7 "HTTP/1.1 200 OK"
2025-09-11 14:45:06,627 - httpx - INFO - HTTP Request: POST http://localhost:8002/api/beds/update "HTTP/1.1 201 Created"
2025-09-11 14:45:06,627 - __main__ - INFO - Updated general beds for hospital 7 to 485
2025-09-11 14:45:06,639 - httpx - INFO - HTTP Request: POST http://localhost:8002/api/beds/update "HTTP/1.1 201 Created"
2025-09-11 14:45:06,639 - __main__ - INFO - Updated icu beds for hospital 7 to 97
2025-09-11 14:45:06,649 - httpx - INFO - HTTP Request: GET http://localhost:8002/api/beds/current/8 "HTTP/1.1 200 OK"
2025-09-11 14:45:06,661 - httpx - INFO - HTTP Request: POST http://localhost:8002/api/beds/update "HTTP/1.1 201 Created"
2025-09-11 14:45:06,661 - __main__ - INFO - Updated general beds for hospital 8 to 460
2025-09-11 14:45:06,674 - httpx - INFO - HTTP Request: POST http://localhost:8002/api/beds/update "HTTP/1.1 201 Created"
2025-09-11 14:45:06,674 - __main__ - INFO - Updated icu beds for hospital 8 to 80
2025-09-11 14:45:06,693 - httpx - INFO - HTTP Request: GET http://localhost:8002/api/beds/current/9 "HTTP/1.1 200 OK"
2025-09-11 14:45:06,708 - httpx - INFO - HTTP Request: POST http://localhost:8002/api/beds/update "HTTP/1.1 201 Created"
2025-09-11 14:45:06,709 - __main__ - INFO - Updated general beds for hospital 9 to 384
2025-09-11 14:45:06,721 - httpx - INFO - HTTP Request: POST http://localhost:8002/api/beds/update "HTTP/1.1 201 Created"
2025-09-11 14:45:06,722 - __main__ - INFO - Updated icu beds for hospital 9 to 78
2025-09-11 14:45:06,733 - httpx - INFO - HTTP Request: GET http://localhost:8002/api/beds/current/10 "HTTP/1.1 200 OK"
2025-09-11 14:45:06,745 - httpx - INFO - HTTP Request: POST http://localhost:8002/api/beds/update "HTTP/1.1 201 Created"
2025-09-11 14:45:06,745 - __main__ - INFO - Updated general beds for hospital 10 to 1500
2025-09-11 14:45:06,757 - httpx - INFO - HTTP Request: POST http://localhost:8002/api/beds/update "HTTP/1.1 201 Created"
2025-09-11 14:45:06,757 - __main__ - INFO - Updated icu beds for hospital 10 to 298
2025-09-11 14:45:06,768 - httpx - INFO - HTTP Request: GET http://localhost:8002/api/beds/current/11 "HTTP/1.1 200 OK"
2025-09-11 14:45:06,783 - httpx - INFO - HTTP Request: POST http://localhost:8002/api/beds/update "HTTP/1.1 201 Created"
2025-09-11 14:45:06,783 - __main__ - INFO - Updated general beds for hospital 11 to 450
2025-09-11 14:45:06,801 - httpx - INFO - HTTP Request: POST http://localhost:8002/api/beds/update "HTTP/1.1 201 Created"
2025-09-11 14:45:06,801 - __main__ - INFO - Updated icu beds for hospital 11 to 81
2025-09-11 14:45:06,819 - httpx - INFO - HTTP Request: GET http://localhost:8002/api/beds/current/12 "HTTP/1.1 200 OK"
2025-09-11 14:45:06,851 - httpx - INFO - HTTP Request: POST http://localhost:8002/api/beds/update "HTTP/1.1 201 Created"
2025-09-11 14:45:06,851 - __main__ - INFO - Updated general beds for hospital 12 to 338
2025-09-11 14:45:06,895 - httpx - INFO - HTTP Request: GET http://localhost:8002/api/beds/current/13 "HTTP/1.1 200 OK"
2025-09-11 14:45:06,945 - httpx - INFO - HTTP Request: POST http://localhost:8002/api/beds/update "HTTP/1.1 201 Created"
2025-09-11 14:45:06,945 - __main__ - INFO - Updated general beds for hospital 13 to 246
2025-09-11 14:45:06,966 - httpx - INFO - HTTP Request: POST http://localhost:8002/api/beds/update "HTTP/1.1 201 Created"
2025-09-11 14:45:06,966 - __main__ - INFO - Updated icu beds for hospital 13 to 45
2025-09-11 14:45:06,984 - httpx - INFO - HTTP Request: GET http://localhost:8002/api/beds/current/14 "HTTP/1.1 200 OK"
2025-09-11 14:45:07,008 - httpx - INFO - HTTP Request: POST http://localhost:8002/api/beds/update "HTTP/1.1 201 Created"
2025-09-11 14:45:07,008 - __main__ - INFO - Updated general beds for hospital 14 to 583
2025-09-11 14:45:07,034 - httpx - INFO - HTTP Request: POST http://localhost:8002/api/beds/update "HTTP/1.1 201 Created"
2025-09-11 14:45:07,035 - __main__ - INFO - Updated icu beds for hospital 14 to 116
2025-09-11 14:45:07,051 - httpx - INFO - HTTP Request: GET http://localhost:8002/api/beds/current/15 "HTTP/1.1 200 OK"
2025-09-11 14:45:07,067 - httpx - INFO - HTTP Request: POST http://localhost:8002/api/beds/update "HTTP/1.1 201 Created"
2025-09-11 14:45:07,067 - __main__ - INFO - Updated general beds for hospital 15 to 275
2025-09-11 14:45:07,084 - httpx - INFO - HTTP Request: POST http://localhost:8002/api/beds/update "HTTP/1.1 201 Created"
2025-09-11 14:45:07,084 - __main__ - INFO - Updated icu beds for hospital 15 to 55
2025-09-11 14:45:07,103 - httpx - INFO - HTTP Request: GET http://localhost:8002/api/beds/current/16 "HTTP/1.1 200 OK"
2025-09-11 14:45:07,138 - httpx - INFO - HTTP Request: POST http://localhost:8002/api/beds/update "HTTP/1.1 201 Created"
2025-09-11 14:45:07,139 - __main__ - INFO - Updated general beds for hospital 16 to 276
2025-09-11 14:45:07,158 - httpx - INFO - HTTP Request: POST http://localhost:8002/api/beds/update "HTTP/1.1 201 Created"
2025-09-11 14:45:07,158 - __main__ - INFO - Updated icu beds for hospital 16 to 51
2025-09-11 14:45:07,173 - httpx - INFO - HTTP Request: GET http://localhost:8002/api/beds/current/17 "HTTP/1.1 200 OK"
2025-09-11 14:45:07,190 - httpx - INFO - HTTP Request: POST http://localhost:8002/api/beds/update "HTTP/1.1 201 Created"
2025-09-11 14:45:07,190 - __main__ - INFO - Updated general beds for hospital 17 to 74
2025-09-11 14:45:07,209 - httpx - INFO - HTTP Request: POST http://localhost:8002/api/beds/update "HTTP/1.1 201 Created"
2025-09-11 14:45:07,210 - __main__ - INFO - Updated icu beds for hospital 17 to 7
2025-09-11 14:45:07,223 - httpx - INFO - HTTP Request: GET http://localhost:8002/api/beds/current/18 "HTTP/1.1 200 OK"
2025-09-11 14:45:07,240 - httpx - INFO - HTTP Request: POST http://localhost:8002/api/beds/update "HTTP/1.1 201 Created"
2025-09-11 14:45:07,240 - __main__ - INFO - Updated general beds for hospital 18 to 181
2025-09-11 14:45:07,270 - httpx - INFO - HTTP Request: POST http://localhost:8002/api/beds/update "HTTP/1.1 201 Created"
2025-09-11 14:45:07,337 - __main__ - INFO - Updated icu beds for hospital 18 to 24
2025-09-11 14:45:07,358 - httpx - INFO - HTTP Request: GET http://localhost:8002/api/beds/current/19 "HTTP/1.1 200 OK"
2025-09-11 14:45:07,386 - httpx - INFO - HTTP Request: POST http://localhost:8002/api/beds/update "HTTP/1.1 201 Created"
2025-09-11 14:45:07,387 - __main__ - INFO - Updated general beds for hospital 19 to 163
2025-09-11 14:45:07,416 - httpx - INFO - HTTP Request: POST http://localhost:8002/api/beds/update "HTTP/1.1 201 Created"
2025-09-11 14:45:07,417 - __main__ - INFO - Updated icu beds for hospital 19 to 39
2025-09-11 14:45:07,439 - httpx - INFO - HTTP Request: GET http://localhost:8002/api/beds/current/20 "HTTP/1.1 200 OK"
2025-09-11 14:45:07,464 - httpx - INFO - HTTP Request: POST http://localhost:8002/api/beds/update "HTTP/1.1 201 Created"
2025-09-11 14:45:07,466 - __main__ - INFO - Updated general beds for hospital 20 to 167
2025-09-11 14:45:07,488 - httpx - INFO - HTTP Request: POST http://localhost:8002/api/beds/update "HTTP/1.1 201 Created"
2025-09-11 14:45:07,489 - __main__ - INFO - Updated icu beds for hospital 20 to 20
2025-09-11 14:45:27,531 - httpx - INFO - HTTP Request: GET http://localhost:8002/api/beds/current/1 "HTTP/1.1 200 OK"
2025-09-11 14:45:27,615 - httpx - INFO - HTTP Request: POST http://localhost:8002/api/beds/update "HTTP/1.1 201 Created"
2025-09-11 14:45:27,616 - __main__ - INFO - Updated general beds for hospital 1 to 983
2025-09-11 14:45:27,651 - httpx - INFO - HTTP Request: POST http://localhost:8002/api/beds/update "HTTP/1.1 201 Created"
2025-09-11 14:45:27,651 - __main__ - INFO - Updated icu beds for hospital 1 to 189
2025-09-11 14:45:27,674 - httpx - INFO - HTTP Request: GET http://localhost:8002/api/beds/current/2 "HTTP/1.1 200 OK"
2025-09-11 14:45:27,704 - httpx - INFO - HTTP Request: POST http://localhost:8002/api/beds/update "HTTP/1.1 201 Created"
2025-09-11 14:45:27,706 - __main__ - INFO - Updated general beds for hospital 2 to 661
2025-09-11 14:45:27,741 - httpx - INFO - HTTP Request: POST http://localhost:8002/api/beds/update "HTTP/1.1 201 Created"
2025-09-11 14:45:27,743 - __main__ - INFO - Updated icu beds for hospital 2 to 122
2025-09-11 14:45:27,758 - httpx - INFO - HTTP Request: GET http://localhost:8002/api/beds/current/3 "HTTP/1.1 200 OK"
2025-09-11 14:45:27,782 - httpx - INFO - HTTP Request: POST http://localhost:8002/api/beds/update "HTTP/1.1 201 Created"
2025-09-11 14:45:27,783 - __main__ - INFO - Updated general beds for hospital 3 to 271
2025-09-11 14:45:27,803 - httpx - INFO - HTTP Request: GET http://localhost:8002/api/beds/current/4 "HTTP/1.1 200 OK"
2025-09-11 14:45:27,824 - httpx - INFO - HTTP Request: POST http://localhost:8002/api/beds/update "HTTP/1.1 201 Created"
2025-09-11 14:45:27,825 - __main__ - INFO - Updated general beds for hospital 4 to 1145
2025-09-11 14:45:27,846 - httpx - INFO - HTTP Request: POST http://localhost:8002/api/beds/update "HTTP/1.1 201 Created"
2025-09-11 14:45:27,847 - __main__ - INFO - Updated icu beds for hospital 4 to 224
2025-09-11 14:45:28,036 - httpx - INFO - HTTP Request: GET http://localhost:8002/api/beds/current/5 "HTTP/1.1 200 OK"
2025-09-11 14:45:28,099 - httpx - INFO - HTTP Request: POST http://localhost:8002/api/beds/update "HTTP/1.1 201 Created"
2025-09-11 14:45:28,100 - __main__ - INFO - Updated general beds for hospital 5 to 969
2025-09-11 14:45:28,156 - httpx - INFO - HTTP Request: POST http://localhost:8002/api/beds/update "HTTP/1.1 201 Created"
2025-09-11 14:45:28,157 - __main__ - INFO - Updated icu beds for hospital 5 to 186
2025-09-11 14:45:28,182 - httpx - INFO - HTTP Request: GET http://localhost:8002/api/beds/current/6 "HTTP/1.1 200 OK"
2025-09-11 14:45:28,201 - httpx - INFO - HTTP Request: POST http://localhost:8002/api/beds/update "HTTP/1.1 201 Created"
2025-09-11 14:45:28,202 - __main__ - INFO - Updated general beds for hospital 6 to 492
2025-09-11 14:45:28,220 - httpx - INFO - HTTP Request: POST http://localhost:8002/api/beds/update "HTTP/1.1 201 Created"
2025-09-11 14:45:28,220 - __main__ - INFO - Updated icu beds for hospital 6 to 79
2025-09-11 14:45:28,238 - httpx - INFO - HTTP Request: GET http://localhost:8002/api/beds/current/7 "HTTP/1.1 200 OK"
2025-09-11 14:45:28,255 - httpx - INFO - HTTP Request: POST http://localhost:8002/api/beds/update "HTTP/1.1 201 Created"
2025-09-11 14:45:28,255 - __main__ - INFO - Updated general beds for hospital 7 to 480
2025-09-11 14:45:28,277 - httpx - INFO - HTTP Request: POST http://localhost:8002/api/beds/update "HTTP/1.1 201 Created"
2025-09-11 14:45:28,277 - __main__ - INFO - Updated icu beds for hospital 7 to 96
2025-09-11 14:45:28,291 - httpx - INFO - HTTP Request: GET http://localhost:8002/api/beds/current/8 "HTTP/1.1 200 OK"
2025-09-11 14:45:28,309 - httpx - INFO - HTTP Request: POST http://localhost:8002/api/beds/update "HTTP/1.1 201 Created"
2025-09-11 14:45:28,309 - __main__ - INFO - Updated general beds for hospital 8 to 457
2025-09-11 14:45:28,327 - httpx - INFO - HTTP Request: POST http://localhost:8002/api/beds/update "HTTP/1.1 201 Created"
2025-09-11 14:45:28,327 - __main__ - INFO - Updated icu beds for hospital 8 to 81
2025-09-11 14:45:28,340 - httpx - INFO - HTTP Request: GET http://localhost:8002/api/beds/current/9 "HTTP/1.1 200 OK"
2025-09-11 14:45:28,353 - httpx - INFO - HTTP Request: POST http://localhost:8002/api/beds/update "HTTP/1.1 201 Created"
2025-09-11 14:45:28,353 - __main__ - INFO - Updated general beds for hospital 9 to 386
2025-09-11 14:45:28,368 - httpx - INFO - HTTP Request: POST http://localhost:8002/api/beds/update "HTTP/1.1 201 Created"
2025-09-11 14:45:28,368 - __main__ - INFO - Updated icu beds for hospital 9 to 80
2025-09-11 14:45:28,380 - httpx - INFO - HTTP Request: GET http://localhost:8002/api/beds/current/10 "HTTP/1.1 200 OK"
2025-09-11 14:45:28,397 - httpx - INFO - HTTP Request: POST http://localhost:8002/api/beds/update "HTTP/1.1 201 Created"
2025-09-11 14:45:28,398 - __main__ - INFO - Updated general beds for hospital 10 to 1500
2025-09-11 14:45:28,412 - httpx - INFO - HTTP Request: POST http://localhost:8002/api/beds/update "HTTP/1.1 201 Created"
2025-09-11 14:45:28,413 - __main__ - INFO - Updated icu beds for hospital 10 to 300
2025-09-11 14:45:28,425 - httpx - INFO - HTTP Request: GET http://localhost:8002/api/beds/current/11 "HTTP/1.1 200 OK"
2025-09-11 14:45:28,439 - httpx - INFO - HTTP Request: POST http://localhost:8002/api/beds/update "HTTP/1.1 201 Created"
2025-09-11 14:45:28,439 - __main__ - INFO - Updated general beds for hospital 11 to 450
2025-09-11 14:45:28,453 - httpx - INFO - HTTP Request: POST http://localhost:8002/api/beds/update "HTTP/1.1 201 Created"
2025-09-11 14:45:28,454 - __main__ - INFO - Updated icu beds for hospital 11 to 78
2025-09-11 14:45:28,466 - httpx - INFO - HTTP Request: GET http://localhost:8002/api/beds/current/12 "HTTP/1.1 200 OK"
2025-09-11 14:45:28,537 - httpx - INFO - HTTP Request: POST http://localhost:8002/api/beds/update "HTTP/1.1 201 Created"
2025-09-11 14:45:28,537 - __main__ - INFO - Updated general beds for hospital 12 to 334
2025-09-11 14:45:28,556 - httpx - INFO - HTTP Request: POST http://localhost:8002/api/beds/update "HTTP/1.1 201 Created"
2025-09-11 14:45:28,557 - __main__ - INFO - Updated icu beds for hospital 12 to 68
2025-09-11 14:45:28,576 - httpx - INFO - HTTP Request: GET http://localhost:8002/api/beds/current/13 "HTTP/1.1 200 OK"
2025-09-11 14:45:28,611 - httpx - INFO - HTTP Request: POST http://localhost:8002/api/beds/update "HTTP/1.1 201 Created"
2025-09-11 14:45:28,612 - __main__ - INFO - Updated general beds for hospital 13 to 247
2025-09-11 14:45:28,647 - httpx - INFO - HTTP Request: POST http://localhost:8002/api/beds/update "HTTP/1.1 201 Created"
2025-09-11 14:45:28,647 - __main__ - INFO - Updated icu beds for hospital 13 to 48
2025-09-11 14:45:28,668 - httpx - INFO - HTTP Request: GET http://localhost:8002/api/beds/current/14 "HTTP/1.1 200 OK"
2025-09-11 14:45:28,687 - httpx - INFO - HTTP Request: POST http://localhost:8002/api/beds/update "HTTP/1.1 201 Created"
2025-09-11 14:45:28,687 - __main__ - INFO - Updated general beds for hospital 14 to 588
2025-09-11 14:45:28,706 - httpx - INFO - HTTP Request: POST http://localhost:8002/api/beds/update "HTTP/1.1 201 Created"
2025-09-11 14:45:28,706 - __main__ - INFO - Updated icu beds for hospital 14 to 118
2025-09-11 14:45:28,724 - httpx - INFO - HTTP Request: GET http://localhost:8002/api/beds/current/15 "HTTP/1.1 200 OK"
2025-09-11 14:45:28,744 - httpx - INFO - HTTP Request: POST http://localhost:8002/api/beds/update "HTTP/1.1 201 Created"
2025-09-11 14:45:28,745 - __main__ - INFO - Updated icu beds for hospital 15 to 52
2025-09-11 14:45:28,761 - httpx - INFO - HTTP Request: GET http://localhost:8002/api/beds/current/16 "HTTP/1.1 200 OK"
2025-09-11 14:45:28,785 - httpx - INFO - HTTP Request: POST http://localhost:8002/api/beds/update "HTTP/1.1 201 Created"
2025-09-11 14:45:28,786 - __main__ - INFO - Updated general beds for hospital 16 to 280
2025-09-11 14:45:28,813 - httpx - INFO - HTTP Request: POST http://localhost:8002/api/beds/update "HTTP/1.1 201 Created"
2025-09-11 14:45:28,814 - __main__ - INFO - Updated icu beds for hospital 16 to 55
2025-09-11 14:45:28,830 - httpx - INFO - HTTP Request: GET http://localhost:8002/api/beds/current/17 "HTTP/1.1 200 OK"
2025-09-11 14:45:28,852 - httpx - INFO - HTTP Request: POST http://localhost:8002/api/beds/update "HTTP/1.1 201 Created"
2025-09-11 14:45:28,853 - __main__ - INFO - Updated general beds for hospital 17 to 84
2025-09-11 14:45:28,883 - httpx - INFO - HTTP Request: POST http://localhost:8002/api/beds/update "HTTP/1.1 201 Created"
2025-09-11 14:45:28,883 - __main__ - INFO - Updated icu beds for hospital 17 to 9
2025-09-11 14:45:28,902 - httpx - INFO - HTTP Request: GET http://localhost:8002/api/beds/current/18 "HTTP/1.1 200 OK"
2025-09-11 14:45:28,921 - httpx - INFO - HTTP Request: POST http://localhost:8002/api/beds/update "HTTP/1.1 201 Created"
2025-09-11 14:45:28,921 - __main__ - INFO - Updated general beds for hospital 18 to 178
2025-09-11 14:45:28,939 - httpx - INFO - HTTP Request: POST http://localhost:8002/api/beds/update "HTTP/1.1 201 Created"
2025-09-11 14:45:28,939 - __main__ - INFO - Updated icu beds for hospital 18 to 22
2025-09-11 14:45:28,955 - httpx - INFO - HTTP Request: GET http://localhost:8002/api/beds/current/19 "HTTP/1.1 200 OK"
2025-09-11 14:45:28,971 - httpx - INFO - HTTP Request: POST http://localhost:8002/api/beds/update "HTTP/1.1 201 Created"
2025-09-11 14:45:28,971 - __main__ - INFO - Updated general beds for hospital 19 to 158
2025-09-11 14:45:28,992 - httpx - INFO - HTTP Request: GET http://localhost:8002/api/beds/current/20 "HTTP/1.1 200 OK"
2025-09-11 14:45:29,009 - httpx - INFO - HTTP Request: POST http://localhost:8002/api/beds/update "HTTP/1.1 201 Created"
2025-09-11 14:45:29,009 - __main__ - INFO - Updated general beds for hospital 20 to 161
2025-09-11 14:45:49,050 - httpx - INFO - HTTP Request: GET http://localhost:8002/api/beds/current/1 "HTTP/1.1 200 OK"
2025-09-11 14:45:49,069 - httpx - INFO - HTTP Request: POST http://localhost:8002/api/beds/update "HTTP/1.1 201 Created"
2025-09-11 14:45:49,070 - __main__ - INFO - Updated general beds for hospital 1 to 984
2025-09-11 14:45:49,098 - httpx - INFO - HTTP Request: POST http://localhost:8002/api/beds/update "HTTP/1.1 201 Created"
2025-09-11 14:45:49,098 - __main__ - INFO - Updated icu beds for hospital 1 to 194
2025-09-11 14:45:49,114 - httpx - INFO - HTTP Request: GET http://localhost:8002/api/beds/current/2 "HTTP/1.1 200 OK"
2025-09-11 14:45:49,139 - httpx - INFO - HTTP Request: POST http://localhost:8002/api/beds/update "HTTP/1.1 201 Created"
2025-09-11 14:45:49,139 - __main__ - INFO - Updated general beds for hospital 2 to 671
2025-09-11 14:45:49,360 - httpx - INFO - HTTP Request: POST http://localhost:8002/api/beds/update "HTTP/1.1 201 Created"
2025-09-11 14:45:49,361 - __main__ - INFO - Updated icu beds for hospital 2 to 126
2025-09-11 14:45:49,397 - httpx - INFO - HTTP Request: GET http://localhost:8002/api/beds/current/3 "HTTP/1.1 200 OK"
2025-09-11 14:45:49,470 - httpx - INFO - HTTP Request: POST http://localhost:8002/api/beds/update "HTTP/1.1 201 Created"
2025-09-11 14:45:49,471 - __main__ - INFO - Updated general beds for hospital 3 to 279
2025-09-11 14:45:49,527 - httpx - INFO - HTTP Request: POST http://localhost:8002/api/beds/update "HTTP/1.1 201 Created"
2025-09-11 14:45:49,528 - __main__ - INFO - Updated icu beds for hospital 3 to 31
2025-09-11 14:45:49,570 - httpx - INFO - HTTP Request: GET http://localhost:8002/api/beds/current/4 "HTTP/1.1 200 OK"
2025-09-11 14:45:49,621 - httpx - INFO - HTTP Request: POST http://localhost:8002/api/beds/update "HTTP/1.1 201 Created"
2025-09-11 14:45:49,622 - __main__ - INFO - Updated general beds for hospital 4 to 1140
2025-09-11 14:45:49,641 - httpx - INFO - HTTP Request: POST http://localhost:8002/api/beds/update "HTTP/1.1 201 Created"
2025-09-11 14:45:49,641 - __main__ - INFO - Updated icu beds for hospital 4 to 225
2025-09-11 14:45:49,659 - httpx - INFO - HTTP Request: GET http://localhost:8002/api/beds/current/5 "HTTP/1.1 200 OK"
2025-09-11 14:45:49,682 - httpx - INFO - HTTP Request: POST http://localhost:8002/api/beds/update "HTTP/1.1 201 Created"
2025-09-11 14:45:49,682 - __main__ - INFO - Updated general beds for hospital 5 to 963
2025-09-11 14:45:49,698 - httpx - INFO - HTTP Request: POST http://localhost:8002/api/beds/update "HTTP/1.1 201 Created"
2025-09-11 14:45:49,699 - __main__ - INFO - Updated icu beds for hospital 5 to 181
2025-09-11 14:45:49,716 - httpx - INFO - HTTP Request: GET http://localhost:8002/api/beds/current/6 "HTTP/1.1 200 OK"
2025-09-11 14:45:49,806 - httpx - INFO - HTTP Request: POST http://localhost:8002/api/beds/update "HTTP/1.1 201 Created"
2025-09-11 14:45:49,806 - __main__ - INFO - Updated icu beds for hospital 6 to 76
2025-09-11 14:45:49,821 - httpx - INFO - HTTP Request: GET http://localhost:8002/api/beds/current/7 "HTTP/1.1 200 OK"
2025-09-11 14:45:49,839 - httpx - INFO - HTTP Request: POST http://localhost:8002/api/beds/update "HTTP/1.1 201 Created"
2025-09-11 14:45:49,840 - __main__ - INFO - Updated general beds for hospital 7 to 477
2025-09-11 14:45:49,863 - httpx - INFO - HTTP Request: POST http://localhost:8002/api/beds/update "HTTP/1.1 201 Created"
2025-09-11 14:45:49,863 - __main__ - INFO - Updated icu beds for hospital 7 to 95
2025-09-11 14:45:49,885 - httpx - INFO - HTTP Request: GET http://localhost:8002/api/beds/current/8 "HTTP/1.1 200 OK"
2025-09-11 14:45:49,905 - httpx - INFO - HTTP Request: POST http://localhost:8002/api/beds/update "HTTP/1.1 201 Created"
2025-09-11 14:45:49,905 - __main__ - INFO - Updated general beds for hospital 8 to 447
2025-09-11 14:45:49,933 - httpx - INFO - HTTP Request: POST http://localhost:8002/api/beds/update "HTTP/1.1 201 Created"
2025-09-11 14:45:49,933 - __main__ - INFO - Updated icu beds for hospital 8 to 80
2025-09-11 14:45:49,947 - httpx - INFO - HTTP Request: GET http://localhost:8002/api/beds/current/9 "HTTP/1.1 200 OK"
2025-09-11 14:45:49,965 - httpx - INFO - HTTP Request: POST http://localhost:8002/api/beds/update "HTTP/1.1 201 Created"
2025-09-11 14:45:49,966 - __main__ - INFO - Updated general beds for hospital 9 to 391
2025-09-11 14:45:49,983 - httpx - INFO - HTTP Request: GET http://localhost:8002/api/beds/current/10 "HTTP/1.1 200 OK"
2025-09-11 14:45:50,001 - httpx - INFO - HTTP Request: POST http://localhost:8002/api/beds/update "HTTP/1.1 201 Created"
2025-09-11 14:45:50,001 - __main__ - INFO - Updated general beds for hospital 10 to 1493
2025-09-11 14:45:50,021 - httpx - INFO - HTTP Request: POST http://localhost:8002/api/beds/update "HTTP/1.1 201 Created"
2025-09-11 14:45:50,021 - __main__ - INFO - Updated icu beds for hospital 10 to 299
2025-09-11 14:45:50,042 - httpx - INFO - HTTP Request: GET http://localhost:8002/api/beds/current/11 "HTTP/1.1 200 OK"
2025-09-11 14:45:50,066 - httpx - INFO - HTTP Request: POST http://localhost:8002/api/beds/update "HTTP/1.1 201 Created"
2025-09-11 14:45:50,067 - __main__ - INFO - Updated general beds for hospital 11 to 445
2025-09-11 14:45:50,091 - httpx - INFO - HTTP Request: POST http://localhost:8002/api/beds/update "HTTP/1.1 201 Created"
2025-09-11 14:45:50,092 - __main__ - INFO - Updated icu beds for hospital 11 to 74
2025-09-11 14:45:50,119 - httpx - INFO - HTTP Request: GET http://localhost:8002/api/beds/current/12 "HTTP/1.1 200 OK"
2025-09-11 14:45:50,139 - httpx - INFO - HTTP Request: POST http://localhost:8002/api/beds/update "HTTP/1.1 201 Created"
2025-09-11 14:45:50,139 - __main__ - INFO - Updated general beds for hospital 12 to 340
2025-09-11 14:45:50,165 - httpx - INFO - HTTP Request: POST http://localhost:8002/api/beds/update "HTTP/1.1 201 Created"
2025-09-11 14:45:50,165 - __main__ - INFO - Updated icu beds for hospital 12 to 63
2025-09-11 14:45:50,184 - httpx - INFO - HTTP Request: GET http://localhost:8002/api/beds/current/13 "HTTP/1.1 200 OK"
2025-09-11 14:45:50,204 - httpx - INFO - HTTP Request: POST http://localhost:8002/api/beds/update "HTTP/1.1 201 Created"
2025-09-11 14:45:50,204 - __main__ - INFO - Updated general beds for hospital 13 to 250
2025-09-11 14:45:50,223 - httpx - INFO - HTTP Request: POST http://localhost:8002/api/beds/update "HTTP/1.1 201 Created"
2025-09-11 14:45:50,223 - __main__ - INFO - Updated icu beds for hospital 13 to 45
2025-09-11 14:45:50,240 - httpx - INFO - HTTP Request: GET http://localhost:8002/api/beds/current/14 "HTTP/1.1 200 OK"
2025-09-11 14:45:50,263 - httpx - INFO - HTTP Request: POST http://localhost:8002/api/beds/update "HTTP/1.1 201 Created"
2025-09-11 14:45:50,264 - __main__ - INFO - Updated general beds for hospital 14 to 580
2025-09-11 14:45:50,291 - httpx - INFO - HTTP Request: POST http://localhost:8002/api/beds/update "HTTP/1.1 201 Created"
2025-09-11 14:45:50,292 - __main__ - INFO - Updated icu beds for hospital 14 to 121
2025-09-11 14:45:50,318 - httpx - INFO - HTTP Request: GET http://localhost:8002/api/beds/current/15 "HTTP/1.1 200 OK"
2025-09-11 14:45:50,339 - httpx - INFO - HTTP Request: POST http://localhost:8002/api/beds/update "HTTP/1.1 201 Created"
2025-09-11 14:45:50,339 - __main__ - INFO - Updated general beds for hospital 15 to 271
2025-09-11 14:45:50,358 - httpx - INFO - HTTP Request: POST http://localhost:8002/api/beds/update "HTTP/1.1 201 Created"
2025-09-11 14:45:50,359 - __main__ - INFO - Updated icu beds for hospital 15 to 51
2025-09-11 14:45:50,374 - httpx - INFO - HTTP Request: GET http://localhost:8002/api/beds/current/16 "HTTP/1.1 200 OK"
2025-09-11 14:45:50,391 - httpx - INFO - HTTP Request: POST http://localhost:8002/api/beds/update "HTTP/1.1 201 Created"
2025-09-11 14:45:50,392 - __main__ - INFO - Updated general beds for hospital 16 to 272
2025-09-11 14:45:50,408 - httpx - INFO - HTTP Request: POST http://localhost:8002/api/beds/update "HTTP/1.1 201 Created"
2025-09-11 14:45:50,409 - __main__ - INFO - Updated icu beds for hospital 16 to 51
2025-09-11 14:45:50,421 - httpx - INFO - HTTP Request: GET http://localhost:8002/api/beds/current/17 "HTTP/1.1 200 OK"
2025-09-11 14:45:50,439 - httpx - INFO - HTTP Request: POST http://localhost:8002/api/beds/update "HTTP/1.1 201 Created"
2025-09-11 14:45:50,439 - __main__ - INFO - Updated general beds for hospital 17 to 82
2025-09-11 14:45:50,456 - httpx - INFO - HTTP Request: POST http://localhost:8002/api/beds/update "HTTP/1.1 201 Created"
2025-09-11 14:45:50,456 - __main__ - INFO - Updated icu beds for hospital 17 to 11
2025-09-11 14:45:50,471 - httpx - INFO - HTTP Request: GET http://localhost:8002/api/beds/current/18 "HTTP/1.1 200 OK"
2025-09-11 14:45:50,487 - httpx - INFO - HTTP Request: POST http://localhost:8002/api/beds/update "HTTP/1.1 201 Created"
2025-09-11 14:45:50,487 - __main__ - INFO - Updated general beds for hospital 18 to 172
2025-09-11 14:45:50,510 - httpx - INFO - HTTP Request: POST http://localhost:8002/api/beds/update "HTTP/1.1 201 Created"
2025-09-11 14:45:50,511 - __main__ - INFO - Updated icu beds for hospital 18 to 23
2025-09-11 14:45:50,525 - httpx - INFO - HTTP Request: GET http://localhost:8002/api/beds/current/19 "HTTP/1.1 200 OK"
2025-09-11 14:45:50,545 - httpx - INFO - HTTP Request: POST http://localhost:8002/api/beds/update "HTTP/1.1 201 Created"
2025-09-11 14:45:50,545 - __main__ - INFO - Updated general beds for hospital 19 to 149
2025-09-11 14:45:50,615 - httpx - INFO - HTTP Request: POST http://localhost:8002/api/beds/update "HTTP/1.1 201 Created"
2025-09-11 14:45:50,616 - __main__ - INFO - Updated icu beds for hospital 19 to 40
2025-09-11 14:45:50,634 - httpx - INFO - HTTP Request: GET http://localhost:8002/api/beds/current/20 "HTTP/1.1 200 OK"
2025-09-11 14:45:50,651 - httpx - INFO - HTTP Request: POST http://localhost:8002/api/beds/update "HTTP/1.1 201 Created"
2025-09-11 14:45:50,652 - __main__ - INFO - Updated general beds for hospital 20 to 160
2025-09-11 14:46:10,672 - httpx - INFO - HTTP Request: GET http://localhost:8002/api/beds/current/1 "HTTP/1.1 200 OK"
2025-09-11 14:46:10,688 - httpx - INFO - HTTP Request: POST http://localhost:8002/api/beds/update "HTTP/1.1 201 Created"
2025-09-11 14:46:10,688 - __main__ - INFO - Updated general beds for hospital 1 to 979
2025-09-11 14:46:10,700 - httpx - INFO - HTTP Request: POST http://localhost:8002/api/beds/update "HTTP/1.1 201 Created"
2025-09-11 14:46:10,700 - __main__ - INFO - Updated icu beds for hospital 1 to 195
2025-09-11 14:46:10,712 - httpx - INFO - HTTP Request: GET http://localhost:8002/api/beds/current/2 "HTTP/1.1 200 OK"
2025-09-11 14:46:10,725 - httpx - INFO - HTTP Request: POST http://localhost:8002/api/beds/update "HTTP/1.1 201 Created"
2025-09-11 14:46:10,725 - __main__ - INFO - Updated general beds for hospital 2 to 661
2025-09-11 14:46:10,736 - httpx - INFO - HTTP Request: POST http://localhost:8002/api/beds/update "HTTP/1.1 201 Created"
2025-09-11 14:46:10,737 - __main__ - INFO - Updated icu beds for hospital 2 to 121
2025-09-11 14:46:10,747 - httpx - INFO - HTTP Request: GET http://localhost:8002/api/beds/current/3 "HTTP/1.1 200 OK"
2025-09-11 14:46:10,764 - httpx - INFO - HTTP Request: POST http://localhost:8002/api/beds/update "HTTP/1.1 201 Created"
2025-09-11 14:46:10,765 - __main__ - INFO - Updated general beds for hospital 3 to 284
2025-09-11 14:46:10,777 - httpx - INFO - HTTP Request: POST http://localhost:8002/api/beds/update "HTTP/1.1 201 Created"
2025-09-11 14:46:10,777 - __main__ - INFO - Updated icu beds for hospital 3 to 35
2025-09-11 14:46:10,787 - httpx - INFO - HTTP Request: GET http://localhost:8002/api/beds/current/4 "HTTP/1.1 200 OK"
2025-09-11 14:46:10,799 - httpx - INFO - HTTP Request: POST http://localhost:8002/api/beds/update "HTTP/1.1 201 Created"
2025-09-11 14:46:10,799 - __main__ - INFO - Updated general beds for hospital 4 to 1147
2025-09-11 14:46:10,810 - httpx - INFO - HTTP Request: POST http://localhost:8002/api/beds/update "HTTP/1.1 201 Created"
2025-09-11 14:46:10,810 - __main__ - INFO - Updated icu beds for hospital 4 to 223
2025-09-11 14:46:10,819 - httpx - INFO - HTTP Request: GET http://localhost:8002/api/beds/current/5 "HTTP/1.1 200 OK"
2025-09-11 14:46:10,830 - httpx - INFO - HTTP Request: POST http://localhost:8002/api/beds/update "HTTP/1.1 201 Created"
2025-09-11 14:46:10,830 - __main__ - INFO - Updated general beds for hospital 5 to 961
2025-09-11 14:46:10,840 - httpx - INFO - HTTP Request: POST http://localhost:8002/api/beds/update "HTTP/1.1 201 Created"
2025-09-11 14:46:10,840 - __main__ - INFO - Updated icu beds for hospital 5 to 185
2025-09-11 14:46:10,851 - httpx - INFO - HTTP Request: GET http://localhost:8002/api/beds/current/6 "HTTP/1.1 200 OK"
2025-09-11 14:46:10,862 - httpx - INFO - HTTP Request: POST http://localhost:8002/api/beds/update "HTTP/1.1 201 Created"
2025-09-11 14:46:10,862 - __main__ - INFO - Updated general beds for hospital 6 to 487
2025-09-11 14:46:10,872 - httpx - INFO - HTTP Request: POST http://localhost:8002/api/beds/update "HTTP/1.1 201 Created"
2025-09-11 14:46:10,872 - __main__ - INFO - Updated icu beds for hospital 6 to 75
2025-09-11 14:46:10,881 - httpx - INFO - HTTP Request: GET http://localhost:8002/api/beds/current/7 "HTTP/1.1 200 OK"
2025-09-11 14:46:10,890 - httpx - INFO - HTTP Request: POST http://localhost:8002/api/beds/update "HTTP/1.1 201 Created"
2025-09-11 14:46:10,890 - __main__ - INFO - Updated general beds for hospital 7 to 469
2025-09-11 14:46:10,900 - httpx - INFO - HTTP Request: POST http://localhost:8002/api/beds/update "HTTP/1.1 201 Created"
2025-09-11 14:46:10,901 - __main__ - INFO - Updated icu beds for hospital 7 to 93
2025-09-11 14:46:10,909 - httpx - INFO - HTTP Request: GET http://localhost:8002/api/beds/current/8 "HTTP/1.1 200 OK"
2025-09-11 14:46:10,919 - httpx - INFO - HTTP Request: POST http://localhost:8002/api/beds/update "HTTP/1.1 201 Created"
2025-09-11 14:46:10,919 - __main__ - INFO - Updated general beds for hospital 8 to 453
2025-09-11 14:46:10,929 - httpx - INFO - HTTP Request: POST http://localhost:8002/api/beds/update "HTTP/1.1 201 Created"
2025-09-11 14:46:10,929 - __main__ - INFO - Updated icu beds for hospital 8 to 85
2025-09-11 14:46:10,938 - httpx - INFO - HTTP Request: GET http://localhost:8002/api/beds/current/9 "HTTP/1.1 200 OK"
2025-09-11 14:46:10,948 - httpx - INFO - HTTP Request: POST http://localhost:8002/api/beds/update "HTTP/1.1 201 Created"
2025-09-11 14:46:10,948 - __main__ - INFO - Updated general beds for hospital 9 to 392
2025-09-11 14:46:10,960 - httpx - INFO - HTTP Request: POST http://localhost:8002/api/beds/update "HTTP/1.1 201 Created"
2025-09-11 14:46:10,961 - __main__ - INFO - Updated icu beds for hospital 9 to 79
2025-09-11 14:46:10,971 - httpx - INFO - HTTP Request: GET http://localhost:8002/api/beds/current/10 "HTTP/1.1 200 OK"
2025-09-11 14:46:10,981 - httpx - INFO - HTTP Request: POST http://localhost:8002/api/beds/update "HTTP/1.1 201 Created"
2025-09-11 14:46:10,981 - __main__ - INFO - Updated general beds for hospital 10 to 1489
2025-09-11 14:46:10,990 - httpx - INFO - HTTP Request: POST http://localhost:8002/api/beds/update "HTTP/1.1 201 Created"
2025-09-11 14:46:10,991 - __main__ - INFO - Updated icu beds for hospital 10 to 298
2025-09-11 14:46:10,998 - httpx - INFO - HTTP Request: GET http://localhost:8002/api/beds/current/11 "HTTP/1.1 200 OK"
2025-09-11 14:46:11,010 - httpx - INFO - HTTP Request: POST http://localhost:8002/api/beds/update "HTTP/1.1 201 Created"
2025-09-11 14:46:11,010 - __main__ - INFO - Updated general beds for hospital 11 to 449
2025-09-11 14:46:11,020 - httpx - INFO - HTTP Request: POST http://localhost:8002/api/beds/update "HTTP/1.1 201 Created"
2025-09-11 14:46:11,020 - __main__ - INFO - Updated icu beds for hospital 11 to 79
2025-09-11 14:46:11,029 - httpx - INFO - HTTP Request: GET http://localhost:8002/api/beds/current/12 "HTTP/1.1 200 OK"
2025-09-11 14:46:11,040 - httpx - INFO - HTTP Request: POST http://localhost:8002/api/beds/update "HTTP/1.1 201 Created"
2025-09-11 14:46:11,040 - __main__ - INFO - Updated general beds for hospital 12 to 330
2025-09-11 14:46:11,052 - httpx - INFO - HTTP Request: POST http://localhost:8002/api/beds/update "HTTP/1.1 201 Created"
2025-09-11 14:46:11,052 - __main__ - INFO - Updated icu beds for hospital 12 to 60
2025-09-11 14:46:11,064 - httpx - INFO - HTTP Request: GET http://localhost:8002/api/beds/current/13 "HTTP/1.1 200 OK"
2025-09-11 14:46:11,116 - httpx - INFO - HTTP Request: POST http://localhost:8002/api/beds/update "HTTP/1.1 201 Created"
2025-09-11 14:46:11,116 - __main__ - INFO - Updated general beds for hospital 13 to 250
2025-09-11 14:46:11,130 - httpx - INFO - HTTP Request: POST http://localhost:8002/api/beds/update "HTTP/1.1 201 Created"
2025-09-11 14:46:11,130 - __main__ - INFO - Updated icu beds for hospital 13 to 42
2025-09-11 14:46:11,143 - httpx - INFO - HTTP Request: GET http://localhost:8002/api/beds/current/14 "HTTP/1.1 200 OK"
2025-09-11 14:46:11,156 - httpx - INFO - HTTP Request: POST http://localhost:8002/api/beds/update "HTTP/1.1 201 Created"
2025-09-11 14:46:11,156 - __main__ - INFO - Updated general beds for hospital 14 to 572
2025-09-11 14:46:11,172 - httpx - INFO - HTTP Request: POST http://localhost:8002/api/beds/update "HTTP/1.1 201 Created"
2025-09-11 14:46:11,172 - __main__ - INFO - Updated icu beds for hospital 14 to 121
2025-09-11 14:46:11,183 - httpx - INFO - HTTP Request: GET http://localhost:8002/api/beds/current/15 "HTTP/1.1 200 OK"
2025-09-11 14:46:11,201 - httpx - INFO - HTTP Request: POST http://localhost:8002/api/beds/update "HTTP/1.1 201 Created"
2025-09-11 14:46:11,201 - __main__ - INFO - Updated general beds for hospital 15 to 272
2025-09-11 14:46:11,220 - httpx - INFO - HTTP Request: POST http://localhost:8002/api/beds/update "HTTP/1.1 201 Created"
2025-09-11 14:46:11,220 - __main__ - INFO - Updated icu beds for hospital 15 to 50
2025-09-11 14:46:11,232 - httpx - INFO - HTTP Request: GET http://localhost:8002/api/beds/current/16 "HTTP/1.1 200 OK"
2025-09-11 14:46:11,249 - httpx - INFO - HTTP Request: POST http://localhost:8002/api/beds/update "HTTP/1.1 201 Created"
2025-09-11 14:46:11,249 - __main__ - INFO - Updated general beds for hospital 16 to 278
2025-09-11 14:46:11,265 - httpx - INFO - HTTP Request: POST http://localhost:8002/api/beds/update "HTTP/1.1 201 Created"
2025-09-11 14:46:11,265 - __main__ - INFO - Updated icu beds for hospital 16 to 49
2025-09-11 14:46:11,277 - httpx - INFO - HTTP Request: GET http://localhost:8002/api/beds/current/17 "HTTP/1.1 200 OK"
2025-09-11 14:46:11,292 - httpx - INFO - HTTP Request: POST http://localhost:8002/api/beds/update "HTTP/1.1 201 Created"
2025-09-11 14:46:11,292 - __main__ - INFO - Updated general beds for hospital 17 to 87
2025-09-11 14:46:11,306 - httpx - INFO - HTTP Request: POST http://localhost:8002/api/beds/update "HTTP/1.1 201 Created"
2025-09-11 14:46:11,307 - __main__ - INFO - Updated icu beds for hospital 17 to 16
2025-09-11 14:46:11,319 - httpx - INFO - HTTP Request: GET http://localhost:8002/api/beds/current/18 "HTTP/1.1 200 OK"
2025-09-11 14:46:11,332 - httpx - INFO - HTTP Request: POST http://localhost:8002/api/beds/update "HTTP/1.1 201 Created"
2025-09-11 14:46:11,332 - __main__ - INFO - Updated general beds for hospital 18 to 168
2025-09-11 14:46:11,347 - httpx - INFO - HTTP Request: POST http://localhost:8002/api/beds/update "HTTP/1.1 201 Created"
2025-09-11 14:46:11,347 - __main__ - INFO - Updated icu beds for hospital 18 to 21
2025-09-11 14:46:11,359 - httpx - INFO - HTTP Request: GET http://localhost:8002/api/beds/current/19 "HTTP/1.1 200 OK"
2025-09-11 14:46:11,373 - httpx - INFO - HTTP Request: POST http://localhost:8002/api/beds/update "HTTP/1.1 201 Created"
2025-09-11 14:46:11,373 - __main__ - INFO - Updated general beds for hospital 19 to 142
2025-09-11 14:46:11,386 - httpx - INFO - HTTP Request: POST http://localhost:8002/api/beds/update "HTTP/1.1 201 Created"
2025-09-11 14:46:11,386 - __main__ - INFO - Updated icu beds for hospital 19 to 38
2025-09-11 14:46:11,398 - httpx - INFO - HTTP Request: GET http://localhost:8002/api/beds/current/20 "HTTP/1.1 200 OK"
2025-09-11 14:46:11,413 - httpx - INFO - HTTP Request: POST http://localhost:8002/api/beds/update "HTTP/1.1 201 Created"
2025-09-11 14:46:11,413 - __main__ - INFO - Updated general beds for hospital 20 to 153
2025-09-11 14:46:11,427 - httpx - INFO - HTTP Request: POST http://localhost:8002/api/beds/update "HTTP/1.1 201 Created"
2025-09-11 14:46:11,427 - __main__ - INFO - Updated icu beds for hospital 20 to 22
2025-09-11 14:46:31,450 - httpx - INFO - HTTP Request: GET http://localhost:8002/api/beds/current/1 "HTTP/1.1 200 OK"
2025-09-11 14:46:31,464 - httpx - INFO - HTTP Request: POST http://localhost:8002/api/beds/update "HTTP/1.1 201 Created"
2025-09-11 14:46:31,465 - __main__ - INFO - Updated general beds for hospital 1 to 982
2025-09-11 14:46:31,476 - httpx - INFO - HTTP Request: POST http://localhost:8002/api/beds/update "HTTP/1.1 201 Created"
2025-09-11 14:46:31,477 - __main__ - INFO - Updated icu beds for hospital 1 to 191
2025-09-11 14:46:31,487 - httpx - INFO - HTTP Request: GET http://localhost:8002/api/beds/current/2 "HTTP/1.1 200 OK"
2025-09-11 14:46:31,500 - httpx - INFO - HTTP Request: POST http://localhost:8002/api/beds/update "HTTP/1.1 201 Created"
2025-09-11 14:46:31,501 - __main__ - INFO - Updated general beds for hospital 2 to 651
2025-09-11 14:46:31,520 - httpx - INFO - HTTP Request: POST http://localhost:8002/api/beds/update "HTTP/1.1 201 Created"
2025-09-11 14:46:31,520 - __main__ - INFO - Updated icu beds for hospital 2 to 119
2025-09-11 14:46:31,533 - httpx - INFO - HTTP Request: GET http://localhost:8002/api/beds/current/3 "HTTP/1.1 200 OK"
2025-09-11 14:46:31,550 - httpx - INFO - HTTP Request: POST http://localhost:8002/api/beds/update "HTTP/1.1 201 Created"
2025-09-11 14:46:31,551 - __main__ - INFO - Updated general beds for hospital 3 to 281
2025-09-11 14:46:31,563 - httpx - INFO - HTTP Request: POST http://localhost:8002/api/beds/update "HTTP/1.1 201 Created"
2025-09-11 14:46:31,563 - __main__ - INFO - Updated icu beds for hospital 3 to 37
2025-09-11 14:46:31,574 - httpx - INFO - HTTP Request: GET http://localhost:8002/api/beds/current/4 "HTTP/1.1 200 OK"
2025-09-11 14:46:31,586 - httpx - INFO - HTTP Request: POST http://localhost:8002/api/beds/update "HTTP/1.1 201 Created"
2025-09-11 14:46:31,586 - __main__ - INFO - Updated general beds for hospital 4 to 1150
2025-09-11 14:46:31,597 - httpx - INFO - HTTP Request: POST http://localhost:8002/api/beds/update "HTTP/1.1 201 Created"
2025-09-11 14:46:31,598 - __main__ - INFO - Updated icu beds for hospital 4 to 224
2025-09-11 14:46:31,608 - httpx - INFO - HTTP Request: GET http://localhost:8002/api/beds/current/5 "HTTP/1.1 200 OK"
2025-09-11 14:46:31,620 - httpx - INFO - HTTP Request: POST http://localhost:8002/api/beds/update "HTTP/1.1 201 Created"
2025-09-11 14:46:31,621 - __main__ - INFO - Updated general beds for hospital 5 to 967
2025-09-11 14:46:31,632 - httpx - INFO - HTTP Request: POST http://localhost:8002/api/beds/update "HTTP/1.1 201 Created"
2025-09-11 14:46:31,632 - __main__ - INFO - Updated icu beds for hospital 5 to 182
2025-09-11 14:46:31,644 - httpx - INFO - HTTP Request: GET http://localhost:8002/api/beds/current/6 "HTTP/1.1 200 OK"
2025-09-11 14:46:31,707 - httpx - INFO - HTTP Request: POST http://localhost:8002/api/beds/update "HTTP/1.1 201 Created"
2025-09-11 14:46:31,708 - __main__ - INFO - Updated general beds for hospital 6 to 478
2025-09-11 14:46:31,723 - httpx - INFO - HTTP Request: POST http://localhost:8002/api/beds/update "HTTP/1.1 201 Created"
2025-09-11 14:46:31,723 - __main__ - INFO - Updated icu beds for hospital 6 to 78
2025-09-11 14:46:31,741 - httpx - INFO - HTTP Request: GET http://localhost:8002/api/beds/current/7 "HTTP/1.1 200 OK"
2025-09-11 14:46:31,760 - httpx - INFO - HTTP Request: POST http://localhost:8002/api/beds/update "HTTP/1.1 201 Created"
2025-09-11 14:46:31,761 - __main__ - INFO - Updated general beds for hospital 7 to 479
2025-09-11 14:46:31,774 - httpx - INFO - HTTP Request: POST http://localhost:8002/api/beds/update "HTTP/1.1 201 Created"
2025-09-11 14:46:31,774 - __main__ - INFO - Updated icu beds for hospital 7 to 96
2025-09-11 14:46:31,790 - httpx - INFO - HTTP Request: GET http://localhost:8002/api/beds/current/8 "HTTP/1.1 200 OK"
2025-09-11 14:46:31,805 - httpx - INFO - HTTP Request: POST http://localhost:8002/api/beds/update "HTTP/1.1 201 Created"
2025-09-11 14:46:31,805 - __main__ - INFO - Updated general beds for hospital 8 to 457
2025-09-11 14:46:31,817 - httpx - INFO - HTTP Request: POST http://localhost:8002/api/beds/update "HTTP/1.1 201 Created"
2025-09-11 14:46:31,817 - __main__ - INFO - Updated icu beds for hospital 8 to 82
2025-09-11 14:46:31,827 - httpx - INFO - HTTP Request: GET http://localhost:8002/api/beds/current/9 "HTTP/1.1 200 OK"
2025-09-11 14:46:31,838 - httpx - INFO - HTTP Request: POST http://localhost:8002/api/beds/update "HTTP/1.1 201 Created"
2025-09-11 14:46:31,838 - __main__ - INFO - Updated general beds for hospital 9 to 387
2025-09-11 14:46:31,849 - httpx - INFO - HTTP Request: GET http://localhost:8002/api/beds/current/10 "HTTP/1.1 200 OK"
2025-09-11 14:46:31,862 - httpx - INFO - HTTP Request: POST http://localhost:8002/api/beds/update "HTTP/1.1 201 Created"
2025-09-11 14:46:31,862 - __main__ - INFO - Updated general beds for hospital 10 to 1498
2025-09-11 14:46:31,873 - httpx - INFO - HTTP Request: POST http://localhost:8002/api/beds/update "HTTP/1.1 201 Created"
2025-09-11 14:46:31,874 - __main__ - INFO - Updated icu beds for hospital 10 to 300
2025-09-11 14:46:31,884 - httpx - INFO - HTTP Request: GET http://localhost:8002/api/beds/current/11 "HTTP/1.1 200 OK"
2025-09-11 14:46:31,895 - httpx - INFO - HTTP Request: POST http://localhost:8002/api/beds/update "HTTP/1.1 201 Created"
2025-09-11 14:46:31,895 - __main__ - INFO - Updated general beds for hospital 11 to 448
2025-09-11 14:46:31,908 - httpx - INFO - HTTP Request: POST http://localhost:8002/api/beds/update "HTTP/1.1 201 Created"
2025-09-11 14:46:31,908 - __main__ - INFO - Updated icu beds for hospital 11 to 80
2025-09-11 14:46:31,919 - httpx - INFO - HTTP Request: GET http://localhost:8002/api/beds/current/12 "HTTP/1.1 200 OK"
2025-09-11 14:46:31,931 - httpx - INFO - HTTP Request: POST http://localhost:8002/api/beds/update "HTTP/1.1 201 Created"
2025-09-11 14:46:31,931 - __main__ - INFO - Updated general beds for hospital 12 to 340
2025-09-11 14:46:31,943 - httpx - INFO - HTTP Request: POST http://localhost:8002/api/beds/update "HTTP/1.1 201 Created"
2025-09-11 14:46:31,943 - __main__ - INFO - Updated icu beds for hospital 12 to 59
2025-09-11 14:46:31,953 - httpx - INFO - HTTP Request: GET http://localhost:8002/api/beds/current/13 "HTTP/1.1 200 OK"
2025-09-11 14:46:31,967 - httpx - INFO - HTTP Request: POST http://localhost:8002/api/beds/update "HTTP/1.1 201 Created"
2025-09-11 14:46:31,967 - __main__ - INFO - Updated general beds for hospital 13 to 250
2025-09-11 14:46:31,980 - httpx - INFO - HTTP Request: POST http://localhost:8002/api/beds/update "HTTP/1.1 201 Created"
2025-09-11 14:46:31,980 - __main__ - INFO - Updated icu beds for hospital 13 to 47
2025-09-11 14:46:31,990 - httpx - INFO - HTTP Request: GET http://localhost:8002/api/beds/current/14 "HTTP/1.1 200 OK"
2025-09-11 14:46:32,002 - httpx - INFO - HTTP Request: POST http://localhost:8002/api/beds/update "HTTP/1.1 201 Created"
2025-09-11 14:46:32,002 - __main__ - INFO - Updated general beds for hospital 14 to 564
2025-09-11 14:46:32,015 - httpx - INFO - HTTP Request: POST http://localhost:8002/api/beds/update "HTTP/1.1 201 Created"
2025-09-11 14:46:32,015 - __main__ - INFO - Updated icu beds for hospital 14 to 121
2025-09-11 14:46:32,025 - httpx - INFO - HTTP Request: GET http://localhost:8002/api/beds/current/15 "HTTP/1.1 200 OK"
2025-09-11 14:46:32,038 - httpx - INFO - HTTP Request: POST http://localhost:8002/api/beds/update "HTTP/1.1 201 Created"
2025-09-11 14:46:32,038 - __main__ - INFO - Updated general beds for hospital 15 to 264
2025-09-11 14:46:32,051 - httpx - INFO - HTTP Request: POST http://localhost:8002/api/beds/update "HTTP/1.1 201 Created"
2025-09-11 14:46:32,052 - __main__ - INFO - Updated icu beds for hospital 15 to 47
2025-09-11 14:46:32,062 - httpx - INFO - HTTP Request: GET http://localhost:8002/api/beds/current/16 "HTTP/1.1 200 OK"
2025-09-11 14:46:32,074 - httpx - INFO - HTTP Request: POST http://localhost:8002/api/beds/update "HTTP/1.1 201 Created"
2025-09-11 14:46:32,074 - __main__ - INFO - Updated general beds for hospital 16 to 280
2025-09-11 14:46:32,088 - httpx - INFO - HTTP Request: POST http://localhost:8002/api/beds/update "HTTP/1.1 201 Created"
2025-09-11 14:46:32,088 - __main__ - INFO - Updated icu beds for hospital 16 to 47
2025-09-11 14:46:32,098 - httpx - INFO - HTTP Request: GET http://localhost:8002/api/beds/current/17 "HTTP/1.1 200 OK"
2025-09-11 14:46:32,110 - httpx - INFO - HTTP Request: POST http://localhost:8002/api/beds/update "HTTP/1.1 201 Created"
2025-09-11 14:46:32,110 - __main__ - INFO - Updated general beds for hospital 17 to 90
2025-09-11 14:46:32,122 - httpx - INFO - HTTP Request: POST http://localhost:8002/api/beds/update "HTTP/1.1 201 Created"
2025-09-11 14:46:32,122 - __main__ - INFO - Updated icu beds for hospital 17 to 13
2025-09-11 14:46:32,133 - httpx - INFO - HTTP Request: GET http://localhost:8002/api/beds/current/18 "HTTP/1.1 200 OK"
2025-09-11 14:46:32,144 - httpx - INFO - HTTP Request: POST http://localhost:8002/api/beds/update "HTTP/1.1 201 Created"
2025-09-11 14:46:32,145 - __main__ - INFO - Updated general beds for hospital 18 to 160
2025-09-11 14:46:32,158 - httpx - INFO - HTTP Request: POST http://localhost:8002/api/beds/update "HTTP/1.1 201 Created"
2025-09-11 14:46:32,158 - __main__ - INFO - Updated icu beds for hospital 18 to 17
2025-09-11 14:46:32,169 - httpx - INFO - HTTP Request: GET http://localhost:8002/api/beds/current/19 "HTTP/1.1 200 OK"
2025-09-11 14:46:32,223 - httpx - INFO - HTTP Request: POST http://localhost:8002/api/beds/update "HTTP/1.1 201 Created"
2025-09-11 14:46:32,223 - __main__ - INFO - Updated general beds for hospital 19 to 144
2025-09-11 14:46:32,235 - httpx - INFO - HTTP Request: POST http://localhost:8002/api/beds/update "HTTP/1.1 201 Created"
2025-09-11 14:46:32,235 - __main__ - INFO - Updated icu beds for hospital 19 to 40
2025-09-11 14:46:32,246 - httpx - INFO - HTTP Request: GET http://localhost:8002/api/beds/current/20 "HTTP/1.1 200 OK"
2025-09-11 14:46:32,259 - httpx - INFO - HTTP Request: POST http://localhost:8002/api/beds/update "HTTP/1.1 201 Created"
2025-09-11 14:46:32,259 - __main__ - INFO - Updated general beds for hospital 20 to 151
2025-09-11 14:46:32,271 - httpx - INFO - HTTP Request: POST http://localhost:8002/api/beds/update "HTTP/1.1 201 Created"
2025-09-11 14:46:32,271 - __main__ - INFO - Updated icu beds for hospital 20 to 27
2025-09-11 14:46:52,362 - httpx - INFO - HTTP Request: GET http://localhost:8002/api/beds/current/1 "HTTP/1.1 200 OK"
2025-09-11 14:46:52,493 - httpx - INFO - HTTP Request: POST http://localhost:8002/api/beds/update "HTTP/1.1 201 Created"
2025-09-11 14:46:52,497 - __main__ - INFO - Updated general beds for hospital 1 to 980
2025-09-11 14:46:52,552 - httpx - INFO - HTTP Request: POST http://localhost:8002/api/beds/update "HTTP/1.1 201 Created"
2025-09-11 14:46:52,552 - __main__ - INFO - Updated icu beds for hospital 1 to 187
2025-09-11 14:46:52,578 - httpx - INFO - HTTP Request: GET http://localhost:8002/api/beds/current/2 "HTTP/1.1 200 OK"
2025-09-11 14:46:52,597 - httpx - INFO - HTTP Request: POST http://localhost:8002/api/beds/update "HTTP/1.1 201 Created"
2025-09-11 14:46:52,597 - __main__ - INFO - Updated general beds for hospital 2 to 645
2025-09-11 14:46:52,632 - httpx - INFO - HTTP Request: POST http://localhost:8002/api/beds/update "HTTP/1.1 201 Created"
2025-09-11 14:46:52,632 - __main__ - INFO - Updated icu beds for hospital 2 to 120
2025-09-11 14:46:52,658 - httpx - INFO - HTTP Request: GET http://localhost:8002/api/beds/current/3 "HTTP/1.1 200 OK"
2025-09-11 14:46:52,689 - httpx - INFO - HTTP Request: POST http://localhost:8002/api/beds/update "HTTP/1.1 201 Created"
2025-09-11 14:46:52,690 - __main__ - INFO - Updated general beds for hospital 3 to 288
2025-09-11 14:46:52,714 - httpx - INFO - HTTP Request: POST http://localhost:8002/api/beds/update "HTTP/1.1 201 Created"
2025-09-11 14:46:52,714 - __main__ - INFO - Updated icu beds for hospital 3 to 42
2025-09-11 14:46:52,736 - httpx - INFO - HTTP Request: GET http://localhost:8002/api/beds/current/4 "HTTP/1.1 200 OK"
2025-09-11 14:46:52,754 - httpx - INFO - HTTP Request: POST http://localhost:8002/api/beds/update "HTTP/1.1 201 Created"
2025-09-11 14:46:52,755 - __main__ - INFO - Updated icu beds for hospital 4 to 223
2025-09-11 14:46:52,781 - httpx - INFO - HTTP Request: GET http://localhost:8002/api/beds/current/5 "HTTP/1.1 200 OK"
2025-09-11 14:46:52,805 - httpx - INFO - HTTP Request: POST http://localhost:8002/api/beds/update "HTTP/1.1 201 Created"
2025-09-11 14:46:52,806 - __main__ - INFO - Updated general beds for hospital 5 to 958
2025-09-11 14:46:52,843 - httpx - INFO - HTTP Request: POST http://localhost:8002/api/beds/update "HTTP/1.1 201 Created"
2025-09-11 14:46:52,845 - __main__ - INFO - Updated icu beds for hospital 5 to 181
2025-09-11 14:46:52,865 - httpx - INFO - HTTP Request: GET http://localhost:8002/api/beds/current/6 "HTTP/1.1 200 OK"
2025-09-11 14:46:52,890 - httpx - INFO - HTTP Request: POST http://localhost:8002/api/beds/update "HTTP/1.1 201 Created"
2025-09-11 14:46:52,891 - __main__ - INFO - Updated general beds for hospital 6 to 485
2025-09-11 14:46:52,908 - httpx - INFO - HTTP Request: POST http://localhost:8002/api/beds/update "HTTP/1.1 201 Created"
2025-09-11 14:46:52,909 - __main__ - INFO - Updated icu beds for hospital 6 to 82
2025-09-11 14:46:52,922 - httpx - INFO - HTTP Request: GET http://localhost:8002/api/beds/current/7 "HTTP/1.1 200 OK"
2025-09-11 14:46:52,942 - httpx - INFO - HTTP Request: POST http://localhost:8002/api/beds/update "HTTP/1.1 201 Created"
2025-09-11 14:46:52,943 - __main__ - INFO - Updated general beds for hospital 7 to 478
2025-09-11 14:46:52,985 - httpx - INFO - HTTP Request: POST http://localhost:8002/api/beds/update "HTTP/1.1 201 Created"
2025-09-11 14:46:52,986 - __main__ - INFO - Updated icu beds for hospital 7 to 93
2025-09-11 14:46:53,004 - httpx - INFO - HTTP Request: GET http://localhost:8002/api/beds/current/8 "HTTP/1.1 200 OK"
2025-09-11 14:46:53,030 - httpx - INFO - HTTP Request: POST http://localhost:8002/api/beds/update "HTTP/1.1 201 Created"
2025-09-11 14:46:53,030 - __main__ - INFO - Updated general beds for hospital 8 to 462
2025-09-11 14:46:53,056 - httpx - INFO - HTTP Request: POST http://localhost:8002/api/beds/update "HTTP/1.1 201 Created"
2025-09-11 14:46:53,056 - __main__ - INFO - Updated icu beds for hospital 8 to 83
2025-09-11 14:46:53,070 - httpx - INFO - HTTP Request: GET http://localhost:8002/api/beds/current/9 "HTTP/1.1 200 OK"
2025-09-11 14:46:53,095 - httpx - INFO - HTTP Request: POST http://localhost:8002/api/beds/update "HTTP/1.1 201 Created"
2025-09-11 14:46:53,095 - __main__ - INFO - Updated general beds for hospital 9 to 397
2025-09-11 14:46:53,110 - httpx - INFO - HTTP Request: POST http://localhost:8002/api/beds/update "HTTP/1.1 201 Created"
2025-09-11 14:46:53,110 - __main__ - INFO - Updated icu beds for hospital 9 to 80
2025-09-11 14:46:53,124 - httpx - INFO - HTTP Request: GET http://localhost:8002/api/beds/current/10 "HTTP/1.1 200 OK"
2025-09-11 14:46:53,146 - httpx - INFO - HTTP Request: POST http://localhost:8002/api/beds/update "HTTP/1.1 201 Created"
2025-09-11 14:46:53,146 - __main__ - INFO - Updated general beds for hospital 10 to 1491
2025-09-11 14:46:53,164 - httpx - INFO - HTTP Request: POST http://localhost:8002/api/beds/update "HTTP/1.1 201 Created"
2025-09-11 14:46:53,164 - __main__ - INFO - Updated icu beds for hospital 10 to 300
2025-09-11 14:46:53,178 - httpx - INFO - HTTP Request: GET http://localhost:8002/api/beds/current/11 "HTTP/1.1 200 OK"
2025-09-11 14:46:53,195 - httpx - INFO - HTTP Request: POST http://localhost:8002/api/beds/update "HTTP/1.1 201 Created"
2025-09-11 14:46:53,195 - __main__ - INFO - Updated general beds for hospital 11 to 447
2025-09-11 14:46:53,223 - httpx - INFO - HTTP Request: POST http://localhost:8002/api/beds/update "HTTP/1.1 201 Created"
2025-09-11 14:46:53,224 - __main__ - INFO - Updated icu beds for hospital 11 to 78
2025-09-11 14:46:53,244 - httpx - INFO - HTTP Request: GET http://localhost:8002/api/beds/current/12 "HTTP/1.1 200 OK"
2025-09-11 14:46:53,273 - httpx - INFO - HTTP Request: POST http://localhost:8002/api/beds/update "HTTP/1.1 201 Created"
2025-09-11 14:46:53,273 - __main__ - INFO - Updated general beds for hospital 12 to 333
2025-09-11 14:46:53,364 - httpx - INFO - HTTP Request: POST http://localhost:8002/api/beds/update "HTTP/1.1 201 Created"
2025-09-11 14:46:53,364 - __main__ - INFO - Updated icu beds for hospital 12 to 61
2025-09-11 14:46:53,384 - httpx - INFO - HTTP Request: GET http://localhost:8002/api/beds/current/13 "HTTP/1.1 200 OK"
2025-09-11 14:46:53,411 - httpx - INFO - HTTP Request: POST http://localhost:8002/api/beds/update "HTTP/1.1 201 Created"
2025-09-11 14:46:53,412 - __main__ - INFO - Updated general beds for hospital 13 to 250
2025-09-11 14:46:53,439 - httpx - INFO - HTTP Request: POST http://localhost:8002/api/beds/update "HTTP/1.1 201 Created"
2025-09-11 14:46:53,439 - __main__ - INFO - Updated icu beds for hospital 13 to 46
2025-09-11 14:46:53,463 - httpx - INFO - HTTP Request: GET http://localhost:8002/api/beds/current/14 "HTTP/1.1 200 OK"
2025-09-11 14:46:53,484 - httpx - INFO - HTTP Request: POST http://localhost:8002/api/beds/update "HTTP/1.1 201 Created"
2025-09-11 14:46:53,485 - __main__ - INFO - Updated general beds for hospital 14 to 571
2025-09-11 14:46:53,547 - httpx - INFO - HTTP Request: POST http://localhost:8002/api/beds/update "HTTP/1.1 201 Created"
2025-09-11 14:46:53,547 - __main__ - INFO - Updated icu beds for hospital 14 to 121
2025-09-11 14:46:53,753 - httpx - INFO - HTTP Request: GET http://localhost:8002/api/beds/current/15 "HTTP/1.1 200 OK"
2025-09-11 14:46:53,803 - httpx - INFO - HTTP Request: POST http://localhost:8002/api/beds/update "HTTP/1.1 201 Created"
2025-09-11 14:46:53,803 - __main__ - INFO - Updated icu beds for hospital 15 to 50
2025-09-11 14:46:53,835 - httpx - INFO - HTTP Request: GET http://localhost:8002/api/beds/current/16 "HTTP/1.1 200 OK"
2025-09-11 14:46:53,872 - httpx - INFO - HTTP Request: POST http://localhost:8002/api/beds/update "HTTP/1.1 201 Created"
2025-09-11 14:46:53,872 - __main__ - INFO - Updated general beds for hospital 16 to 280
2025-09-11 14:46:53,895 - httpx - INFO - HTTP Request: POST http://localhost:8002/api/beds/update "HTTP/1.1 201 Created"
2025-09-11 14:46:53,896 - __main__ - INFO - Updated icu beds for hospital 16 to 49
2025-09-11 14:46:53,913 - httpx - INFO - HTTP Request: GET http://localhost:8002/api/beds/current/17 "HTTP/1.1 200 OK"
2025-09-11 14:46:53,941 - httpx - INFO - HTTP Request: POST http://localhost:8002/api/beds/update "HTTP/1.1 201 Created"
2025-09-11 14:46:53,941 - __main__ - INFO - Updated general beds for hospital 17 to 90
2025-09-11 14:46:53,963 - httpx - INFO - HTTP Request: POST http://localhost:8002/api/beds/update "HTTP/1.1 201 Created"
2025-09-11 14:46:53,963 - __main__ - INFO - Updated icu beds for hospital 17 to 12
2025-09-11 14:46:53,981 - httpx - INFO - HTTP Request: GET http://localhost:8002/api/beds/current/18 "HTTP/1.1 200 OK"
2025-09-11 14:46:54,003 - httpx - INFO - HTTP Request: POST http://localhost:8002/api/beds/update "HTTP/1.1 201 Created"
2025-09-11 14:46:54,003 - __main__ - INFO - Updated general beds for hospital 18 to 162
2025-09-11 14:46:54,020 - httpx - INFO - HTTP Request: POST http://localhost:8002/api/beds/update "HTTP/1.1 201 Created"
2025-09-11 14:46:54,021 - __main__ - INFO - Updated icu beds for hospital 18 to 16
2025-09-11 14:46:54,050 - httpx - INFO - HTTP Request: GET http://localhost:8002/api/beds/current/19 "HTTP/1.1 200 OK"
2025-09-11 14:46:54,072 - httpx - INFO - HTTP Request: POST http://localhost:8002/api/beds/update "HTTP/1.1 201 Created"
2025-09-11 14:46:54,073 - __main__ - INFO - Updated general beds for hospital 19 to 145
2025-09-11 14:46:54,115 - httpx - INFO - HTTP Request: POST http://localhost:8002/api/beds/update "HTTP/1.1 201 Created"
2025-09-11 14:46:54,116 - __main__ - INFO - Updated icu beds for hospital 19 to 40
2025-09-11 14:46:54,141 - httpx - INFO - HTTP Request: GET http://localhost:8002/api/beds/current/20 "HTTP/1.1 200 OK"
2025-09-11 14:46:54,163 - httpx - INFO - HTTP Request: POST http://localhost:8002/api/beds/update "HTTP/1.1 201 Created"
2025-09-11 14:46:54,163 - __main__ - INFO - Updated general beds for hospital 20 to 145
2025-09-11 14:46:54,184 - httpx - INFO - HTTP Request: POST http://localhost:8002/api/beds/update "HTTP/1.1 201 Created"
2025-09-11 14:46:54,184 - __main__ - INFO - Updated icu beds for hospital 20 to 25
2025-09-11 14:47:14,230 - httpx - INFO - HTTP Request: GET http://localhost:8002/api/beds/current/1 "HTTP/1.1 200 OK"
2025-09-11 14:47:14,255 - httpx - INFO - HTTP Request: POST http://localhost:8002/api/beds/update "HTTP/1.1 201 Created"
2025-09-11 14:47:14,255 - __main__ - INFO - Updated general beds for hospital 1 to 990
2025-09-11 14:47:14,277 - httpx - INFO - HTTP Request: POST http://localhost:8002/api/beds/update "HTTP/1.1 201 Created"
2025-09-11 14:47:14,277 - __main__ - INFO - Updated icu beds for hospital 1 to 184
2025-09-11 14:47:14,294 - httpx - INFO - HTTP Request: GET http://localhost:8002/api/beds/current/2 "HTTP/1.1 200 OK"
2025-09-11 14:47:14,325 - httpx - INFO - HTTP Request: POST http://localhost:8002/api/beds/update "HTTP/1.1 201 Created"
2025-09-11 14:47:14,325 - __main__ - INFO - Updated icu beds for hospital 2 to 125
2025-09-11 14:47:14,345 - httpx - INFO - HTTP Request: GET http://localhost:8002/api/beds/current/3 "HTTP/1.1 200 OK"
2025-09-11 14:47:14,369 - httpx - INFO - HTTP Request: POST http://localhost:8002/api/beds/update "HTTP/1.1 201 Created"
2025-09-11 14:47:14,369 - __main__ - INFO - Updated general beds for hospital 3 to 283
2025-09-11 14:47:14,388 - httpx - INFO - HTTP Request: GET http://localhost:8002/api/beds/current/4 "HTTP/1.1 200 OK"
2025-09-11 14:47:14,407 - httpx - INFO - HTTP Request: POST http://localhost:8002/api/beds/update "HTTP/1.1 201 Created"
2025-09-11 14:47:14,408 - __main__ - INFO - Updated general beds for hospital 4 to 1150
2025-09-11 14:47:14,424 - httpx - INFO - HTTP Request: POST http://localhost:8002/api/beds/update "HTTP/1.1 201 Created"
2025-09-11 14:47:14,424 - __main__ - INFO - Updated icu beds for hospital 4 to 228
2025-09-11 14:47:14,441 - httpx - INFO - HTTP Request: GET http://localhost:8002/api/beds/current/5 "HTTP/1.1 200 OK"
2025-09-11 14:47:14,461 - httpx - INFO - HTTP Request: POST http://localhost:8002/api/beds/update "HTTP/1.1 201 Created"
2025-09-11 14:47:14,462 - __main__ - INFO - Updated general beds for hospital 5 to 962
2025-09-11 14:47:14,481 - httpx - INFO - HTTP Request: POST http://localhost:8002/api/beds/update "HTTP/1.1 201 Created"
2025-09-11 14:47:14,482 - __main__ - INFO - Updated icu beds for hospital 5 to 184
2025-09-11 14:47:14,494 - httpx - INFO - HTTP Request: GET http://localhost:8002/api/beds/current/6 "HTTP/1.1 200 OK"
2025-09-11 14:47:14,513 - httpx - INFO - HTTP Request: POST http://localhost:8002/api/beds/update "HTTP/1.1 201 Created"
2025-09-11 14:47:14,514 - __main__ - INFO - Updated general beds for hospital 6 to 484
2025-09-11 14:47:14,537 - httpx - INFO - HTTP Request: POST http://localhost:8002/api/beds/update "HTTP/1.1 201 Created"
2025-09-11 14:47:14,616 - __main__ - INFO - Updated icu beds for hospital 6 to 85
2025-09-11 14:47:14,632 - httpx - INFO - HTTP Request: GET http://localhost:8002/api/beds/current/7 "HTTP/1.1 200 OK"
2025-09-11 14:47:14,660 - httpx - INFO - HTTP Request: POST http://localhost:8002/api/beds/update "HTTP/1.1 201 Created"
2025-09-11 14:47:14,661 - __main__ - INFO - Updated general beds for hospital 7 to 484
2025-09-11 14:47:14,681 - httpx - INFO - HTTP Request: POST http://localhost:8002/api/beds/update "HTTP/1.1 201 Created"
2025-09-11 14:47:14,681 - __main__ - INFO - Updated icu beds for hospital 7 to 96
2025-09-11 14:47:14,697 - httpx - INFO - HTTP Request: GET http://localhost:8002/api/beds/current/8 "HTTP/1.1 200 OK"
2025-09-11 14:47:14,715 - httpx - INFO - HTTP Request: POST http://localhost:8002/api/beds/update "HTTP/1.1 201 Created"
2025-09-11 14:47:14,716 - __main__ - INFO - Updated general beds for hospital 8 to 460
2025-09-11 14:47:14,739 - httpx - INFO - HTTP Request: POST http://localhost:8002/api/beds/update "HTTP/1.1 201 Created"
2025-09-11 14:47:14,739 - __main__ - INFO - Updated icu beds for hospital 8 to 85
2025-09-11 14:47:14,763 - httpx - INFO - HTTP Request: GET http://localhost:8002/api/beds/current/9 "HTTP/1.1 200 OK"
2025-09-11 14:47:14,781 - httpx - INFO - HTTP Request: POST http://localhost:8002/api/beds/update "HTTP/1.1 201 Created"
2025-09-11 14:47:14,781 - __main__ - INFO - Updated general beds for hospital 9 to 392
2025-09-11 14:47:14,801 - httpx - INFO - HTTP Request: POST http://localhost:8002/api/beds/update "HTTP/1.1 201 Created"
2025-09-11 14:47:14,802 - __main__ - INFO - Updated icu beds for hospital 9 to 80
2025-09-11 14:47:14,818 - httpx - INFO - HTTP Request: GET http://localhost:8002/api/beds/current/10 "HTTP/1.1 200 OK"
2025-09-11 14:47:14,837 - httpx - INFO - HTTP Request: POST http://localhost:8002/api/beds/update "HTTP/1.1 201 Created"
2025-09-11 14:47:14,837 - __main__ - INFO - Updated general beds for hospital 10 to 1489
2025-09-11 14:47:14,855 - httpx - INFO - HTTP Request: POST http://localhost:8002/api/beds/update "HTTP/1.1 201 Created"
2025-09-11 14:47:14,855 - __main__ - INFO - Updated icu beds for hospital 10 to 300
2025-09-11 14:47:15,019 - httpx - INFO - HTTP Request: GET http://localhost:8002/api/beds/current/11 "HTTP/1.1 200 OK"
2025-09-11 14:47:15,039 - httpx - INFO - HTTP Request: POST http://localhost:8002/api/beds/update "HTTP/1.1 201 Created"
2025-09-11 14:47:15,040 - __main__ - INFO - Updated general beds for hospital 11 to 438
2025-09-11 14:47:15,098 - httpx - INFO - HTTP Request: POST http://localhost:8002/api/beds/update "HTTP/1.1 201 Created"
2025-09-11 14:47:15,099 - __main__ - INFO - Updated icu beds for hospital 11 to 83
2025-09-11 14:47:15,115 - httpx - INFO - HTTP Request: GET http://localhost:8002/api/beds/current/12 "HTTP/1.1 200 OK"
2025-09-11 14:47:15,131 - httpx - INFO - HTTP Request: POST http://localhost:8002/api/beds/update "HTTP/1.1 201 Created"
2025-09-11 14:47:15,131 - __main__ - INFO - Updated general beds for hospital 12 to 335
2025-09-11 14:47:15,146 - httpx - INFO - HTTP Request: GET http://localhost:8002/api/beds/current/13 "HTTP/1.1 200 OK"
2025-09-11 14:47:15,165 - httpx - INFO - HTTP Request: POST http://localhost:8002/api/beds/update "HTTP/1.1 201 Created"
2025-09-11 14:47:15,165 - __main__ - INFO - Updated general beds for hospital 13 to 249
2025-09-11 14:47:15,182 - httpx - INFO - HTTP Request: POST http://localhost:8002/api/beds/update "HTTP/1.1 201 Created"
2025-09-11 14:47:15,182 - __main__ - INFO - Updated icu beds for hospital 13 to 49
2025-09-11 14:47:15,199 - httpx - INFO - HTTP Request: GET http://localhost:8002/api/beds/current/14 "HTTP/1.1 200 OK"
2025-09-11 14:47:15,221 - httpx - INFO - HTTP Request: POST http://localhost:8002/api/beds/update "HTTP/1.1 201 Created"
2025-09-11 14:47:15,221 - __main__ - INFO - Updated general beds for hospital 14 to 568
2025-09-11 14:47:15,242 - httpx - INFO - HTTP Request: POST http://localhost:8002/api/beds/update "HTTP/1.1 201 Created"
2025-09-11 14:47:15,242 - __main__ - INFO - Updated icu beds for hospital 14 to 121
2025-09-11 14:47:15,261 - httpx - INFO - HTTP Request: GET http://localhost:8002/api/beds/current/15 "HTTP/1.1 200 OK"
2025-09-11 14:47:15,280 - httpx - INFO - HTTP Request: POST http://localhost:8002/api/beds/update "HTTP/1.1 201 Created"
2025-09-11 14:47:15,281 - __main__ - INFO - Updated general beds for hospital 15 to 269
2025-09-11 14:47:15,316 - httpx - INFO - HTTP Request: POST http://localhost:8002/api/beds/update "HTTP/1.1 201 Created"
2025-09-11 14:47:15,317 - __main__ - INFO - Updated icu beds for hospital 15 to 55
2025-09-11 14:47:15,345 - httpx - INFO - HTTP Request: GET http://localhost:8002/api/beds/current/16 "HTTP/1.1 200 OK"
2025-09-11 14:47:15,369 - httpx - INFO - HTTP Request: POST http://localhost:8002/api/beds/update "HTTP/1.1 201 Created"
2025-09-11 14:47:15,369 - __main__ - INFO - Updated general beds for hospital 16 to 278
2025-09-11 14:47:15,391 - httpx - INFO - HTTP Request: POST http://localhost:8002/api/beds/update "HTTP/1.1 201 Created"
2025-09-11 14:47:15,392 - __main__ - INFO - Updated icu beds for hospital 16 to 48
2025-09-11 14:47:15,409 - httpx - INFO - HTTP Request: GET http://localhost:8002/api/beds/current/17 "HTTP/1.1 200 OK"
2025-09-11 14:47:15,430 - httpx - INFO - HTTP Request: POST http://localhost:8002/api/beds/update "HTTP/1.1 201 Created"
2025-09-11 14:47:15,430 - __main__ - INFO - Updated general beds for hospital 17 to 90
2025-09-11 14:47:15,451 - httpx - INFO - HTTP Request: POST http://localhost:8002/api/beds/update "HTTP/1.1 201 Created"
2025-09-11 14:47:15,452 - __main__ - INFO - Updated icu beds for hospital 17 to 15
2025-09-11 14:47:15,476 - httpx - INFO - HTTP Request: GET http://localhost:8002/api/beds/current/18 "HTTP/1.1 200 OK"
2025-09-11 14:47:15,499 - httpx - INFO - HTTP Request: POST http://localhost:8002/api/beds/update "HTTP/1.1 201 Created"
2025-09-11 14:47:15,499 - __main__ - INFO - Updated general beds for hospital 18 to 158
2025-09-11 14:47:15,525 - httpx - INFO - HTTP Request: POST http://localhost:8002/api/beds/update "HTTP/1.1 201 Created"
2025-09-11 14:47:15,525 - __main__ - INFO - Updated icu beds for hospital 18 to 21
2025-09-11 14:47:15,545 - httpx - INFO - HTTP Request: GET http://localhost:8002/api/beds/current/19 "HTTP/1.1 200 OK"
2025-09-11 14:47:15,560 - httpx - INFO - HTTP Request: POST http://localhost:8002/api/beds/update "HTTP/1.1 201 Created"
2025-09-11 14:47:15,561 - __main__ - INFO - Updated general beds for hospital 19 to 138
2025-09-11 14:47:15,578 - httpx - INFO - HTTP Request: POST http://localhost:8002/api/beds/update "HTTP/1.1 201 Created"
2025-09-11 14:47:15,578 - __main__ - INFO - Updated icu beds for hospital 19 to 40
2025-09-11 14:47:15,593 - httpx - INFO - HTTP Request: GET http://localhost:8002/api/beds/current/20 "HTTP/1.1 200 OK"
2025-09-11 14:47:15,647 - httpx - INFO - HTTP Request: POST http://localhost:8002/api/beds/update "HTTP/1.1 201 Created"
2025-09-11 14:47:15,648 - __main__ - INFO - Updated general beds for hospital 20 to 143
2025-09-11 14:47:15,660 - httpx - INFO - HTTP Request: POST http://localhost:8002/api/beds/update "HTTP/1.1 201 Created"
2025-09-11 14:47:15,660 - __main__ - INFO - Updated icu beds for hospital 20 to 27
2025-09-11 14:47:35,695 - httpx - INFO - HTTP Request: GET http://localhost:8002/api/beds/current/1 "HTTP/1.1 200 OK"
2025-09-11 14:47:35,728 - httpx - INFO - HTTP Request: POST http://localhost:8002/api/beds/update "HTTP/1.1 201 Created"
2025-09-11 14:47:35,729 - __main__ - INFO - Updated general beds for hospital 1 to 981
2025-09-11 14:47:35,750 - httpx - INFO - HTTP Request: POST http://localhost:8002/api/beds/update "HTTP/1.1 201 Created"
2025-09-11 14:47:35,751 - __main__ - INFO - Updated icu beds for hospital 1 to 182
2025-09-11 14:47:35,765 - httpx - INFO - HTTP Request: GET http://localhost:8002/api/beds/current/2 "HTTP/1.1 200 OK"
2025-09-11 14:47:35,783 - httpx - INFO - HTTP Request: POST http://localhost:8002/api/beds/update "HTTP/1.1 201 Created"
2025-09-11 14:47:35,783 - __main__ - INFO - Updated general beds for hospital 2 to 640
2025-09-11 14:47:35,805 - httpx - INFO - HTTP Request: POST http://localhost:8002/api/beds/update "HTTP/1.1 201 Created"
2025-09-11 14:47:35,806 - __main__ - INFO - Updated icu beds for hospital 2 to 123
2025-09-11 14:47:35,826 - httpx - INFO - HTTP Request: GET http://localhost:8002/api/beds/current/3 "HTTP/1.1 200 OK"
2025-09-11 14:47:35,845 - httpx - INFO - HTTP Request: POST http://localhost:8002/api/beds/update "HTTP/1.1 201 Created"
2025-09-11 14:47:35,846 - __main__ - INFO - Updated general beds for hospital 3 to 282
2025-09-11 14:47:35,862 - httpx - INFO - HTTP Request: POST http://localhost:8002/api/beds/update "HTTP/1.1 201 Created"
2025-09-11 14:47:35,863 - __main__ - INFO - Updated icu beds for hospital 3 to 41
2025-09-11 14:47:35,878 - httpx - INFO - HTTP Request: GET http://localhost:8002/api/beds/current/4 "HTTP/1.1 200 OK"
2025-09-11 14:47:35,897 - httpx - INFO - HTTP Request: POST http://localhost:8002/api/beds/update "HTTP/1.1 201 Created"
2025-09-11 14:47:35,898 - __main__ - INFO - Updated general beds for hospital 4 to 1150
2025-09-11 14:47:35,916 - httpx - INFO - HTTP Request: POST http://localhost:8002/api/beds/update "HTTP/1.1 201 Created"
2025-09-11 14:47:35,916 - __main__ - INFO - Updated icu beds for hospital 4 to 230
2025-09-11 14:47:35,931 - httpx - INFO - HTTP Request: GET http://localhost:8002/api/beds/current/5 "HTTP/1.1 200 OK"
2025-09-11 14:47:35,949 - httpx - INFO - HTTP Request: POST http://localhost:8002/api/beds/update "HTTP/1.1 201 Created"
2025-09-11 14:47:35,949 - __main__ - INFO - Updated general beds for hospital 5 to 967
2025-09-11 14:47:35,968 - httpx - INFO - HTTP Request: POST http://localhost:8002/api/beds/update "HTTP/1.1 201 Created"
2025-09-11 14:47:35,969 - __main__ - INFO - Updated icu beds for hospital 5 to 188
2025-09-11 14:47:35,985 - httpx - INFO - HTTP Request: GET http://localhost:8002/api/beds/current/6 "HTTP/1.1 200 OK"
2025-09-11 14:47:36,003 - httpx - INFO - HTTP Request: POST http://localhost:8002/api/beds/update "HTTP/1.1 201 Created"
2025-09-11 14:47:36,004 - __main__ - INFO - Updated general beds for hospital 6 to 492
2025-09-11 14:47:36,022 - httpx - INFO - HTTP Request: POST http://localhost:8002/api/beds/update "HTTP/1.1 201 Created"
2025-09-11 14:47:36,023 - __main__ - INFO - Updated icu beds for hospital 6 to 88
2025-09-11 14:47:36,038 - httpx - INFO - HTTP Request: GET http://localhost:8002/api/beds/current/7 "HTTP/1.1 200 OK"
2025-09-11 14:47:36,058 - httpx - INFO - HTTP Request: POST http://localhost:8002/api/beds/update "HTTP/1.1 201 Created"
2025-09-11 14:47:36,058 - __main__ - INFO - Updated general beds for hospital 7 to 489
2025-09-11 14:47:36,075 - httpx - INFO - HTTP Request: POST http://localhost:8002/api/beds/update "HTTP/1.1 201 Created"
2025-09-11 14:47:36,075 - __main__ - INFO - Updated icu beds for hospital 7 to 92
2025-09-11 14:47:36,091 - httpx - INFO - HTTP Request: GET http://localhost:8002/api/beds/current/8 "HTTP/1.1 200 OK"
2025-09-11 14:47:36,112 - httpx - INFO - HTTP Request: POST http://localhost:8002/api/beds/update "HTTP/1.1 201 Created"
2025-09-11 14:47:36,113 - __main__ - INFO - Updated general beds for hospital 8 to 469
2025-09-11 14:47:36,138 - httpx - INFO - HTTP Request: POST http://localhost:8002/api/beds/update "HTTP/1.1 201 Created"
2025-09-11 14:47:36,139 - __main__ - INFO - Updated icu beds for hospital 8 to 89
2025-09-11 14:47:36,239 - httpx - INFO - HTTP Request: GET http://localhost:8002/api/beds/current/9 "HTTP/1.1 200 OK"
2025-09-11 14:47:36,402 - httpx - INFO - HTTP Request: POST http://localhost:8002/api/beds/update "HTTP/1.1 201 Created"
2025-09-11 14:47:36,402 - __main__ - INFO - Updated general beds for hospital 9 to 391
2025-09-11 14:47:36,456 - httpx - INFO - HTTP Request: POST http://localhost:8002/api/beds/update "HTTP/1.1 201 Created"
2025-09-11 14:47:36,457 - __main__ - INFO - Updated icu beds for hospital 9 to 75
2025-09-11 14:47:36,497 - httpx - INFO - HTTP Request: GET http://localhost:8002/api/beds/current/10 "HTTP/1.1 200 OK"
2025-09-11 14:47:36,521 - httpx - INFO - HTTP Request: POST http://localhost:8002/api/beds/update "HTTP/1.1 201 Created"
2025-09-11 14:47:36,522 - __main__ - INFO - Updated general beds for hospital 10 to 1495
2025-09-11 14:47:36,541 - httpx - INFO - HTTP Request: POST http://localhost:8002/api/beds/update "HTTP/1.1 201 Created"
2025-09-11 14:47:36,542 - __main__ - INFO - Updated icu beds for hospital 10 to 298
2025-09-11 14:47:36,557 - httpx - INFO - HTTP Request: GET http://localhost:8002/api/beds/current/11 "HTTP/1.1 200 OK"
2025-09-11 14:47:36,581 - httpx - INFO - HTTP Request: POST http://localhost:8002/api/beds/update "HTTP/1.1 201 Created"
2025-09-11 14:47:36,581 - __main__ - INFO - Updated general beds for hospital 11 to 432
2025-09-11 14:47:36,603 - httpx - INFO - HTTP Request: POST http://localhost:8002/api/beds/update "HTTP/1.1 201 Created"
2025-09-11 14:47:36,603 - __main__ - INFO - Updated icu beds for hospital 11 to 87
2025-09-11 14:47:36,618 - httpx - INFO - HTTP Request: GET http://localhost:8002/api/beds/current/12 "HTTP/1.1 200 OK"
2025-09-11 14:47:36,637 - httpx - INFO - HTTP Request: POST http://localhost:8002/api/beds/update "HTTP/1.1 201 Created"
2025-09-11 14:47:36,637 - __main__ - INFO - Updated general beds for hospital 12 to 329
2025-09-11 14:47:36,654 - httpx - INFO - HTTP Request: POST http://localhost:8002/api/beds/update "HTTP/1.1 201 Created"
2025-09-11 14:47:36,654 - __main__ - INFO - Updated icu beds for hospital 12 to 63
2025-09-11 14:47:36,672 - httpx - INFO - HTTP Request: GET http://localhost:8002/api/beds/current/13 "HTTP/1.1 200 OK"
2025-09-11 14:47:36,764 - httpx - INFO - HTTP Request: POST http://localhost:8002/api/beds/update "HTTP/1.1 201 Created"
2025-09-11 14:47:36,765 - __main__ - INFO - Updated general beds for hospital 13 to 250
2025-09-11 14:47:36,796 - httpx - INFO - HTTP Request: POST http://localhost:8002/api/beds/update "HTTP/1.1 201 Created"
2025-09-11 14:47:36,798 - __main__ - INFO - Updated icu beds for hospital 13 to 50
2025-09-11 14:47:36,822 - httpx - INFO - HTTP Request: GET http://localhost:8002/api/beds/current/14 "HTTP/1.1 200 OK"
2025-09-11 14:47:36,852 - httpx - INFO - HTTP Request: POST http://localhost:8002/api/beds/update "HTTP/1.1 201 Created"
2025-09-11 14:47:36,852 - __main__ - INFO - Updated general beds for hospital 14 to 564
2025-09-11 14:47:36,878 - httpx - INFO - HTTP Request: POST http://localhost:8002/api/beds/update "HTTP/1.1 201 Created"
2025-09-11 14:47:36,878 - __main__ - INFO - Updated icu beds for hospital 14 to 118
2025-09-11 14:47:36,901 - httpx - INFO - HTTP Request: GET http://localhost:8002/api/beds/current/15 "HTTP/1.1 200 OK"
2025-09-11 14:47:36,926 - httpx - INFO - HTTP Request: POST http://localhost:8002/api/beds/update "HTTP/1.1 201 Created"
2025-09-11 14:47:36,927 - __main__ - INFO - Updated general beds for hospital 15 to 261
2025-09-11 14:47:36,950 - httpx - INFO - HTTP Request: POST http://localhost:8002/api/beds/update "HTTP/1.1 201 Created"
2025-09-11 14:47:36,951 - __main__ - INFO - Updated icu beds for hospital 15 to 55
2025-09-11 14:47:36,974 - httpx - INFO - HTTP Request: GET http://localhost:8002/api/beds/current/16 "HTTP/1.1 200 OK"
2025-09-11 14:47:36,998 - httpx - INFO - HTTP Request: POST http://localhost:8002/api/beds/update "HTTP/1.1 201 Created"
2025-09-11 14:47:36,998 - __main__ - INFO - Updated general beds for hospital 16 to 273
2025-09-11 14:47:37,017 - httpx - INFO - HTTP Request: GET http://localhost:8002/api/beds/current/17 "HTTP/1.1 200 OK"
2025-09-11 14:47:37,040 - httpx - INFO - HTTP Request: POST http://localhost:8002/api/beds/update "HTTP/1.1 201 Created"
2025-09-11 14:47:37,040 - __main__ - INFO - Updated general beds for hospital 17 to 90
2025-09-11 14:47:37,055 - httpx - INFO - HTTP Request: GET http://localhost:8002/api/beds/current/18 "HTTP/1.1 200 OK"
2025-09-11 14:47:37,074 - httpx - INFO - HTTP Request: POST http://localhost:8002/api/beds/update "HTTP/1.1 201 Created"
2025-09-11 14:47:37,074 - __main__ - INFO - Updated general beds for hospital 18 to 162
2025-09-11 14:47:37,099 - httpx - INFO - HTTP Request: POST http://localhost:8002/api/beds/update "HTTP/1.1 201 Created"
2025-09-11 14:47:37,099 - __main__ - INFO - Updated icu beds for hospital 18 to 25
2025-09-11 14:47:37,116 - httpx - INFO - HTTP Request: GET http://localhost:8002/api/beds/current/19 "HTTP/1.1 200 OK"
2025-09-11 14:47:37,133 - httpx - INFO - HTTP Request: POST http://localhost:8002/api/beds/update "HTTP/1.1 201 Created"
2025-09-11 14:47:37,133 - __main__ - INFO - Updated general beds for hospital 19 to 143
2025-09-11 14:47:37,145 - httpx - INFO - HTTP Request: GET http://localhost:8002/api/beds/current/20 "HTTP/1.1 200 OK"
2025-09-11 14:47:37,160 - httpx - INFO - HTTP Request: POST http://localhost:8002/api/beds/update "HTTP/1.1 201 Created"
2025-09-11 14:47:37,160 - __main__ - INFO - Updated general beds for hospital 20 to 152
2025-09-11 14:47:57,185 - httpx - INFO - HTTP Request: GET http://localhost:8002/api/beds/current/1 "HTTP/1.1 200 OK"
2025-09-11 14:47:57,207 - httpx - INFO - HTTP Request: POST http://localhost:8002/api/beds/update "HTTP/1.1 201 Created"
2025-09-11 14:47:57,207 - __main__ - INFO - Updated general beds for hospital 1 to 991
2025-09-11 14:47:57,228 - httpx - INFO - HTTP Request: POST http://localhost:8002/api/beds/update "HTTP/1.1 201 Created"
2025-09-11 14:47:57,228 - __main__ - INFO - Updated icu beds for hospital 1 to 181
2025-09-11 14:47:57,243 - httpx - INFO - HTTP Request: GET http://localhost:8002/api/beds/current/2 "HTTP/1.1 200 OK"
2025-09-11 14:47:57,258 - httpx - INFO - HTTP Request: POST http://localhost:8002/api/beds/update "HTTP/1.1 201 Created"
2025-09-11 14:47:57,258 - __main__ - INFO - Updated general beds for hospital 2 to 648
2025-09-11 14:47:57,284 - httpx - INFO - HTTP Request: POST http://localhost:8002/api/beds/update "HTTP/1.1 201 Created"
2025-09-11 14:47:57,285 - __main__ - INFO - Updated icu beds for hospital 2 to 120
2025-09-11 14:47:57,297 - httpx - INFO - HTTP Request: GET http://localhost:8002/api/beds/current/3 "HTTP/1.1 200 OK"
2025-09-11 14:47:57,311 - httpx - INFO - HTTP Request: POST http://localhost:8002/api/beds/update "HTTP/1.1 201 Created"
2025-09-11 14:47:57,311 - __main__ - INFO - Updated general beds for hospital 3 to 283
2025-09-11 14:47:57,330 - httpx - INFO - HTTP Request: POST http://localhost:8002/api/beds/update "HTTP/1.1 201 Created"
2025-09-11 14:47:57,333 - __main__ - INFO - Updated icu beds for hospital 3 to 36
2025-09-11 14:47:57,357 - httpx - INFO - HTTP Request: GET http://localhost:8002/api/beds/current/4 "HTTP/1.1 200 OK"
2025-09-11 14:47:57,375 - httpx - INFO - HTTP Request: POST http://localhost:8002/api/beds/update "HTTP/1.1 201 Created"
2025-09-11 14:47:57,375 - __main__ - INFO - Updated general beds for hospital 4 to 1150
2025-09-11 14:47:57,394 - httpx - INFO - HTTP Request: POST http://localhost:8002/api/beds/update "HTTP/1.1 201 Created"
2025-09-11 14:47:57,394 - __main__ - INFO - Updated icu beds for hospital 4 to 230
2025-09-11 14:47:57,416 - httpx - INFO - HTTP Request: GET http://localhost:8002/api/beds/current/5 "HTTP/1.1 200 OK"
2025-09-11 14:47:57,433 - httpx - INFO - HTTP Request: POST http://localhost:8002/api/beds/update "HTTP/1.1 201 Created"
2025-09-11 14:47:57,433 - __main__ - INFO - Updated icu beds for hospital 5 to 189
2025-09-11 14:47:57,452 - httpx - INFO - HTTP Request: GET http://localhost:8002/api/beds/current/6 "HTTP/1.1 200 OK"
2025-09-11 14:47:57,474 - httpx - INFO - HTTP Request: POST http://localhost:8002/api/beds/update "HTTP/1.1 201 Created"
2025-09-11 14:47:57,475 - __main__ - INFO - Updated general beds for hospital 6 to 482
2025-09-11 14:47:57,501 - httpx - INFO - HTTP Request: POST http://localhost:8002/api/beds/update "HTTP/1.1 201 Created"
2025-09-11 14:47:57,502 - __main__ - INFO - Updated icu beds for hospital 6 to 90
2025-09-11 14:47:57,522 - httpx - INFO - HTTP Request: GET http://localhost:8002/api/beds/current/7 "HTTP/1.1 200 OK"
2025-09-11 14:47:57,538 - httpx - INFO - HTTP Request: POST http://localhost:8002/api/beds/update "HTTP/1.1 201 Created"
2025-09-11 14:47:57,539 - __main__ - INFO - Updated general beds for hospital 7 to 481
2025-09-11 14:47:57,562 - httpx - INFO - HTTP Request: POST http://localhost:8002/api/beds/update "HTTP/1.1 201 Created"
2025-09-11 14:47:57,660 - __main__ - INFO - Updated icu beds for hospital 7 to 88
2025-09-11 14:47:57,685 - httpx - INFO - HTTP Request: GET http://localhost:8002/api/beds/current/8 "HTTP/1.1 200 OK"
2025-09-11 14:47:57,704 - httpx - INFO - HTTP Request: POST http://localhost:8002/api/beds/update "HTTP/1.1 201 Created"
2025-09-11 14:47:57,705 - __main__ - INFO - Updated general beds for hospital 8 to 470
2025-09-11 14:47:57,724 - httpx - INFO - HTTP Request: POST http://localhost:8002/api/beds/update "HTTP/1.1 201 Created"
2025-09-11 14:47:57,724 - __main__ - INFO - Updated icu beds for hospital 8 to 90
2025-09-11 14:47:57,736 - httpx - INFO - HTTP Request: GET http://localhost:8002/api/beds/current/9 "HTTP/1.1 200 OK"
2025-09-11 14:47:57,754 - httpx - INFO - HTTP Request: POST http://localhost:8002/api/beds/update "HTTP/1.1 201 Created"
2025-09-11 14:47:57,754 - __main__ - INFO - Updated general beds for hospital 9 to 400
2025-09-11 14:47:57,769 - httpx - INFO - HTTP Request: GET http://localhost:8002/api/beds/current/10 "HTTP/1.1 200 OK"
2025-09-11 14:47:57,784 - httpx - INFO - HTTP Request: POST http://localhost:8002/api/beds/update "HTTP/1.1 201 Created"
2025-09-11 14:47:57,784 - __main__ - INFO - Updated general beds for hospital 10 to 1499
2025-09-11 14:47:57,803 - httpx - INFO - HTTP Request: POST http://localhost:8002/api/beds/update "HTTP/1.1 201 Created"
2025-09-11 14:47:57,803 - __main__ - INFO - Updated icu beds for hospital 10 to 300
2025-09-11 14:47:57,821 - httpx - INFO - HTTP Request: GET http://localhost:8002/api/beds/current/11 "HTTP/1.1 200 OK"
2025-09-11 14:47:57,845 - httpx - INFO - HTTP Request: POST http://localhost:8002/api/beds/update "HTTP/1.1 201 Created"
2025-09-11 14:47:57,848 - __main__ - INFO - Updated general beds for hospital 11 to 439
2025-09-11 14:47:57,874 - httpx - INFO - HTTP Request: POST http://localhost:8002/api/beds/update "HTTP/1.1 201 Created"
2025-09-11 14:47:57,875 - __main__ - INFO - Updated icu beds for hospital 11 to 84
2025-09-11 14:47:57,890 - httpx - INFO - HTTP Request: GET http://localhost:8002/api/beds/current/12 "HTTP/1.1 200 OK"
2025-09-11 14:47:57,913 - httpx - INFO - HTTP Request: POST http://localhost:8002/api/beds/update "HTTP/1.1 201 Created"
2025-09-11 14:47:57,913 - __main__ - INFO - Updated general beds for hospital 12 to 322
2025-09-11 14:47:57,927 - httpx - INFO - HTTP Request: POST http://localhost:8002/api/beds/update "HTTP/1.1 201 Created"
2025-09-11 14:47:57,927 - __main__ - INFO - Updated icu beds for hospital 12 to 59
2025-09-11 14:47:57,941 - httpx - INFO - HTTP Request: GET http://localhost:8002/api/beds/current/13 "HTTP/1.1 200 OK"
2025-09-11 14:47:57,960 - httpx - INFO - HTTP Request: POST http://localhost:8002/api/beds/update "HTTP/1.1 201 Created"
2025-09-11 14:47:57,960 - __main__ - INFO - Updated general beds for hospital 13 to 250
2025-09-11 14:47:57,981 - httpx - INFO - HTTP Request: POST http://localhost:8002/api/beds/update "HTTP/1.1 201 Created"
2025-09-11 14:47:57,982 - __main__ - INFO - Updated icu beds for hospital 13 to 50
2025-09-11 14:47:57,998 - httpx - INFO - HTTP Request: GET http://localhost:8002/api/beds/current/14 "HTTP/1.1 200 OK"
2025-09-11 14:47:58,209 - httpx - INFO - HTTP Request: POST http://localhost:8002/api/beds/update "HTTP/1.1 201 Created"
2025-09-11 14:47:58,210 - __main__ - INFO - Updated general beds for hospital 14 to 567
2025-09-11 14:47:58,259 - httpx - INFO - HTTP Request: POST http://localhost:8002/api/beds/update "HTTP/1.1 201 Created"
2025-09-11 14:47:58,260 - __main__ - INFO - Updated icu beds for hospital 14 to 119
2025-09-11 14:47:58,317 - httpx - INFO - HTTP Request: GET http://localhost:8002/api/beds/current/15 "HTTP/1.1 200 OK"
2025-09-11 14:47:58,349 - httpx - INFO - HTTP Request: POST http://localhost:8002/api/beds/update "HTTP/1.1 201 Created"
2025-09-11 14:47:58,349 - __main__ - INFO - Updated general beds for hospital 15 to 263
2025-09-11 14:47:58,380 - httpx - INFO - HTTP Request: POST http://localhost:8002/api/beds/update "HTTP/1.1 201 Created"
2025-09-11 14:47:58,380 - __main__ - INFO - Updated icu beds for hospital 15 to 55
2025-09-11 14:47:58,395 - httpx - INFO - HTTP Request: GET http://localhost:8002/api/beds/current/16 "HTTP/1.1 200 OK"
2025-09-11 14:47:58,417 - httpx - INFO - HTTP Request: POST http://localhost:8002/api/beds/update "HTTP/1.1 201 Created"
2025-09-11 14:47:58,417 - __main__ - INFO - Updated general beds for hospital 16 to 276
2025-09-11 14:47:58,450 - httpx - INFO - HTTP Request: POST http://localhost:8002/api/beds/update "HTTP/1.1 201 Created"
2025-09-11 14:47:58,450 - __main__ - INFO - Updated icu beds for hospital 16 to 44
2025-09-11 14:47:58,471 - httpx - INFO - HTTP Request: GET http://localhost:8002/api/beds/current/17 "HTTP/1.1 200 OK"
2025-09-11 14:47:58,495 - httpx - INFO - HTTP Request: POST http://localhost:8002/api/beds/update "HTTP/1.1 201 Created"
2025-09-11 14:47:58,496 - __main__ - INFO - Updated general beds for hospital 17 to 90
2025-09-11 14:47:58,516 - httpx - INFO - HTTP Request: POST http://localhost:8002/api/beds/update "HTTP/1.1 201 Created"
2025-09-11 14:47:58,516 - __main__ - INFO - Updated icu beds for hospital 17 to 12
2025-09-11 14:47:58,538 - httpx - INFO - HTTP Request: GET http://localhost:8002/api/beds/current/18 "HTTP/1.1 200 OK"
2025-09-11 14:47:58,561 - httpx - INFO - HTTP Request: POST http://localhost:8002/api/beds/update "HTTP/1.1 201 Created"
2025-09-11 14:47:58,561 - __main__ - INFO - Updated general beds for hospital 18 to 169
2025-09-11 14:47:58,577 - httpx - INFO - HTTP Request: POST http://localhost:8002/api/beds/update "HTTP/1.1 201 Created"
2025-09-11 14:47:58,577 - __main__ - INFO - Updated icu beds for hospital 18 to 22
2025-09-11 14:47:58,591 - httpx - INFO - HTTP Request: GET http://localhost:8002/api/beds/current/19 "HTTP/1.1 200 OK"
2025-09-11 14:47:58,621 - httpx - INFO - HTTP Request: POST http://localhost:8002/api/beds/update "HTTP/1.1 201 Created"
2025-09-11 14:47:58,622 - __main__ - INFO - Updated general beds for hospital 19 to 152
2025-09-11 14:47:58,641 - httpx - INFO - HTTP Request: GET http://localhost:8002/api/beds/current/20 "HTTP/1.1 200 OK"
2025-09-11 14:47:58,666 - httpx - INFO - HTTP Request: POST http://localhost:8002/api/beds/update "HTTP/1.1 201 Created"
2025-09-11 14:47:58,668 - __main__ - INFO - Updated general beds for hospital 20 to 155
2025-09-11 14:47:58,706 - httpx - INFO - HTTP Request: POST http://localhost:8002/api/beds/update "HTTP/1.1 201 Created"
2025-09-11 14:47:58,707 - __main__ - INFO - Updated icu beds for hospital 20 to 23
2025-09-11 14:48:18,744 - httpx - INFO - HTTP Request: GET http://localhost:8002/api/beds/current/1 "HTTP/1.1 200 OK"
2025-09-11 14:48:18,766 - httpx - INFO - HTTP Request: POST http://localhost:8002/api/beds/update "HTTP/1.1 201 Created"
2025-09-11 14:48:18,867 - __main__ - INFO - Updated general beds for hospital 1 to 995
2025-09-11 14:48:18,902 - httpx - INFO - HTTP Request: POST http://localhost:8002/api/beds/update "HTTP/1.1 201 Created"
2025-09-11 14:48:18,903 - __main__ - INFO - Updated icu beds for hospital 1 to 184
2025-09-11 14:48:18,927 - httpx - INFO - HTTP Request: GET http://localhost:8002/api/beds/current/2 "HTTP/1.1 200 OK"
2025-09-11 14:48:18,953 - httpx - INFO - HTTP Request: POST http://localhost:8002/api/beds/update "HTTP/1.1 201 Created"
2025-09-11 14:48:18,954 - __main__ - INFO - Updated general beds for hospital 2 to 650
2025-09-11 14:48:18,972 - httpx - INFO - HTTP Request: POST http://localhost:8002/api/beds/update "HTTP/1.1 201 Created"
2025-09-11 14:48:18,972 - __main__ - INFO - Updated icu beds for hospital 2 to 116
2025-09-11 14:48:18,992 - httpx - INFO - HTTP Request: GET http://localhost:8002/api/beds/current/3 "HTTP/1.1 200 OK"
2025-09-11 14:48:19,015 - httpx - INFO - HTTP Request: POST http://localhost:8002/api/beds/update "HTTP/1.1 201 Created"
2025-09-11 14:48:19,016 - __main__ - INFO - Updated general beds for hospital 3 to 273
2025-09-11 14:48:19,032 - httpx - INFO - HTTP Request: POST http://localhost:8002/api/beds/update "HTTP/1.1 201 Created"
2025-09-11 14:48:19,033 - __main__ - INFO - Updated icu beds for hospital 3 to 38
2025-09-11 14:48:19,055 - httpx - INFO - HTTP Request: GET http://localhost:8002/api/beds/current/4 "HTTP/1.1 200 OK"
2025-09-11 14:48:19,073 - httpx - INFO - HTTP Request: POST http://localhost:8002/api/beds/update "HTTP/1.1 201 Created"
2025-09-11 14:48:19,074 - __main__ - INFO - Updated general beds for hospital 4 to 1150
2025-09-11 14:48:19,094 - httpx - INFO - HTTP Request: POST http://localhost:8002/api/beds/update "HTTP/1.1 201 Created"
2025-09-11 14:48:19,094 - __main__ - INFO - Updated icu beds for hospital 4 to 230
2025-09-11 14:48:19,112 - httpx - INFO - HTTP Request: GET http://localhost:8002/api/beds/current/5 "HTTP/1.1 200 OK"
2025-09-11 14:48:19,139 - httpx - INFO - HTTP Request: POST http://localhost:8002/api/beds/update "HTTP/1.1 201 Created"
2025-09-11 14:48:19,139 - __main__ - INFO - Updated general beds for hospital 5 to 959
2025-09-11 14:48:19,163 - httpx - INFO - HTTP Request: POST http://localhost:8002/api/beds/update "HTTP/1.1 201 Created"
2025-09-11 14:48:19,164 - __main__ - INFO - Updated icu beds for hospital 5 to 193
2025-09-11 14:48:19,179 - httpx - INFO - HTTP Request: GET http://localhost:8002/api/beds/current/6 "HTTP/1.1 200 OK"
2025-09-11 14:48:19,197 - httpx - INFO - HTTP Request: POST http://localhost:8002/api/beds/update "HTTP/1.1 201 Created"
2025-09-11 14:48:19,198 - __main__ - INFO - Updated general beds for hospital 6 to 474
2025-09-11 14:48:19,217 - httpx - INFO - HTTP Request: POST http://localhost:8002/api/beds/update "HTTP/1.1 201 Created"
2025-09-11 14:48:19,217 - __main__ - INFO - Updated icu beds for hospital 6 to 95
2025-09-11 14:48:19,230 - httpx - INFO - HTTP Request: GET http://localhost:8002/api/beds/current/7 "HTTP/1.1 200 OK"
2025-09-11 14:48:19,249 - httpx - INFO - HTTP Request: POST http://localhost:8002/api/beds/update "HTTP/1.1 201 Created"
2025-09-11 14:48:19,249 - __main__ - INFO - Updated general beds for hospital 7 to 473
2025-09-11 14:48:19,269 - httpx - INFO - HTTP Request: POST http://localhost:8002/api/beds/update "HTTP/1.1 201 Created"
2025-09-11 14:48:19,269 - __main__ - INFO - Updated icu beds for hospital 7 to 84
2025-09-11 14:48:19,285 - httpx - INFO - HTTP Request: GET http://localhost:8002/api/beds/current/8 "HTTP/1.1 200 OK"
2025-09-11 14:48:19,302 - httpx - INFO - HTTP Request: POST http://localhost:8002/api/beds/update "HTTP/1.1 201 Created"
2025-09-11 14:48:19,302 - __main__ - INFO - Updated general beds for hospital 8 to 470
2025-09-11 14:48:19,326 - httpx - INFO - HTTP Request: POST http://localhost:8002/api/beds/update "HTTP/1.1 201 Created"
2025-09-11 14:48:19,327 - __main__ - INFO - Updated icu beds for hospital 8 to 92
2025-09-11 14:48:19,342 - httpx - INFO - HTTP Request: GET http://localhost:8002/api/beds/current/9 "HTTP/1.1 200 OK"
2025-09-11 14:48:19,358 - httpx - INFO - HTTP Request: POST http://localhost:8002/api/beds/update "HTTP/1.1 201 Created"
2025-09-11 14:48:19,358 - __main__ - INFO - Updated general beds for hospital 9 to 400
2025-09-11 14:48:19,377 - httpx - INFO - HTTP Request: POST http://localhost:8002/api/beds/update "HTTP/1.1 201 Created"
2025-09-11 14:48:19,377 - __main__ - INFO - Updated icu beds for hospital 9 to 79
2025-09-11 14:48:19,392 - httpx - INFO - HTTP Request: GET http://localhost:8002/api/beds/current/10 "HTTP/1.1 200 OK"
2025-09-11 14:48:19,412 - httpx - INFO - HTTP Request: POST http://localhost:8002/api/beds/update "HTTP/1.1 201 Created"
2025-09-11 14:48:19,412 - __main__ - INFO - Updated general beds for hospital 10 to 1500
2025-09-11 14:48:19,430 - httpx - INFO - HTTP Request: POST http://localhost:8002/api/beds/update "HTTP/1.1 201 Created"
2025-09-11 14:48:19,430 - __main__ - INFO - Updated icu beds for hospital 10 to 298
2025-09-11 14:48:19,443 - httpx - INFO - HTTP Request: GET http://localhost:8002/api/beds/current/11 "HTTP/1.1 200 OK"
2025-09-11 14:48:19,461 - httpx - INFO - HTTP Request: POST http://localhost:8002/api/beds/update "HTTP/1.1 201 Created"
2025-09-11 14:48:19,461 - __main__ - INFO - Updated general beds for hospital 11 to 440
2025-09-11 14:48:19,487 - httpx - INFO - HTTP Request: POST http://localhost:8002/api/beds/update "HTTP/1.1 201 Created"
2025-09-11 14:48:19,487 - __main__ - INFO - Updated icu beds for hospital 11 to 83
2025-09-11 14:48:19,502 - httpx - INFO - HTTP Request: GET http://localhost:8002/api/beds/current/12 "HTTP/1.1 200 OK"
2025-09-11 14:48:19,523 - httpx - INFO - HTTP Request: POST http://localhost:8002/api/beds/update "HTTP/1.1 201 Created"
2025-09-11 14:48:19,523 - __main__ - INFO - Updated general beds for hospital 12 to 323
2025-09-11 14:48:19,543 - httpx - INFO - HTTP Request: POST http://localhost:8002/api/beds/update "HTTP/1.1 201 Created"
2025-09-11 14:48:19,544 - __main__ - INFO - Updated icu beds for hospital 12 to 54
2025-09-11 14:48:19,563 - httpx - INFO - HTTP Request: GET http://localhost:8002/api/beds/current/13 "HTTP/1.1 200 OK"
2025-09-11 14:48:19,592 - httpx - INFO - HTTP Request: POST http://localhost:8002/api/beds/update "HTTP/1.1 201 Created"
2025-09-11 14:48:19,594 - __main__ - INFO - Updated general beds for hospital 13 to 250
2025-09-11 14:48:19,623 - httpx - INFO - HTTP Request: POST http://localhost:8002/api/beds/update "HTTP/1.1 201 Created"
2025-09-11 14:48:19,624 - __main__ - INFO - Updated icu beds for hospital 13 to 50
2025-09-11 14:48:19,658 - httpx - INFO - HTTP Request: GET http://localhost:8002/api/beds/current/14 "HTTP/1.1 200 OK"
2025-09-11 14:48:19,691 - httpx - INFO - HTTP Request: POST http://localhost:8002/api/beds/update "HTTP/1.1 201 Created"
2025-09-11 14:48:19,775 - __main__ - INFO - Updated general beds for hospital 14 to 577
2025-09-11 14:48:19,819 - httpx - INFO - HTTP Request: GET http://localhost:8002/api/beds/current/15 "HTTP/1.1 200 OK"
2025-09-11 14:48:19,844 - httpx - INFO - HTTP Request: POST http://localhost:8002/api/beds/update "HTTP/1.1 201 Created"
2025-09-11 14:48:19,846 - __main__ - INFO - Updated general beds for hospital 15 to 253
2025-09-11 14:48:19,941 - httpx - INFO - HTTP Request: POST http://localhost:8002/api/beds/update "HTTP/1.1 201 Created"
2025-09-11 14:48:19,941 - __main__ - INFO - Updated icu beds for hospital 15 to 55
2025-09-11 14:48:19,968 - httpx - INFO - HTTP Request: GET http://localhost:8002/api/beds/current/16 "HTTP/1.1 200 OK"
2025-09-11 14:48:20,052 - httpx - INFO - HTTP Request: POST http://localhost:8002/api/beds/update "HTTP/1.1 201 Created"
2025-09-11 14:48:20,059 - __main__ - INFO - Updated general beds for hospital 16 to 279
2025-09-11 14:48:20,115 - httpx - INFO - HTTP Request: POST http://localhost:8002/api/beds/update "HTTP/1.1 201 Created"
2025-09-11 14:48:20,115 - __main__ - INFO - Updated icu beds for hospital 16 to 46
2025-09-11 14:48:20,148 - httpx - INFO - HTTP Request: GET http://localhost:8002/api/beds/current/17 "HTTP/1.1 200 OK"
2025-09-11 14:48:20,212 - httpx - INFO - HTTP Request: POST http://localhost:8002/api/beds/update "HTTP/1.1 201 Created"
2025-09-11 14:48:20,212 - __main__ - INFO - Updated general beds for hospital 17 to 85
2025-09-11 14:48:20,241 - httpx - INFO - HTTP Request: POST http://localhost:8002/api/beds/update "HTTP/1.1 201 Created"
2025-09-11 14:48:20,246 - __main__ - INFO - Updated icu beds for hospital 17 to 7
2025-09-11 14:48:20,274 - httpx - INFO - HTTP Request: GET http://localhost:8002/api/beds/current/18 "HTTP/1.1 200 OK"
2025-09-11 14:48:20,307 - httpx - INFO - HTTP Request: POST http://localhost:8002/api/beds/update "HTTP/1.1 201 Created"
2025-09-11 14:48:20,308 - __main__ - INFO - Updated general beds for hospital 18 to 179
2025-09-11 14:48:20,335 - httpx - INFO - HTTP Request: POST http://localhost:8002/api/beds/update "HTTP/1.1 201 Created"
2025-09-11 14:48:20,336 - __main__ - INFO - Updated icu beds for hospital 18 to 26
2025-09-11 14:48:20,395 - httpx - INFO - HTTP Request: GET http://localhost:8002/api/beds/current/19 "HTTP/1.1 200 OK"
2025-09-11 14:48:20,449 - httpx - INFO - HTTP Request: POST http://localhost:8002/api/beds/update "HTTP/1.1 201 Created"
2025-09-11 14:48:20,449 - __main__ - INFO - Updated general beds for hospital 19 to 159
2025-09-11 14:48:20,475 - httpx - INFO - HTTP Request: POST http://localhost:8002/api/beds/update "HTTP/1.1 201 Created"
2025-09-11 14:48:20,475 - __main__ - INFO - Updated icu beds for hospital 19 to 39
2025-09-11 14:48:20,502 - httpx - INFO - HTTP Request: GET http://localhost:8002/api/beds/current/20 "HTTP/1.1 200 OK"
2025-09-11 14:48:20,523 - httpx - INFO - HTTP Request: POST http://localhost:8002/api/beds/update "HTTP/1.1 201 Created"
2025-09-11 14:48:20,523 - __main__ - INFO - Updated general beds for hospital 20 to 162
2025-09-11 14:48:20,549 - httpx - INFO - HTTP Request: POST http://localhost:8002/api/beds/update "HTTP/1.1 201 Created"
2025-09-11 14:48:20,549 - __main__ - INFO - Updated icu beds for hospital 20 to 27
2025-09-11 14:48:40,569 - httpx - INFO - HTTP Request: GET http://localhost:8002/api/beds/current/1 "HTTP/1.1 200 OK"
2025-09-11 14:48:40,586 - httpx - INFO - HTTP Request: POST http://localhost:8002/api/beds/update "HTTP/1.1 201 Created"
2025-09-11 14:48:40,586 - __main__ - INFO - Updated icu beds for hospital 1 to 179
2025-09-11 14:48:40,595 - httpx - INFO - HTTP Request: GET http://localhost:8002/api/beds/current/2 "HTTP/1.1 200 OK"
2025-09-11 14:48:40,606 - httpx - INFO - HTTP Request: POST http://localhost:8002/api/beds/update "HTTP/1.1 201 Created"
2025-09-11 14:48:40,606 - __main__ - INFO - Updated general beds for hospital 2 to 651
2025-09-11 14:48:40,616 - httpx - INFO - HTTP Request: POST http://localhost:8002/api/beds/update "HTTP/1.1 201 Created"
2025-09-11 14:48:40,616 - __main__ - INFO - Updated icu beds for hospital 2 to 121
2025-09-11 14:48:40,625 - httpx - INFO - HTTP Request: GET http://localhost:8002/api/beds/current/3 "HTTP/1.1 200 OK"
2025-09-11 14:48:40,637 - httpx - INFO - HTTP Request: POST http://localhost:8002/api/beds/update "HTTP/1.1 201 Created"
2025-09-11 14:48:40,637 - __main__ - INFO - Updated general beds for hospital 3 to 280
2025-09-11 14:48:40,647 - httpx - INFO - HTTP Request: POST http://localhost:8002/api/beds/update "HTTP/1.1 201 Created"
2025-09-11 14:48:40,647 - __main__ - INFO - Updated icu beds for hospital 3 to 39
2025-09-11 14:48:40,656 - httpx - INFO - HTTP Request: GET http://localhost:8002/api/beds/current/4 "HTTP/1.1 200 OK"
2025-09-11 14:48:40,669 - httpx - INFO - HTTP Request: POST http://localhost:8002/api/beds/update "HTTP/1.1 201 Created"
2025-09-11 14:48:40,669 - __main__ - INFO - Updated general beds for hospital 4 to 1150
2025-09-11 14:48:40,680 - httpx - INFO - HTTP Request: POST http://localhost:8002/api/beds/update "HTTP/1.1 201 Created"
2025-09-11 14:48:40,681 - __main__ - INFO - Updated icu beds for hospital 4 to 229
2025-09-11 14:48:40,692 - httpx - INFO - HTTP Request: GET http://localhost:8002/api/beds/current/5 "HTTP/1.1 200 OK"
2025-09-11 14:48:40,709 - httpx - INFO - HTTP Request: POST http://localhost:8002/api/beds/update "HTTP/1.1 201 Created"
2025-09-11 14:48:40,709 - __main__ - INFO - Updated general beds for hospital 5 to 966
2025-09-11 14:48:40,723 - httpx - INFO - HTTP Request: POST http://localhost:8002/api/beds/update "HTTP/1.1 201 Created"
2025-09-11 14:48:40,723 - __main__ - INFO - Updated icu beds for hospital 5 to 192
2025-09-11 14:48:40,735 - httpx - INFO - HTTP Request: GET http://localhost:8002/api/beds/current/6 "HTTP/1.1 200 OK"
2025-09-11 14:48:40,749 - httpx - INFO - HTTP Request: POST http://localhost:8002/api/beds/update "HTTP/1.1 201 Created"
2025-09-11 14:48:40,749 - __main__ - INFO - Updated general beds for hospital 6 to 471
2025-09-11 14:48:40,768 - httpx - INFO - HTTP Request: POST http://localhost:8002/api/beds/update "HTTP/1.1 201 Created"
2025-09-11 14:48:40,768 - __main__ - INFO - Updated icu beds for hospital 6 to 94
2025-09-11 14:48:40,788 - httpx - INFO - HTTP Request: GET http://localhost:8002/api/beds/current/7 "HTTP/1.1 200 OK"
2025-09-11 14:48:40,814 - httpx - INFO - HTTP Request: POST http://localhost:8002/api/beds/update "HTTP/1.1 201 Created"
2025-09-11 14:48:40,814 - __main__ - INFO - Updated general beds for hospital 7 to 468
2025-09-11 14:48:40,831 - httpx - INFO - HTTP Request: POST http://localhost:8002/api/beds/update "HTTP/1.1 201 Created"
2025-09-11 14:48:40,832 - __main__ - INFO - Updated icu beds for hospital 7 to 82
2025-09-11 14:48:40,849 - httpx - INFO - HTTP Request: GET http://localhost:8002/api/beds/current/8 "HTTP/1.1 200 OK"
2025-09-11 14:48:40,915 - httpx - INFO - HTTP Request: POST http://localhost:8002/api/beds/update "HTTP/1.1 201 Created"
2025-09-11 14:48:40,915 - __main__ - INFO - Updated general beds for hospital 8 to 470
2025-09-11 14:48:40,930 - httpx - INFO - HTTP Request: POST http://localhost:8002/api/beds/update "HTTP/1.1 201 Created"
2025-09-11 14:48:40,930 - __main__ - INFO - Updated icu beds for hospital 8 to 90
2025-09-11 14:48:40,945 - httpx - INFO - HTTP Request: GET http://localhost:8002/api/beds/current/9 "HTTP/1.1 200 OK"
2025-09-11 14:48:40,962 - httpx - INFO - HTTP Request: POST http://localhost:8002/api/beds/update "HTTP/1.1 201 Created"
2025-09-11 14:48:40,963 - __main__ - INFO - Updated general beds for hospital 9 to 400
2025-09-11 14:48:40,985 - httpx - INFO - HTTP Request: POST http://localhost:8002/api/beds/update "HTTP/1.1 201 Created"
2025-09-11 14:48:40,986 - __main__ - INFO - Updated icu beds for hospital 9 to 80
2025-09-11 14:48:41,001 - httpx - INFO - HTTP Request: GET http://localhost:8002/api/beds/current/10 "HTTP/1.1 200 OK"
2025-09-11 14:48:41,017 - httpx - INFO - HTTP Request: POST http://localhost:8002/api/beds/update "HTTP/1.1 201 Created"
2025-09-11 14:48:41,018 - __main__ - INFO - Updated general beds for hospital 10 to 1500
2025-09-11 14:48:41,033 - httpx - INFO - HTTP Request: POST http://localhost:8002/api/beds/update "HTTP/1.1 201 Created"
2025-09-11 14:48:41,033 - __main__ - INFO - Updated icu beds for hospital 10 to 295
2025-09-11 14:48:41,051 - httpx - INFO - HTTP Request: GET http://localhost:8002/api/beds/current/11 "HTTP/1.1 200 OK"
2025-09-11 14:48:41,068 - httpx - INFO - HTTP Request: POST http://localhost:8002/api/beds/update "HTTP/1.1 201 Created"
2025-09-11 14:48:41,068 - __main__ - INFO - Updated general beds for hospital 11 to 442
2025-09-11 14:48:41,086 - httpx - INFO - HTTP Request: POST http://localhost:8002/api/beds/update "HTTP/1.1 201 Created"
2025-09-11 14:48:41,086 - __main__ - INFO - Updated icu beds for hospital 11 to 86
2025-09-11 14:48:41,101 - httpx - INFO - HTTP Request: GET http://localhost:8002/api/beds/current/12 "HTTP/1.1 200 OK"
2025-09-11 14:48:41,119 - httpx - INFO - HTTP Request: POST http://localhost:8002/api/beds/update "HTTP/1.1 201 Created"
2025-09-11 14:48:41,119 - __main__ - INFO - Updated general beds for hospital 12 to 314
2025-09-11 14:48:41,136 - httpx - INFO - HTTP Request: POST http://localhost:8002/api/beds/update "HTTP/1.1 201 Created"
2025-09-11 14:48:41,137 - __main__ - INFO - Updated icu beds for hospital 12 to 53
2025-09-11 14:48:41,154 - httpx - INFO - HTTP Request: GET http://localhost:8002/api/beds/current/13 "HTTP/1.1 200 OK"
2025-09-11 14:48:41,172 - httpx - INFO - HTTP Request: POST http://localhost:8002/api/beds/update "HTTP/1.1 201 Created"
2025-09-11 14:48:41,172 - __main__ - INFO - Updated general beds for hospital 13 to 246
2025-09-11 14:48:41,195 - httpx - INFO - HTTP Request: POST http://localhost:8002/api/beds/update "HTTP/1.1 201 Created"
2025-09-11 14:48:41,195 - __main__ - INFO - Updated icu beds for hospital 13 to 49
2025-09-11 14:48:41,209 - httpx - INFO - HTTP Request: GET http://localhost:8002/api/beds/current/14 "HTTP/1.1 200 OK"
2025-09-11 14:48:41,230 - httpx - INFO - HTTP Request: POST http://localhost:8002/api/beds/update "HTTP/1.1 201 Created"
2025-09-11 14:48:41,230 - __main__ - INFO - Updated general beds for hospital 14 to 567
2025-09-11 14:48:41,254 - httpx - INFO - HTTP Request: POST http://localhost:8002/api/beds/update "HTTP/1.1 201 Created"
2025-09-11 14:48:41,255 - __main__ - INFO - Updated icu beds for hospital 14 to 121
2025-09-11 14:48:41,278 - httpx - INFO - HTTP Request: GET http://localhost:8002/api/beds/current/15 "HTTP/1.1 200 OK"
2025-09-11 14:48:41,299 - httpx - INFO - HTTP Request: POST http://localhost:8002/api/beds/update "HTTP/1.1 201 Created"
2025-09-11 14:48:41,299 - __main__ - INFO - Updated general beds for hospital 15 to 257
2025-09-11 14:48:41,375 - httpx - INFO - HTTP Request: POST http://localhost:8002/api/beds/update "HTTP/1.1 201 Created"
2025-09-11 14:48:41,378 - __main__ - INFO - Updated icu beds for hospital 15 to 51
2025-09-11 14:48:41,451 - httpx - INFO - HTTP Request: GET http://localhost:8002/api/beds/current/16 "HTTP/1.1 200 OK"
2025-09-11 14:48:41,495 - httpx - INFO - HTTP Request: POST http://localhost:8002/api/beds/update "HTTP/1.1 201 Created"
2025-09-11 14:48:41,496 - __main__ - INFO - Updated general beds for hospital 16 to 280
2025-09-11 14:48:41,528 - httpx - INFO - HTTP Request: POST http://localhost:8002/api/beds/update "HTTP/1.1 201 Created"
2025-09-11 14:48:41,529 - __main__ - INFO - Updated icu beds for hospital 16 to 44
2025-09-11 14:48:41,556 - httpx - INFO - HTTP Request: GET http://localhost:8002/api/beds/current/17 "HTTP/1.1 200 OK"
2025-09-11 14:48:41,591 - httpx - INFO - HTTP Request: POST http://localhost:8002/api/beds/update "HTTP/1.1 201 Created"
2025-09-11 14:48:41,592 - __main__ - INFO - Updated general beds for hospital 17 to 86
2025-09-11 14:48:41,622 - httpx - INFO - HTTP Request: POST http://localhost:8002/api/beds/update "HTTP/1.1 201 Created"
2025-09-11 14:48:41,623 - __main__ - INFO - Updated icu beds for hospital 17 to 3
2025-09-11 14:48:41,648 - httpx - INFO - HTTP Request: GET http://localhost:8002/api/beds/current/18 "HTTP/1.1 200 OK"
2025-09-11 14:48:41,680 - httpx - INFO - HTTP Request: POST http://localhost:8002/api/beds/update "HTTP/1.1 201 Created"
2025-09-11 14:48:41,681 - __main__ - INFO - Updated general beds for hospital 18 to 189
2025-09-11 14:48:41,748 - httpx - INFO - HTTP Request: POST http://localhost:8002/api/beds/update "HTTP/1.1 201 Created"
2025-09-11 14:48:41,749 - __main__ - INFO - Updated icu beds for hospital 18 to 31
2025-09-11 14:48:41,818 - httpx - INFO - HTTP Request: GET http://localhost:8002/api/beds/current/19 "HTTP/1.1 200 OK"
2025-09-11 14:48:41,844 - httpx - INFO - HTTP Request: POST http://localhost:8002/api/beds/update "HTTP/1.1 201 Created"
2025-09-11 14:48:41,845 - __main__ - INFO - Updated general beds for hospital 19 to 154
2025-09-11 14:48:41,872 - httpx - INFO - HTTP Request: POST http://localhost:8002/api/beds/update "HTTP/1.1 201 Created"
2025-09-11 14:48:41,872 - __main__ - INFO - Updated icu beds for hospital 19 to 40
2025-09-11 14:48:41,894 - httpx - INFO - HTTP Request: GET http://localhost:8002/api/beds/current/20 "HTTP/1.1 200 OK"
2025-09-11 14:48:41,921 - httpx - INFO - HTTP Request: POST http://localhost:8002/api/beds/update "HTTP/1.1 201 Created"
2025-09-11 14:48:41,921 - __main__ - INFO - Updated general beds for hospital 20 to 167
2025-09-11 14:48:41,947 - httpx - INFO - HTTP Request: POST http://localhost:8002/api/beds/update "HTTP/1.1 201 Created"
2025-09-11 14:48:41,947 - __main__ - INFO - Updated icu beds for hospital 20 to 25
2025-09-11 14:49:01,989 - httpx - INFO - HTTP Request: GET http://localhost:8002/api/beds/current/1 "HTTP/1.1 200 OK"
2025-09-11 14:49:02,083 - httpx - INFO - HTTP Request: POST http://localhost:8002/api/beds/update "HTTP/1.1 201 Created"
2025-09-11 14:49:02,083 - __main__ - INFO - Updated general beds for hospital 1 to 987
2025-09-11 14:49:02,109 - httpx - INFO - HTTP Request: POST http://localhost:8002/api/beds/update "HTTP/1.1 201 Created"
2025-09-11 14:49:02,110 - __main__ - INFO - Updated icu beds for hospital 1 to 183
2025-09-11 14:49:02,125 - httpx - INFO - HTTP Request: GET http://localhost:8002/api/beds/current/2 "HTTP/1.1 200 OK"
2025-09-11 14:49:02,147 - httpx - INFO - HTTP Request: POST http://localhost:8002/api/beds/update "HTTP/1.1 201 Created"
2025-09-11 14:49:02,148 - __main__ - INFO - Updated general beds for hospital 2 to 641
2025-09-11 14:49:02,168 - httpx - INFO - HTTP Request: POST http://localhost:8002/api/beds/update "HTTP/1.1 201 Created"
2025-09-11 14:49:02,168 - __main__ - INFO - Updated icu beds for hospital 2 to 116
2025-09-11 14:49:02,187 - httpx - INFO - HTTP Request: GET http://localhost:8002/api/beds/current/3 "HTTP/1.1 200 OK"
2025-09-11 14:49:02,212 - httpx - INFO - HTTP Request: POST http://localhost:8002/api/beds/update "HTTP/1.1 201 Created"
2025-09-11 14:49:02,212 - __main__ - INFO - Updated general beds for hospital 3 to 281
2025-09-11 14:49:02,228 - httpx - INFO - HTTP Request: POST http://localhost:8002/api/beds/update "HTTP/1.1 201 Created"
2025-09-11 14:49:02,228 - __main__ - INFO - Updated icu beds for hospital 3 to 44
2025-09-11 14:49:02,243 - httpx - INFO - HTTP Request: GET http://localhost:8002/api/beds/current/4 "HTTP/1.1 200 OK"
2025-09-11 14:49:02,262 - httpx - INFO - HTTP Request: POST http://localhost:8002/api/beds/update "HTTP/1.1 201 Created"
2025-09-11 14:49:02,262 - __main__ - INFO - Updated general beds for hospital 4 to 1147
2025-09-11 14:49:02,282 - httpx - INFO - HTTP Request: POST http://localhost:8002/api/beds/update "HTTP/1.1 201 Created"
2025-09-11 14:49:02,283 - __main__ - INFO - Updated icu beds for hospital 4 to 230
2025-09-11 14:49:02,312 - httpx - INFO - HTTP Request: GET http://localhost:8002/api/beds/current/5 "HTTP/1.1 200 OK"
2025-09-11 14:49:02,334 - httpx - INFO - HTTP Request: POST http://localhost:8002/api/beds/update "HTTP/1.1 201 Created"
2025-09-11 14:49:02,334 - __main__ - INFO - Updated general beds for hospital 5 to 960
2025-09-11 14:49:02,348 - httpx - INFO - HTTP Request: GET http://localhost:8002/api/beds/current/6 "HTTP/1.1 200 OK"
2025-09-11 14:49:02,363 - httpx - INFO - HTTP Request: POST http://localhost:8002/api/beds/update "HTTP/1.1 201 Created"
2025-09-11 14:49:02,363 - __main__ - INFO - Updated general beds for hospital 6 to 468
2025-09-11 14:49:02,378 - httpx - INFO - HTTP Request: POST http://localhost:8002/api/beds/update "HTTP/1.1 201 Created"
2025-09-11 14:49:02,378 - __main__ - INFO - Updated icu beds for hospital 6 to 96
2025-09-11 14:49:02,390 - httpx - INFO - HTTP Request: GET http://localhost:8002/api/beds/current/7 "HTTP/1.1 200 OK"
2025-09-11 14:49:02,403 - httpx - INFO - HTTP Request: POST http://localhost:8002/api/beds/update "HTTP/1.1 201 Created"
2025-09-11 14:49:02,403 - __main__ - INFO - Updated general beds for hospital 7 to 467
2025-09-11 14:49:02,419 - httpx - INFO - HTTP Request: POST http://localhost:8002/api/beds/update "HTTP/1.1 201 Created"
2025-09-11 14:49:02,419 - __main__ - INFO - Updated icu beds for hospital 7 to 86
2025-09-11 14:49:02,430 - httpx - INFO - HTTP Request: GET http://localhost:8002/api/beds/current/8 "HTTP/1.1 200 OK"
2025-09-11 14:49:02,443 - httpx - INFO - HTTP Request: POST http://localhost:8002/api/beds/update "HTTP/1.1 201 Created"
2025-09-11 14:49:02,444 - __main__ - INFO - Updated general beds for hospital 8 to 470
2025-09-11 14:49:02,459 - httpx - INFO - HTTP Request: POST http://localhost:8002/api/beds/update "HTTP/1.1 201 Created"
2025-09-11 14:49:02,459 - __main__ - INFO - Updated icu beds for hospital 8 to 85
2025-09-11 14:49:02,471 - httpx - INFO - HTTP Request: GET http://localhost:8002/api/beds/current/9 "HTTP/1.1 200 OK"
2025-09-11 14:49:02,491 - httpx - INFO - HTTP Request: POST http://localhost:8002/api/beds/update "HTTP/1.1 201 Created"
2025-09-11 14:49:02,492 - __main__ - INFO - Updated general beds for hospital 9 to 393
2025-09-11 14:49:02,605 - httpx - INFO - HTTP Request: GET http://localhost:8002/api/beds/current/10 "HTTP/1.1 200 OK"
2025-09-11 14:49:02,644 - httpx - INFO - HTTP Request: POST http://localhost:8002/api/beds/update "HTTP/1.1 201 Created"
2025-09-11 14:49:02,645 - __main__ - INFO - Updated general beds for hospital 10 to 1494
2025-09-11 14:49:02,659 - httpx - INFO - HTTP Request: POST http://localhost:8002/api/beds/update "HTTP/1.1 201 Created"
2025-09-11 14:49:02,659 - __main__ - INFO - Updated icu beds for hospital 10 to 297
2025-09-11 14:49:02,669 - httpx - INFO - HTTP Request: GET http://localhost:8002/api/beds/current/11 "HTTP/1.1 200 OK"
2025-09-11 14:49:02,682 - httpx - INFO - HTTP Request: POST http://localhost:8002/api/beds/update "HTTP/1.1 201 Created"
2025-09-11 14:49:02,682 - __main__ - INFO - Updated general beds for hospital 11 to 448
2025-09-11 14:49:02,695 - httpx - INFO - HTTP Request: POST http://localhost:8002/api/beds/update "HTTP/1.1 201 Created"
2025-09-11 14:49:02,695 - __main__ - INFO - Updated icu beds for hospital 11 to 87
2025-09-11 14:49:02,708 - httpx - INFO - HTTP Request: GET http://localhost:8002/api/beds/current/12 "HTTP/1.1 200 OK"
2025-09-11 14:49:02,720 - httpx - INFO - HTTP Request: POST http://localhost:8002/api/beds/update "HTTP/1.1 201 Created"
2025-09-11 14:49:02,720 - __main__ - INFO - Updated general beds for hospital 12 to 324
2025-09-11 14:49:02,733 - httpx - INFO - HTTP Request: POST http://localhost:8002/api/beds/update "HTTP/1.1 201 Created"
2025-09-11 14:49:02,733 - __main__ - INFO - Updated icu beds for hospital 12 to 50
2025-09-11 14:49:02,744 - httpx - INFO - HTTP Request: GET http://localhost:8002/api/beds/current/13 "HTTP/1.1 200 OK"
2025-09-11 14:49:02,757 - httpx - INFO - HTTP Request: POST http://localhost:8002/api/beds/update "HTTP/1.1 201 Created"
2025-09-11 14:49:02,757 - __main__ - INFO - Updated general beds for hospital 13 to 241
2025-09-11 14:49:02,775 - httpx - INFO - HTTP Request: POST http://localhost:8002/api/beds/update "HTTP/1.1 201 Created"
2025-09-11 14:49:02,775 - __main__ - INFO - Updated icu beds for hospital 13 to 50
2025-09-11 14:49:02,787 - httpx - INFO - HTTP Request: GET http://localhost:8002/api/beds/current/14 "HTTP/1.1 200 OK"
2025-09-11 14:49:02,800 - httpx - INFO - HTTP Request: POST http://localhost:8002/api/beds/update "HTTP/1.1 201 Created"
2025-09-11 14:49:02,800 - __main__ - INFO - Updated general beds for hospital 14 to 575
2025-09-11 14:49:02,814 - httpx - INFO - HTTP Request: POST http://localhost:8002/api/beds/update "HTTP/1.1 201 Created"
2025-09-11 14:49:02,857 - __main__ - INFO - Updated icu beds for hospital 14 to 118
2025-09-11 14:49:02,870 - httpx - INFO - HTTP Request: GET http://localhost:8002/api/beds/current/15 "HTTP/1.1 200 OK"
2025-09-11 14:49:02,886 - httpx - INFO - HTTP Request: POST http://localhost:8002/api/beds/update "HTTP/1.1 201 Created"
2025-09-11 14:49:02,886 - __main__ - INFO - Updated general beds for hospital 15 to 265
2025-09-11 14:49:02,903 - httpx - INFO - HTTP Request: POST http://localhost:8002/api/beds/update "HTTP/1.1 201 Created"
2025-09-11 14:49:02,903 - __main__ - INFO - Updated icu beds for hospital 15 to 48
2025-09-11 14:49:02,920 - httpx - INFO - HTTP Request: GET http://localhost:8002/api/beds/current/16 "HTTP/1.1 200 OK"
2025-09-11 14:49:02,935 - httpx - INFO - HTTP Request: POST http://localhost:8002/api/beds/update "HTTP/1.1 201 Created"
2025-09-11 14:49:02,936 - __main__ - INFO - Updated general beds for hospital 16 to 280
2025-09-11 14:49:02,955 - httpx - INFO - HTTP Request: POST http://localhost:8002/api/beds/update "HTTP/1.1 201 Created"
2025-09-11 14:49:02,955 - __main__ - INFO - Updated icu beds for hospital 16 to 46
2025-09-11 14:49:02,970 - httpx - INFO - HTTP Request: GET http://localhost:8002/api/beds/current/17 "HTTP/1.1 200 OK"
2025-09-11 14:49:03,004 - httpx - INFO - HTTP Request: POST http://localhost:8002/api/beds/update "HTTP/1.1 201 Created"
2025-09-11 14:49:03,005 - __main__ - INFO - Updated general beds for hospital 17 to 87
2025-09-11 14:49:03,037 - httpx - INFO - HTTP Request: POST http://localhost:8002/api/beds/update "HTTP/1.1 201 Created"
2025-09-11 14:49:03,038 - __main__ - INFO - Updated icu beds for hospital 17 to 6
2025-09-11 14:49:03,059 - httpx - INFO - HTTP Request: GET http://localhost:8002/api/beds/current/18 "HTTP/1.1 200 OK"
2025-09-11 14:49:03,077 - httpx - INFO - HTTP Request: POST http://localhost:8002/api/beds/update "HTTP/1.1 201 Created"
2025-09-11 14:49:03,078 - __main__ - INFO - Updated general beds for hospital 18 to 191
2025-09-11 14:49:03,103 - httpx - INFO - HTTP Request: POST http://localhost:8002/api/beds/update "HTTP/1.1 201 Created"
2025-09-11 14:49:03,103 - __main__ - INFO - Updated icu beds for hospital 18 to 32
2025-09-11 14:49:03,122 - httpx - INFO - HTTP Request: GET http://localhost:8002/api/beds/current/19 "HTTP/1.1 200 OK"
2025-09-11 14:49:03,143 - httpx - INFO - HTTP Request: POST http://localhost:8002/api/beds/update "HTTP/1.1 201 Created"
2025-09-11 14:49:03,143 - __main__ - INFO - Updated general beds for hospital 19 to 144
2025-09-11 14:49:03,161 - httpx - INFO - HTTP Request: POST http://localhost:8002/api/beds/update "HTTP/1.1 201 Created"
2025-09-11 14:49:03,161 - __main__ - INFO - Updated icu beds for hospital 19 to 40
2025-09-11 14:49:03,175 - httpx - INFO - HTTP Request: GET http://localhost:8002/api/beds/current/20 "HTTP/1.1 200 OK"
2025-09-11 14:49:03,198 - httpx - INFO - HTTP Request: POST http://localhost:8002/api/beds/update "HTTP/1.1 201 Created"
2025-09-11 14:49:03,199 - __main__ - INFO - Updated general beds for hospital 20 to 175
2025-09-11 14:49:03,227 - httpx - INFO - HTTP Request: POST http://localhost:8002/api/beds/update "HTTP/1.1 201 Created"
2025-09-11 14:49:03,227 - __main__ - INFO - Updated icu beds for hospital 20 to 28
2025-09-11 14:49:23,259 - httpx - INFO - HTTP Request: GET http://localhost:8002/api/beds/current/1 "HTTP/1.1 200 OK"
2025-09-11 14:49:23,285 - httpx - INFO - HTTP Request: POST http://localhost:8002/api/beds/update "HTTP/1.1 201 Created"
2025-09-11 14:49:23,285 - __main__ - INFO - Updated general beds for hospital 1 to 986
2025-09-11 14:49:23,299 - httpx - INFO - HTTP Request: POST http://localhost:8002/api/beds/update "HTTP/1.1 201 Created"
2025-09-11 14:49:23,299 - __main__ - INFO - Updated icu beds for hospital 1 to 180
2025-09-11 14:49:23,312 - httpx - INFO - HTTP Request: GET http://localhost:8002/api/beds/current/2 "HTTP/1.1 200 OK"
2025-09-11 14:49:23,326 - httpx - INFO - HTTP Request: POST http://localhost:8002/api/beds/update "HTTP/1.1 201 Created"
2025-09-11 14:49:23,327 - __main__ - INFO - Updated general beds for hospital 2 to 638
2025-09-11 14:49:23,341 - httpx - INFO - HTTP Request: POST http://localhost:8002/api/beds/update "HTTP/1.1 201 Created"
2025-09-11 14:49:23,341 - __main__ - INFO - Updated icu beds for hospital 2 to 115
2025-09-11 14:49:23,352 - httpx - INFO - HTTP Request: GET http://localhost:8002/api/beds/current/3 "HTTP/1.1 200 OK"
2025-09-11 14:49:23,365 - httpx - INFO - HTTP Request: POST http://localhost:8002/api/beds/update "HTTP/1.1 201 Created"
2025-09-11 14:49:23,366 - __main__ - INFO - Updated icu beds for hospital 3 to 45
2025-09-11 14:49:23,380 - httpx - INFO - HTTP Request: GET http://localhost:8002/api/beds/current/4 "HTTP/1.1 200 OK"
2025-09-11 14:49:23,396 - httpx - INFO - HTTP Request: POST http://localhost:8002/api/beds/update "HTTP/1.1 201 Created"
2025-09-11 14:49:23,396 - __main__ - INFO - Updated icu beds for hospital 4 to 230
2025-09-11 14:49:23,409 - httpx - INFO - HTTP Request: GET http://localhost:8002/api/beds/current/5 "HTTP/1.1 200 OK"
2025-09-11 14:49:23,424 - httpx - INFO - HTTP Request: POST http://localhost:8002/api/beds/update "HTTP/1.1 201 Created"
2025-09-11 14:49:23,425 - __main__ - INFO - Updated general beds for hospital 5 to 967
2025-09-11 14:49:23,439 - httpx - INFO - HTTP Request: POST http://localhost:8002/api/beds/update "HTTP/1.1 201 Created"
2025-09-11 14:49:23,440 - __main__ - INFO - Updated icu beds for hospital 5 to 187
2025-09-11 14:49:23,455 - httpx - INFO - HTTP Request: GET http://localhost:8002/api/beds/current/6 "HTTP/1.1 200 OK"
2025-09-11 14:49:23,475 - httpx - INFO - HTTP Request: POST http://localhost:8002/api/beds/update "HTTP/1.1 201 Created"
2025-09-11 14:49:23,475 - __main__ - INFO - Updated general beds for hospital 6 to 462
2025-09-11 14:49:23,491 - httpx - INFO - HTTP Request: POST http://localhost:8002/api/beds/update "HTTP/1.1 201 Created"
2025-09-11 14:49:23,492 - __main__ - INFO - Updated icu beds for hospital 6 to 91
2025-09-11 14:49:23,505 - httpx - INFO - HTTP Request: GET http://localhost:8002/api/beds/current/7 "HTTP/1.1 200 OK"
2025-09-11 14:49:23,520 - httpx - INFO - HTTP Request: POST http://localhost:8002/api/beds/update "HTTP/1.1 201 Created"
2025-09-11 14:49:23,520 - __main__ - INFO - Updated general beds for hospital 7 to 475
2025-09-11 14:49:23,534 - httpx - INFO - HTTP Request: POST http://localhost:8002/api/beds/update "HTTP/1.1 201 Created"
2025-09-11 14:49:23,534 - __main__ - INFO - Updated icu beds for hospital 7 to 85
2025-09-11 14:49:23,545 - httpx - INFO - HTTP Request: GET http://localhost:8002/api/beds/current/8 "HTTP/1.1 200 OK"
2025-09-11 14:49:23,559 - httpx - INFO - HTTP Request: POST http://localhost:8002/api/beds/update "HTTP/1.1 201 Created"
2025-09-11 14:49:23,609 - __main__ - INFO - Updated general beds for hospital 8 to 469
2025-09-11 14:49:23,629 - httpx - INFO - HTTP Request: POST http://localhost:8002/api/beds/update "HTTP/1.1 201 Created"
2025-09-11 14:49:23,629 - __main__ - INFO - Updated icu beds for hospital 8 to 88
2025-09-11 14:49:23,646 - httpx - INFO - HTTP Request: GET http://localhost:8002/api/beds/current/9 "HTTP/1.1 200 OK"
2025-09-11 14:49:23,673 - httpx - INFO - HTTP Request: POST http://localhost:8002/api/beds/update "HTTP/1.1 201 Created"
2025-09-11 14:49:23,673 - __main__ - INFO - Updated general beds for hospital 9 to 391
2025-09-11 14:49:23,689 - httpx - INFO - HTTP Request: POST http://localhost:8002/api/beds/update "HTTP/1.1 201 Created"
2025-09-11 14:49:23,690 - __main__ - INFO - Updated icu beds for hospital 9 to 78
2025-09-11 14:49:23,707 - httpx - INFO - HTTP Request: GET http://localhost:8002/api/beds/current/10 "HTTP/1.1 200 OK"
2025-09-11 14:49:23,726 - httpx - INFO - HTTP Request: POST http://localhost:8002/api/beds/update "HTTP/1.1 201 Created"
2025-09-11 14:49:23,727 - __main__ - INFO - Updated general beds for hospital 10 to 1500
2025-09-11 14:49:23,744 - httpx - INFO - HTTP Request: POST http://localhost:8002/api/beds/update "HTTP/1.1 201 Created"
2025-09-11 14:49:23,744 - __main__ - INFO - Updated icu beds for hospital 10 to 296
2025-09-11 14:49:23,759 - httpx - INFO - HTTP Request: GET http://localhost:8002/api/beds/current/11 "HTTP/1.1 200 OK"
2025-09-11 14:49:23,880 - httpx - INFO - HTTP Request: POST http://localhost:8002/api/beds/update "HTTP/1.1 201 Created"
2025-09-11 14:49:23,881 - __main__ - INFO - Updated icu beds for hospital 11 to 84
2025-09-11 14:49:23,945 - httpx - INFO - HTTP Request: GET http://localhost:8002/api/beds/current/12 "HTTP/1.1 200 OK"
2025-09-11 14:49:23,990 - httpx - INFO - HTTP Request: POST http://localhost:8002/api/beds/update "HTTP/1.1 201 Created"
2025-09-11 14:49:23,992 - __main__ - INFO - Updated general beds for hospital 12 to 315
2025-09-11 14:49:24,017 - httpx - INFO - HTTP Request: GET http://localhost:8002/api/beds/current/13 "HTTP/1.1 200 OK"
2025-09-11 14:49:24,034 - httpx - INFO - HTTP Request: POST http://localhost:8002/api/beds/update "HTTP/1.1 201 Created"
2025-09-11 14:49:24,034 - __main__ - INFO - Updated general beds for hospital 13 to 249
2025-09-11 14:49:24,053 - httpx - INFO - HTTP Request: POST http://localhost:8002/api/beds/update "HTTP/1.1 201 Created"
2025-09-11 14:49:24,054 - __main__ - INFO - Updated icu beds for hospital 13 to 49
2025-09-11 14:49:24,068 - httpx - INFO - HTTP Request: GET http://localhost:8002/api/beds/current/14 "HTTP/1.1 200 OK"
2025-09-11 14:49:24,088 - httpx - INFO - HTTP Request: POST http://localhost:8002/api/beds/update "HTTP/1.1 201 Created"
2025-09-11 14:49:24,088 - __main__ - INFO - Updated general beds for hospital 14 to 569
2025-09-11 14:49:24,108 - httpx - INFO - HTTP Request: POST http://localhost:8002/api/beds/update "HTTP/1.1 201 Created"
2025-09-11 14:49:24,108 - __main__ - INFO - Updated icu beds for hospital 14 to 121
2025-09-11 14:49:24,122 - httpx - INFO - HTTP Request: GET http://localhost:8002/api/beds/current/15 "HTTP/1.1 200 OK"
2025-09-11 14:49:24,137 - httpx - INFO - HTTP Request: POST http://localhost:8002/api/beds/update "HTTP/1.1 201 Created"
2025-09-11 14:49:24,137 - __main__ - INFO - Updated general beds for hospital 15 to 271
2025-09-11 14:49:24,151 - httpx - INFO - HTTP Request: POST http://localhost:8002/api/beds/update "HTTP/1.1 201 Created"
2025-09-11 14:49:24,151 - __main__ - INFO - Updated icu beds for hospital 15 to 53
2025-09-11 14:49:24,166 - httpx - INFO - HTTP Request: GET http://localhost:8002/api/beds/current/16 "HTTP/1.1 200 OK"
2025-09-11 14:49:24,189 - httpx - INFO - HTTP Request: POST http://localhost:8002/api/beds/update "HTTP/1.1 201 Created"
2025-09-11 14:49:24,189 - __main__ - INFO - Updated general beds for hospital 16 to 279
2025-09-11 14:49:24,210 - httpx - INFO - HTTP Request: POST http://localhost:8002/api/beds/update "HTTP/1.1 201 Created"
2025-09-11 14:49:24,210 - __main__ - INFO - Updated icu beds for hospital 16 to 44
2025-09-11 14:49:24,227 - httpx - INFO - HTTP Request: GET http://localhost:8002/api/beds/current/17 "HTTP/1.1 200 OK"
2025-09-11 14:49:24,246 - httpx - INFO - HTTP Request: POST http://localhost:8002/api/beds/update "HTTP/1.1 201 Created"
2025-09-11 14:49:24,246 - __main__ - INFO - Updated general beds for hospital 17 to 90
2025-09-11 14:49:24,269 - httpx - INFO - HTTP Request: POST http://localhost:8002/api/beds/update "HTTP/1.1 201 Created"
2025-09-11 14:49:24,270 - __main__ - INFO - Updated icu beds for hospital 17 to 2
2025-09-11 14:49:24,298 - httpx - INFO - HTTP Request: GET http://localhost:8002/api/beds/current/18 "HTTP/1.1 200 OK"
2025-09-11 14:49:24,319 - httpx - INFO - HTTP Request: POST http://localhost:8002/api/beds/update "HTTP/1.1 201 Created"
2025-09-11 14:49:24,319 - __main__ - INFO - Updated general beds for hospital 18 to 186
2025-09-11 14:49:24,340 - httpx - INFO - HTTP Request: POST http://localhost:8002/api/beds/update "HTTP/1.1 201 Created"
2025-09-11 14:49:24,340 - __main__ - INFO - Updated icu beds for hospital 18 to 33
2025-09-11 14:49:24,364 - httpx - INFO - HTTP Request: GET http://localhost:8002/api/beds/current/19 "HTTP/1.1 200 OK"
2025-09-11 14:49:24,385 - httpx - INFO - HTTP Request: POST http://localhost:8002/api/beds/update "HTTP/1.1 201 Created"
2025-09-11 14:49:24,385 - __main__ - INFO - Updated general beds for hospital 19 to 151
2025-09-11 14:49:24,407 - httpx - INFO - HTTP Request: POST http://localhost:8002/api/beds/update "HTTP/1.1 201 Created"
2025-09-11 14:49:24,408 - __main__ - INFO - Updated icu beds for hospital 19 to 40
2025-09-11 14:49:24,427 - httpx - INFO - HTTP Request: GET http://localhost:8002/api/beds/current/20 "HTTP/1.1 200 OK"
2025-09-11 14:49:24,448 - httpx - INFO - HTTP Request: POST http://localhost:8002/api/beds/update "HTTP/1.1 201 Created"
2025-09-11 14:49:24,449 - __main__ - INFO - Updated general beds for hospital 20 to 167
2025-09-11 14:49:24,471 - httpx - INFO - HTTP Request: POST http://localhost:8002/api/beds/update "HTTP/1.1 201 Created"
2025-09-11 14:49:24,471 - __main__ - INFO - Updated icu beds for hospital 20 to 33
2025-09-11 14:49:44,496 - httpx - INFO - HTTP Request: GET http://localhost:8002/api/beds/current/1 "HTTP/1.1 200 OK"
2025-09-11 14:49:44,514 - httpx - INFO - HTTP Request: POST http://localhost:8002/api/beds/update "HTTP/1.1 201 Created"
2025-09-11 14:49:44,514 - __main__ - INFO - Updated general beds for hospital 1 to 994
2025-09-11 14:49:44,532 - httpx - INFO - HTTP Request: POST http://localhost:8002/api/beds/update "HTTP/1.1 201 Created"
2025-09-11 14:49:44,532 - __main__ - INFO - Updated icu beds for hospital 1 to 177
2025-09-11 14:49:44,547 - httpx - INFO - HTTP Request: GET http://localhost:8002/api/beds/current/2 "HTTP/1.1 200 OK"
2025-09-11 14:49:44,685 - httpx - INFO - HTTP Request: POST http://localhost:8002/api/beds/update "HTTP/1.1 201 Created"
2025-09-11 14:49:44,685 - __main__ - INFO - Updated general beds for hospital 2 to 647
2025-09-11 14:49:44,706 - httpx - INFO - HTTP Request: POST http://localhost:8002/api/beds/update "HTTP/1.1 201 Created"
2025-09-11 14:49:44,707 - __main__ - INFO - Updated icu beds for hospital 2 to 111
2025-09-11 14:49:44,724 - httpx - INFO - HTTP Request: GET http://localhost:8002/api/beds/current/3 "HTTP/1.1 200 OK"
2025-09-11 14:49:44,749 - httpx - INFO - HTTP Request: POST http://localhost:8002/api/beds/update "HTTP/1.1 201 Created"
2025-09-11 14:49:44,750 - __main__ - INFO - Updated general beds for hospital 3 to 283
2025-09-11 14:49:44,935 - httpx - INFO - HTTP Request: POST http://localhost:8002/api/beds/update "HTTP/1.1 201 Created"
2025-09-11 14:49:44,936 - __main__ - INFO - Updated icu beds for hospital 3 to 40
2025-09-11 14:49:44,955 - httpx - INFO - HTTP Request: GET http://localhost:8002/api/beds/current/4 "HTTP/1.1 200 OK"
2025-09-11 14:49:45,016 - httpx - INFO - HTTP Request: POST http://localhost:8002/api/beds/update "HTTP/1.1 201 Created"
2025-09-11 14:49:45,018 - __main__ - INFO - Updated general beds for hospital 4 to 1142
2025-09-11 14:49:45,043 - httpx - INFO - HTTP Request: POST http://localhost:8002/api/beds/update "HTTP/1.1 201 Created"
2025-09-11 14:49:45,044 - __main__ - INFO - Updated icu beds for hospital 4 to 225
2025-09-11 14:49:45,072 - httpx - INFO - HTTP Request: GET http://localhost:8002/api/beds/current/5 "HTTP/1.1 200 OK"
2025-09-11 14:49:45,095 - httpx - INFO - HTTP Request: POST http://localhost:8002/api/beds/update "HTTP/1.1 201 Created"
2025-09-11 14:49:45,095 - __main__ - INFO - Updated general beds for hospital 5 to 973
2025-09-11 14:49:45,116 - httpx - INFO - HTTP Request: POST http://localhost:8002/api/beds/update "HTTP/1.1 201 Created"
2025-09-11 14:49:45,116 - __main__ - INFO - Updated icu beds for hospital 5 to 192
2025-09-11 14:49:45,136 - httpx - INFO - HTTP Request: GET http://localhost:8002/api/beds/current/6 "HTTP/1.1 200 OK"
2025-09-11 14:49:45,157 - httpx - INFO - HTTP Request: POST http://localhost:8002/api/beds/update "HTTP/1.1 201 Created"
2025-09-11 14:49:45,157 - __main__ - INFO - Updated general beds for hospital 6 to 456
2025-09-11 14:49:45,175 - httpx - INFO - HTTP Request: POST http://localhost:8002/api/beds/update "HTTP/1.1 201 Created"
2025-09-11 14:49:45,176 - __main__ - INFO - Updated icu beds for hospital 6 to 86
2025-09-11 14:49:45,200 - httpx - INFO - HTTP Request: GET http://localhost:8002/api/beds/current/7 "HTTP/1.1 200 OK"
2025-09-11 14:49:45,227 - httpx - INFO - HTTP Request: POST http://localhost:8002/api/beds/update "HTTP/1.1 201 Created"
2025-09-11 14:49:45,228 - __main__ - INFO - Updated general beds for hospital 7 to 468
2025-09-11 14:49:45,248 - httpx - INFO - HTTP Request: POST http://localhost:8002/api/beds/update "HTTP/1.1 201 Created"
2025-09-11 14:49:45,248 - __main__ - INFO - Updated icu beds for hospital 7 to 88
2025-09-11 14:49:45,264 - httpx - INFO - HTTP Request: GET http://localhost:8002/api/beds/current/8 "HTTP/1.1 200 OK"
2025-09-11 14:49:45,293 - httpx - INFO - HTTP Request: POST http://localhost:8002/api/beds/update "HTTP/1.1 201 Created"
2025-09-11 14:49:45,293 - __main__ - INFO - Updated general beds for hospital 8 to 470
2025-09-11 14:49:45,311 - httpx - INFO - HTTP Request: POST http://localhost:8002/api/beds/update "HTTP/1.1 201 Created"
2025-09-11 14:49:45,312 - __main__ - INFO - Updated icu beds for hospital 8 to 90
2025-09-11 14:49:45,330 - httpx - INFO - HTTP Request: GET http://localhost:8002/api/beds/current/9 "HTTP/1.1 200 OK"
2025-09-11 14:49:45,362 - httpx - INFO - HTTP Request: POST http://localhost:8002/api/beds/update "HTTP/1.1 201 Created"
2025-09-11 14:49:45,363 - __main__ - INFO - Updated icu beds for hospital 9 to 77
2025-09-11 14:49:45,381 - httpx - INFO - HTTP Request: GET http://localhost:8002/api/beds/current/10 "HTTP/1.1 200 OK"
2025-09-11 14:49:45,403 - httpx - INFO - HTTP Request: POST http://localhost:8002/api/beds/update "HTTP/1.1 201 Created"
2025-09-11 14:49:45,403 - __main__ - INFO - Updated general beds for hospital 10 to 1496
2025-09-11 14:49:45,439 - httpx - INFO - HTTP Request: POST http://localhost:8002/api/beds/update "HTTP/1.1 201 Created"
2025-09-11 14:49:45,439 - __main__ - INFO - Updated icu beds for hospital 10 to 298
2025-09-11 14:49:45,463 - httpx - INFO - HTTP Request: GET http://localhost:8002/api/beds/current/11 "HTTP/1.1 200 OK"
2025-09-11 14:49:45,485 - httpx - INFO - HTTP Request: POST http://localhost:8002/api/beds/update "HTTP/1.1 201 Created"
2025-09-11 14:49:45,485 - __main__ - INFO - Updated general beds for hospital 11 to 441
2025-09-11 14:49:45,505 - httpx - INFO - HTTP Request: POST http://localhost:8002/api/beds/update "HTTP/1.1 201 Created"
2025-09-11 14:49:45,505 - __main__ - INFO - Updated icu beds for hospital 11 to 82
2025-09-11 14:49:45,527 - httpx - INFO - HTTP Request: GET http://localhost:8002/api/beds/current/12 "HTTP/1.1 200 OK"
2025-09-11 14:49:45,546 - httpx - INFO - HTTP Request: POST http://localhost:8002/api/beds/update "HTTP/1.1 201 Created"
2025-09-11 14:49:45,547 - __main__ - INFO - Updated general beds for hospital 12 to 309
2025-09-11 14:49:45,576 - httpx - INFO - HTTP Request: POST http://localhost:8002/api/beds/update "HTTP/1.1 201 Created"
2025-09-11 14:49:45,576 - __main__ - INFO - Updated icu beds for hospital 12 to 52
2025-09-11 14:49:45,602 - httpx - INFO - HTTP Request: GET http://localhost:8002/api/beds/current/13 "HTTP/1.1 200 OK"
2025-09-11 14:49:45,629 - httpx - INFO - HTTP Request: POST http://localhost:8002/api/beds/update "HTTP/1.1 201 Created"
2025-09-11 14:49:45,629 - __main__ - INFO - Updated general beds for hospital 13 to 250
2025-09-11 14:49:45,666 - httpx - INFO - HTTP Request: POST http://localhost:8002/api/beds/update "HTTP/1.1 201 Created"
2025-09-11 14:49:45,667 - __main__ - INFO - Updated icu beds for hospital 13 to 45
2025-09-11 14:49:45,697 - httpx - INFO - HTTP Request: GET http://localhost:8002/api/beds/current/14 "HTTP/1.1 200 OK"
2025-09-11 14:49:45,731 - httpx - INFO - HTTP Request: POST http://localhost:8002/api/beds/update "HTTP/1.1 201 Created"
2025-09-11 14:49:45,731 - __main__ - INFO - Updated general beds for hospital 14 to 575
2025-09-11 14:49:45,760 - httpx - INFO - HTTP Request: POST http://localhost:8002/api/beds/update "HTTP/1.1 201 Created"
2025-09-11 14:49:45,761 - __main__ - INFO - Updated icu beds for hospital 14 to 121
2025-09-11 14:49:45,783 - httpx - INFO - HTTP Request: GET http://localhost:8002/api/beds/current/15 "HTTP/1.1 200 OK"
2025-09-11 14:49:45,932 - httpx - INFO - HTTP Request: POST http://localhost:8002/api/beds/update "HTTP/1.1 201 Created"
2025-09-11 14:49:45,932 - __main__ - INFO - Updated general beds for hospital 15 to 261
2025-09-11 14:49:45,963 - httpx - INFO - HTTP Request: POST http://localhost:8002/api/beds/update "HTTP/1.1 201 Created"
2025-09-11 14:49:45,964 - __main__ - INFO - Updated icu beds for hospital 15 to 49
2025-09-11 14:49:45,984 - httpx - INFO - HTTP Request: GET http://localhost:8002/api/beds/current/16 "HTTP/1.1 200 OK"
2025-09-11 14:49:46,010 - httpx - INFO - HTTP Request: POST http://localhost:8002/api/beds/update "HTTP/1.1 201 Created"
2025-09-11 14:49:46,010 - __main__ - INFO - Updated general beds for hospital 16 to 280
2025-09-11 14:49:46,030 - httpx - INFO - HTTP Request: POST http://localhost:8002/api/beds/update "HTTP/1.1 201 Created"
2025-09-11 14:49:46,030 - __main__ - INFO - Updated icu beds for hospital 16 to 45
2025-09-11 14:49:46,050 - httpx - INFO - HTTP Request: GET http://localhost:8002/api/beds/current/17 "HTTP/1.1 200 OK"
2025-09-11 14:49:46,074 - httpx - INFO - HTTP Request: POST http://localhost:8002/api/beds/update "HTTP/1.1 201 Created"
2025-09-11 14:49:46,075 - __main__ - INFO - Updated general beds for hospital 17 to 90
2025-09-11 14:49:46,104 - httpx - INFO - HTTP Request: POST http://localhost:8002/api/beds/update "HTTP/1.1 201 Created"
2025-09-11 14:49:46,105 - __main__ - INFO - Updated icu beds for hospital 17 to 6
2025-09-11 14:49:46,142 - httpx - INFO - HTTP Request: GET http://localhost:8002/api/beds/current/18 "HTTP/1.1 200 OK"
2025-09-11 14:49:46,165 - httpx - INFO - HTTP Request: POST http://localhost:8002/api/beds/update "HTTP/1.1 201 Created"
2025-09-11 14:49:46,166 - __main__ - INFO - Updated general beds for hospital 18 to 193
2025-09-11 14:49:46,194 - httpx - INFO - HTTP Request: POST http://localhost:8002/api/beds/update "HTTP/1.1 201 Created"
2025-09-11 14:49:46,194 - __main__ - INFO - Updated icu beds for hospital 18 to 35
2025-09-11 14:49:46,208 - httpx - INFO - HTTP Request: GET http://localhost:8002/api/beds/current/19 "HTTP/1.1 200 OK"
2025-09-11 14:49:46,231 - httpx - INFO - HTTP Request: POST http://localhost:8002/api/beds/update "HTTP/1.1 201 Created"
2025-09-11 14:49:46,231 - __main__ - INFO - Updated general beds for hospital 19 to 141
2025-09-11 14:49:46,265 - httpx - INFO - HTTP Request: POST http://localhost:8002/api/beds/update "HTTP/1.1 201 Created"
2025-09-11 14:49:46,265 - __main__ - INFO - Updated icu beds for hospital 19 to 40
2025-09-11 14:49:46,287 - httpx - INFO - HTTP Request: GET http://localhost:8002/api/beds/current/20 "HTTP/1.1 200 OK"
2025-09-11 14:49:46,305 - httpx - INFO - HTTP Request: POST http://localhost:8002/api/beds/update "HTTP/1.1 201 Created"
2025-09-11 14:49:46,306 - __main__ - INFO - Updated general beds for hospital 20 to 176
2025-09-11 14:49:46,324 - httpx - INFO - HTTP Request: POST http://localhost:8002/api/beds/update "HTTP/1.1 201 Created"
2025-09-11 14:49:46,325 - __main__ - INFO - Updated icu beds for hospital 20 to 34
2025-09-11 14:50:06,370 - httpx - INFO - HTTP Request: GET http://localhost:8002/api/beds/current/1 "HTTP/1.1 200 OK"
2025-09-11 14:50:06,407 - httpx - INFO - HTTP Request: POST http://localhost:8002/api/beds/update "HTTP/1.1 201 Created"
2025-09-11 14:50:06,407 - __main__ - INFO - Updated general beds for hospital 1 to 993
2025-09-11 14:50:06,435 - httpx - INFO - HTTP Request: POST http://localhost:8002/api/beds/update "HTTP/1.1 201 Created"
2025-09-11 14:50:06,435 - __main__ - INFO - Updated icu beds for hospital 1 to 178
2025-09-11 14:50:06,461 - httpx - INFO - HTTP Request: GET http://localhost:8002/api/beds/current/2 "HTTP/1.1 200 OK"
2025-09-11 14:50:06,495 - httpx - INFO - HTTP Request: POST http://localhost:8002/api/beds/update "HTTP/1.1 201 Created"
2025-09-11 14:50:06,496 - __main__ - INFO - Updated general beds for hospital 2 to 649
2025-09-11 14:50:06,526 - httpx - INFO - HTTP Request: POST http://localhost:8002/api/beds/update "HTTP/1.1 201 Created"
2025-09-11 14:50:06,526 - __main__ - INFO - Updated icu beds for hospital 2 to 115
2025-09-11 14:50:06,545 - httpx - INFO - HTTP Request: GET http://localhost:8002/api/beds/current/3 "HTTP/1.1 200 OK"
2025-09-11 14:50:06,567 - httpx - INFO - HTTP Request: POST http://localhost:8002/api/beds/update "HTTP/1.1 201 Created"
2025-09-11 14:50:06,568 - __main__ - INFO - Updated general beds for hospital 3 to 279
2025-09-11 14:50:06,596 - httpx - INFO - HTTP Request: POST http://localhost:8002/api/beds/update "HTTP/1.1 201 Created"
2025-09-11 14:50:06,598 - __main__ - INFO - Updated icu beds for hospital 3 to 41
2025-09-11 14:50:06,617 - httpx - INFO - HTTP Request: GET http://localhost:8002/api/beds/current/4 "HTTP/1.1 200 OK"
2025-09-11 14:50:06,645 - httpx - INFO - HTTP Request: POST http://localhost:8002/api/beds/update "HTTP/1.1 201 Created"
2025-09-11 14:50:06,646 - __main__ - INFO - Updated general beds for hospital 4 to 1138
2025-09-11 14:50:06,677 - httpx - INFO - HTTP Request: GET http://localhost:8002/api/beds/current/5 "HTTP/1.1 200 OK"
2025-09-11 14:50:06,706 - httpx - INFO - HTTP Request: POST http://localhost:8002/api/beds/update "HTTP/1.1 201 Created"
2025-09-11 14:50:06,707 - __main__ - INFO - Updated general beds for hospital 5 to 978
2025-09-11 14:50:06,732 - httpx - INFO - HTTP Request: POST http://localhost:8002/api/beds/update "HTTP/1.1 201 Created"
2025-09-11 14:50:06,732 - __main__ - INFO - Updated icu beds for hospital 5 to 195
2025-09-11 14:50:06,753 - httpx - INFO - HTTP Request: GET http://localhost:8002/api/beds/current/6 "HTTP/1.1 200 OK"
2025-09-11 14:50:06,773 - httpx - INFO - HTTP Request: POST http://localhost:8002/api/beds/update "HTTP/1.1 201 Created"
2025-09-11 14:50:06,773 - __main__ - INFO - Updated general beds for hospital 6 to 455
2025-09-11 14:50:06,796 - httpx - INFO - HTTP Request: POST http://localhost:8002/api/beds/update "HTTP/1.1 201 Created"
2025-09-11 14:50:06,796 - __main__ - INFO - Updated icu beds for hospital 6 to 91
2025-09-11 14:50:06,809 - httpx - INFO - HTTP Request: GET http://localhost:8002/api/beds/current/7 "HTTP/1.1 200 OK"
2025-09-11 14:50:06,824 - httpx - INFO - HTTP Request: POST http://localhost:8002/api/beds/update "HTTP/1.1 201 Created"
2025-09-11 14:50:06,824 - __main__ - INFO - Updated general beds for hospital 7 to 458
2025-09-11 14:50:06,842 - httpx - INFO - HTTP Request: POST http://localhost:8002/api/beds/update "HTTP/1.1 201 Created"
2025-09-11 14:50:06,842 - __main__ - INFO - Updated icu beds for hospital 7 to 85
2025-09-11 14:50:06,856 - httpx - INFO - HTTP Request: GET http://localhost:8002/api/beds/current/8 "HTTP/1.1 200 OK"
2025-09-11 14:50:06,878 - httpx - INFO - HTTP Request: POST http://localhost:8002/api/beds/update "HTTP/1.1 201 Created"
2025-09-11 14:50:06,878 - __main__ - INFO - Updated general beds for hospital 8 to 468
2025-09-11 14:50:06,904 - httpx - INFO - HTTP Request: POST http://localhost:8002/api/beds/update "HTTP/1.1 201 Created"
2025-09-11 14:50:06,970 - __main__ - INFO - Updated icu beds for hospital 8 to 91
2025-09-11 14:50:06,990 - httpx - INFO - HTTP Request: GET http://localhost:8002/api/beds/current/9 "HTTP/1.1 200 OK"
2025-09-11 14:50:07,017 - httpx - INFO - HTTP Request: POST http://localhost:8002/api/beds/update "HTTP/1.1 201 Created"
2025-09-11 14:50:07,017 - __main__ - INFO - Updated general beds for hospital 9 to 397
2025-09-11 14:50:07,038 - httpx - INFO - HTTP Request: POST http://localhost:8002/api/beds/update "HTTP/1.1 201 Created"
2025-09-11 14:50:07,038 - __main__ - INFO - Updated icu beds for hospital 9 to 79
2025-09-11 14:50:07,055 - httpx - INFO - HTTP Request: GET http://localhost:8002/api/beds/current/10 "HTTP/1.1 200 OK"
2025-09-11 14:50:07,073 - httpx - INFO - HTTP Request: POST http://localhost:8002/api/beds/update "HTTP/1.1 201 Created"
2025-09-11 14:50:07,073 - __main__ - INFO - Updated general beds for hospital 10 to 1500
2025-09-11 14:50:07,092 - httpx - INFO - HTTP Request: POST http://localhost:8002/api/beds/update "HTTP/1.1 201 Created"
2025-09-11 14:50:07,092 - __main__ - INFO - Updated icu beds for hospital 10 to 295
2025-09-11 14:50:07,109 - httpx - INFO - HTTP Request: GET http://localhost:8002/api/beds/current/11 "HTTP/1.1 200 OK"
2025-09-11 14:50:07,127 - httpx - INFO - HTTP Request: POST http://localhost:8002/api/beds/update "HTTP/1.1 201 Created"
2025-09-11 14:50:07,128 - __main__ - INFO - Updated general beds for hospital 11 to 439
2025-09-11 14:50:07,145 - httpx - INFO - HTTP Request: POST http://localhost:8002/api/beds/update "HTTP/1.1 201 Created"
2025-09-11 14:50:07,146 - __main__ - INFO - Updated icu beds for hospital 11 to 85
2025-09-11 14:50:07,162 - httpx - INFO - HTTP Request: GET http://localhost:8002/api/beds/current/12 "HTTP/1.1 200 OK"
2025-09-11 14:50:07,180 - httpx - INFO - HTTP Request: POST http://localhost:8002/api/beds/update "HTTP/1.1 201 Created"
2025-09-11 14:50:07,181 - __main__ - INFO - Updated general beds for hospital 12 to 303
2025-09-11 14:50:07,199 - httpx - INFO - HTTP Request: POST http://localhost:8002/api/beds/update "HTTP/1.1 201 Created"
2025-09-11 14:50:07,200 - __main__ - INFO - Updated icu beds for hospital 12 to 56
2025-09-11 14:50:07,216 - httpx - INFO - HTTP Request: GET http://localhost:8002/api/beds/current/13 "HTTP/1.1 200 OK"
2025-09-11 14:50:07,238 - httpx - INFO - HTTP Request: POST http://localhost:8002/api/beds/update "HTTP/1.1 201 Created"
2025-09-11 14:50:07,238 - __main__ - INFO - Updated icu beds for hospital 13 to 49
2025-09-11 14:50:07,393 - httpx - INFO - HTTP Request: GET http://localhost:8002/api/beds/current/14 "HTTP/1.1 200 OK"
2025-09-11 14:50:07,439 - httpx - INFO - HTTP Request: POST http://localhost:8002/api/beds/update "HTTP/1.1 201 Created"
2025-09-11 14:50:07,441 - __main__ - INFO - Updated general beds for hospital 14 to 576
2025-09-11 14:50:07,473 - httpx - INFO - HTTP Request: POST http://localhost:8002/api/beds/update "HTTP/1.1 201 Created"
2025-09-11 14:50:07,474 - __main__ - INFO - Updated icu beds for hospital 14 to 117
2025-09-11 14:50:07,492 - httpx - INFO - HTTP Request: GET http://localhost:8002/api/beds/current/15 "HTTP/1.1 200 OK"
2025-09-11 14:50:07,512 - httpx - INFO - HTTP Request: GET http://localhost:8002/api/beds/current/16 "HTTP/1.1 200 OK"
2025-09-11 14:50:07,530 - httpx - INFO - HTTP Request: POST http://localhost:8002/api/beds/update "HTTP/1.1 201 Created"
2025-09-11 14:50:07,530 - __main__ - INFO - Updated general beds for hospital 16 to 280
2025-09-11 14:50:07,549 - httpx - INFO - HTTP Request: POST http://localhost:8002/api/beds/update "HTTP/1.1 201 Created"
2025-09-11 14:50:07,549 - __main__ - INFO - Updated icu beds for hospital 16 to 41
2025-09-11 14:50:07,564 - httpx - INFO - HTTP Request: GET http://localhost:8002/api/beds/current/17 "HTTP/1.1 200 OK"
2025-09-11 14:50:07,613 - httpx - INFO - HTTP Request: POST http://localhost:8002/api/beds/update "HTTP/1.1 201 Created"
2025-09-11 14:50:07,614 - __main__ - INFO - Updated general beds for hospital 17 to 90
2025-09-11 14:50:07,660 - httpx - INFO - HTTP Request: POST http://localhost:8002/api/beds/update "HTTP/1.1 201 Created"
2025-09-11 14:50:07,662 - __main__ - INFO - Updated icu beds for hospital 17 to 7
2025-09-11 14:50:07,700 - httpx - INFO - HTTP Request: GET http://localhost:8002/api/beds/current/18 "HTTP/1.1 200 OK"
2025-09-11 14:50:07,743 - httpx - INFO - HTTP Request: POST http://localhost:8002/api/beds/update "HTTP/1.1 201 Created"
2025-09-11 14:50:07,744 - __main__ - INFO - Updated general beds for hospital 18 to 189
2025-09-11 14:50:07,767 - httpx - INFO - HTTP Request: POST http://localhost:8002/api/beds/update "HTTP/1.1 201 Created"
2025-09-11 14:50:07,767 - __main__ - INFO - Updated icu beds for hospital 18 to 39
2025-09-11 14:50:07,791 - httpx - INFO - HTTP Request: GET http://localhost:8002/api/beds/current/19 "HTTP/1.1 200 OK"
2025-09-11 14:50:07,812 - httpx - INFO - HTTP Request: POST http://localhost:8002/api/beds/update "HTTP/1.1 201 Created"
2025-09-11 14:50:07,812 - __main__ - INFO - Updated general beds for hospital 19 to 149
2025-09-11 14:50:07,845 - httpx - INFO - HTTP Request: POST http://localhost:8002/api/beds/update "HTTP/1.1 201 Created"
2025-09-11 14:50:07,846 - __main__ - INFO - Updated icu beds for hospital 19 to 40
2025-09-11 14:50:07,864 - httpx - INFO - HTTP Request: GET http://localhost:8002/api/beds/current/20 "HTTP/1.1 200 OK"
2025-09-11 14:50:07,879 - httpx - INFO - HTTP Request: POST http://localhost:8002/api/beds/update "HTTP/1.1 201 Created"
2025-09-11 14:50:07,880 - __main__ - INFO - Updated general beds for hospital 20 to 186
2025-09-11 14:50:07,904 - httpx - INFO - HTTP Request: POST http://localhost:8002/api/beds/update "HTTP/1.1 201 Created"
2025-09-11 14:50:07,905 - __main__ - INFO - Updated icu beds for hospital 20 to 29
2025-09-11 14:50:27,933 - httpx - INFO - HTTP Request: GET http://localhost:8002/api/beds/current/1 "HTTP/1.1 200 OK"
2025-09-11 14:50:27,949 - httpx - INFO - HTTP Request: POST http://localhost:8002/api/beds/update "HTTP/1.1 201 Created"
2025-09-11 14:50:27,949 - __main__ - INFO - Updated general beds for hospital 1 to 986
2025-09-11 14:50:27,960 - httpx - INFO - HTTP Request: POST http://localhost:8002/api/beds/update "HTTP/1.1 201 Created"
2025-09-11 14:50:27,960 - __main__ - INFO - Updated icu beds for hospital 1 to 175
2025-09-11 14:50:27,968 - httpx - INFO - HTTP Request: GET http://localhost:8002/api/beds/current/2 "HTTP/1.1 200 OK"
2025-09-11 14:50:27,979 - httpx - INFO - HTTP Request: POST http://localhost:8002/api/beds/update "HTTP/1.1 201 Created"
2025-09-11 14:50:27,979 - __main__ - INFO - Updated general beds for hospital 2 to 654
2025-09-11 14:50:27,992 - httpx - INFO - HTTP Request: POST http://localhost:8002/api/beds/update "HTTP/1.1 201 Created"
2025-09-11 14:50:28,042 - __main__ - INFO - Updated icu beds for hospital 2 to 111
2025-09-11 14:50:28,051 - httpx - INFO - HTTP Request: GET http://localhost:8002/api/beds/current/3 "HTTP/1.1 200 OK"
2025-09-11 14:50:28,062 - httpx - INFO - HTTP Request: POST http://localhost:8002/api/beds/update "HTTP/1.1 201 Created"
2025-09-11 14:50:28,062 - __main__ - INFO - Updated general beds for hospital 3 to 277
2025-09-11 14:50:28,074 - httpx - INFO - HTTP Request: POST http://localhost:8002/api/beds/update "HTTP/1.1 201 Created"
2025-09-11 14:50:28,074 - __main__ - INFO - Updated icu beds for hospital 3 to 38
2025-09-11 14:50:28,086 - httpx - INFO - HTTP Request: GET http://localhost:8002/api/beds/current/4 "HTTP/1.1 200 OK"
2025-09-11 14:50:28,101 - httpx - INFO - HTTP Request: POST http://localhost:8002/api/beds/update "HTTP/1.1 201 Created"
2025-09-11 14:50:28,101 - __main__ - INFO - Updated general beds for hospital 4 to 1129
2025-09-11 14:50:28,110 - httpx - INFO - HTTP Request: GET http://localhost:8002/api/beds/current/5 "HTTP/1.1 200 OK"
2025-09-11 14:50:28,119 - httpx - INFO - HTTP Request: POST http://localhost:8002/api/beds/update "HTTP/1.1 201 Created"
2025-09-11 14:50:28,120 - __main__ - INFO - Updated general beds for hospital 5 to 971
2025-09-11 14:50:28,129 - httpx - INFO - HTTP Request: POST http://localhost:8002/api/beds/update "HTTP/1.1 201 Created"
2025-09-11 14:50:28,130 - __main__ - INFO - Updated icu beds for hospital 5 to 196
2025-09-11 14:50:28,142 - httpx - INFO - HTTP Request: GET http://localhost:8002/api/beds/current/6 "HTTP/1.1 200 OK"
2025-09-11 14:50:28,162 - httpx - INFO - HTTP Request: POST http://localhost:8002/api/beds/update "HTTP/1.1 201 Created"
2025-09-11 14:50:28,162 - __main__ - INFO - Updated general beds for hospital 6 to 463
2025-09-11 14:50:28,184 - httpx - INFO - HTTP Request: POST http://localhost:8002/api/beds/update "HTTP/1.1 201 Created"
2025-09-11 14:50:28,185 - __main__ - INFO - Updated icu beds for hospital 6 to 87
2025-09-11 14:50:28,200 - httpx - INFO - HTTP Request: GET http://localhost:8002/api/beds/current/7 "HTTP/1.1 200 OK"
2025-09-11 14:50:28,215 - httpx - INFO - HTTP Request: POST http://localhost:8002/api/beds/update "HTTP/1.1 201 Created"
2025-09-11 14:50:28,216 - __main__ - INFO - Updated general beds for hospital 7 to 468
2025-09-11 14:50:28,230 - httpx - INFO - HTTP Request: GET http://localhost:8002/api/beds/current/8 "HTTP/1.1 200 OK"
2025-09-11 14:50:28,254 - httpx - INFO - HTTP Request: POST http://localhost:8002/api/beds/update "HTTP/1.1 201 Created"
2025-09-11 14:50:28,254 - __main__ - INFO - Updated general beds for hospital 8 to 470
2025-09-11 14:50:28,274 - httpx - INFO - HTTP Request: POST http://localhost:8002/api/beds/update "HTTP/1.1 201 Created"
2025-09-11 14:50:28,275 - __main__ - INFO - Updated icu beds for hospital 8 to 92
2025-09-11 14:50:28,293 - httpx - INFO - HTTP Request: GET http://localhost:8002/api/beds/current/9 "HTTP/1.1 200 OK"
2025-09-11 14:50:28,311 - httpx - INFO - HTTP Request: POST http://localhost:8002/api/beds/update "HTTP/1.1 201 Created"
2025-09-11 14:50:28,311 - __main__ - INFO - Updated general beds for hospital 9 to 389
2025-09-11 14:50:28,330 - httpx - INFO - HTTP Request: POST http://localhost:8002/api/beds/update "HTTP/1.1 201 Created"
2025-09-11 14:50:28,330 - __main__ - INFO - Updated icu beds for hospital 9 to 77
2025-09-11 14:50:28,346 - httpx - INFO - HTTP Request: GET http://localhost:8002/api/beds/current/10 "HTTP/1.1 200 OK"
2025-09-11 14:50:28,367 - httpx - INFO - HTTP Request: POST http://localhost:8002/api/beds/update "HTTP/1.1 201 Created"
2025-09-11 14:50:28,367 - __main__ - INFO - Updated general beds for hospital 10 to 1500
2025-09-11 14:50:28,384 - httpx - INFO - HTTP Request: POST http://localhost:8002/api/beds/update "HTTP/1.1 201 Created"
2025-09-11 14:50:28,385 - __main__ - INFO - Updated icu beds for hospital 10 to 300
2025-09-11 14:50:28,403 - httpx - INFO - HTTP Request: GET http://localhost:8002/api/beds/current/11 "HTTP/1.1 200 OK"
2025-09-11 14:50:28,417 - httpx - INFO - HTTP Request: POST http://localhost:8002/api/beds/update "HTTP/1.1 201 Created"
2025-09-11 14:50:28,417 - __main__ - INFO - Updated general beds for hospital 11 to 441
2025-09-11 14:50:28,433 - httpx - INFO - HTTP Request: POST http://localhost:8002/api/beds/update "HTTP/1.1 201 Created"
2025-09-11 14:50:28,434 - __main__ - INFO - Updated icu beds for hospital 11 to 89
2025-09-11 14:50:28,447 - httpx - INFO - HTTP Request: GET http://localhost:8002/api/beds/current/12 "HTTP/1.1 200 OK"
2025-09-11 14:50:28,464 - httpx - INFO - HTTP Request: POST http://localhost:8002/api/beds/update "HTTP/1.1 201 Created"
2025-09-11 14:50:28,464 - __main__ - INFO - Updated general beds for hospital 12 to 311
2025-09-11 14:50:28,482 - httpx - INFO - HTTP Request: POST http://localhost:8002/api/beds/update "HTTP/1.1 201 Created"
2025-09-11 14:50:28,482 - __main__ - INFO - Updated icu beds for hospital 12 to 61
2025-09-11 14:50:28,497 - httpx - INFO - HTTP Request: GET http://localhost:8002/api/beds/current/13 "HTTP/1.1 200 OK"
2025-09-11 14:50:28,513 - httpx - INFO - HTTP Request: POST http://localhost:8002/api/beds/update "HTTP/1.1 201 Created"
2025-09-11 14:50:28,513 - __main__ - INFO - Updated general beds for hospital 13 to 241
2025-09-11 14:50:28,530 - httpx - INFO - HTTP Request: POST http://localhost:8002/api/beds/update "HTTP/1.1 201 Created"
2025-09-11 14:50:28,530 - __main__ - INFO - Updated icu beds for hospital 13 to 50
2025-09-11 14:50:28,547 - httpx - INFO - HTTP Request: GET http://localhost:8002/api/beds/current/14 "HTTP/1.1 200 OK"
2025-09-11 14:50:28,567 - httpx - INFO - HTTP Request: POST http://localhost:8002/api/beds/update "HTTP/1.1 201 Created"
2025-09-11 14:50:28,568 - __main__ - INFO - Updated general beds for hospital 14 to 571
2025-09-11 14:50:28,588 - httpx - INFO - HTTP Request: POST http://localhost:8002/api/beds/update "HTTP/1.1 201 Created"
2025-09-11 14:50:28,588 - __main__ - INFO - Updated icu beds for hospital 14 to 112
2025-09-11 14:50:28,606 - httpx - INFO - HTTP Request: GET http://localhost:8002/api/beds/current/15 "HTTP/1.1 200 OK"
2025-09-11 14:50:28,626 - httpx - INFO - HTTP Request: POST http://localhost:8002/api/beds/update "HTTP/1.1 201 Created"
2025-09-11 14:50:28,626 - __main__ - INFO - Updated general beds for hospital 15 to 258
2025-09-11 14:50:28,652 - httpx - INFO - HTTP Request: POST http://localhost:8002/api/beds/update "HTTP/1.1 201 Created"
2025-09-11 14:50:28,653 - __main__ - INFO - Updated icu beds for hospital 15 to 52
2025-09-11 14:50:28,669 - httpx - INFO - HTTP Request: GET http://localhost:8002/api/beds/current/16 "HTTP/1.1 200 OK"
2025-09-11 14:50:28,698 - httpx - INFO - HTTP Request: POST http://localhost:8002/api/beds/update "HTTP/1.1 201 Created"
2025-09-11 14:50:28,752 - __main__ - INFO - Updated general beds for hospital 16 to 278
2025-09-11 14:50:28,765 - httpx - INFO - HTTP Request: GET http://localhost:8002/api/beds/current/17 "HTTP/1.1 200 OK"
2025-09-11 14:50:28,884 - httpx - INFO - HTTP Request: POST http://localhost:8002/api/beds/update "HTTP/1.1 201 Created"
2025-09-11 14:50:28,885 - __main__ - INFO - Updated general beds for hospital 17 to 81
2025-09-11 14:50:28,910 - httpx - INFO - HTTP Request: POST http://localhost:8002/api/beds/update "HTTP/1.1 201 Created"
2025-09-11 14:50:28,913 - __main__ - INFO - Updated icu beds for hospital 17 to 11
2025-09-11 14:50:28,955 - httpx - INFO - HTTP Request: GET http://localhost:8002/api/beds/current/18 "HTTP/1.1 200 OK"
2025-09-11 14:50:28,975 - httpx - INFO - HTTP Request: POST http://localhost:8002/api/beds/update "HTTP/1.1 201 Created"
2025-09-11 14:50:28,975 - __main__ - INFO - Updated general beds for hospital 18 to 199
2025-09-11 14:50:28,992 - httpx - INFO - HTTP Request: POST http://localhost:8002/api/beds/update "HTTP/1.1 201 Created"
2025-09-11 14:50:28,993 - __main__ - INFO - Updated icu beds for hospital 18 to 40
2025-09-11 14:50:29,014 - httpx - INFO - HTTP Request: GET http://localhost:8002/api/beds/current/19 "HTTP/1.1 200 OK"
2025-09-11 14:50:29,031 - httpx - INFO - HTTP Request: POST http://localhost:8002/api/beds/update "HTTP/1.1 201 Created"
2025-09-11 14:50:29,031 - __main__ - INFO - Updated general beds for hospital 19 to 140
2025-09-11 14:50:29,050 - httpx - INFO - HTTP Request: POST http://localhost:8002/api/beds/update "HTTP/1.1 201 Created"
2025-09-11 14:50:29,050 - __main__ - INFO - Updated icu beds for hospital 19 to 35
2025-09-11 14:50:29,066 - httpx - INFO - HTTP Request: GET http://localhost:8002/api/beds/current/20 "HTTP/1.1 200 OK"
2025-09-11 14:50:29,084 - httpx - INFO - HTTP Request: POST http://localhost:8002/api/beds/update "HTTP/1.1 201 Created"
2025-09-11 14:50:29,085 - __main__ - INFO - Updated general beds for hospital 20 to 177
2025-09-11 14:50:29,103 - httpx - INFO - HTTP Request: POST http://localhost:8002/api/beds/update "HTTP/1.1 201 Created"
2025-09-11 14:50:29,104 - __main__ - INFO - Updated icu beds for hospital 20 to 32
2025-09-11 14:50:49,270 - httpx - INFO - HTTP Request: GET http://localhost:8002/api/beds/current/1 "HTTP/1.1 200 OK"
2025-09-11 14:50:49,306 - httpx - INFO - HTTP Request: POST http://localhost:8002/api/beds/update "HTTP/1.1 201 Created"
2025-09-11 14:50:49,306 - __main__ - INFO - Updated general beds for hospital 1 to 982
2025-09-11 14:50:49,323 - httpx - INFO - HTTP Request: POST http://localhost:8002/api/beds/update "HTTP/1.1 201 Created"
2025-09-11 14:50:49,323 - __main__ - INFO - Updated icu beds for hospital 1 to 180
2025-09-11 14:50:49,336 - httpx - INFO - HTTP Request: GET http://localhost:8002/api/beds/current/2 "HTTP/1.1 200 OK"
2025-09-11 14:50:49,360 - httpx - INFO - HTTP Request: POST http://localhost:8002/api/beds/update "HTTP/1.1 201 Created"
2025-09-11 14:50:49,360 - __main__ - INFO - Updated general beds for hospital 2 to 646
2025-09-11 14:50:49,376 - httpx - INFO - HTTP Request: POST http://localhost:8002/api/beds/update "HTTP/1.1 201 Created"
2025-09-11 14:50:49,376 - __main__ - INFO - Updated icu beds for hospital 2 to 109
2025-09-11 14:50:49,393 - httpx - INFO - HTTP Request: GET http://localhost:8002/api/beds/current/3 "HTTP/1.1 200 OK"
2025-09-11 14:50:49,408 - httpx - INFO - HTTP Request: POST http://localhost:8002/api/beds/update "HTTP/1.1 201 Created"
2025-09-11 14:50:49,408 - __main__ - INFO - Updated general beds for hospital 3 to 270
2025-09-11 14:50:49,424 - httpx - INFO - HTTP Request: POST http://localhost:8002/api/beds/update "HTTP/1.1 201 Created"
2025-09-11 14:50:49,425 - __main__ - INFO - Updated icu beds for hospital 3 to 43
2025-09-11 14:50:49,440 - httpx - INFO - HTTP Request: GET http://localhost:8002/api/beds/current/4 "HTTP/1.1 200 OK"
2025-09-11 14:50:49,460 - httpx - INFO - HTTP Request: POST http://localhost:8002/api/beds/update "HTTP/1.1 201 Created"
2025-09-11 14:50:49,460 - __main__ - INFO - Updated general beds for hospital 4 to 1135
2025-09-11 14:50:49,480 - httpx - INFO - HTTP Request: POST http://localhost:8002/api/beds/update "HTTP/1.1 201 Created"
2025-09-11 14:50:49,480 - __main__ - INFO - Updated icu beds for hospital 4 to 224
2025-09-11 14:50:49,510 - httpx - INFO - HTTP Request: GET http://localhost:8002/api/beds/current/5 "HTTP/1.1 200 OK"
2025-09-11 14:50:49,537 - httpx - INFO - HTTP Request: POST http://localhost:8002/api/beds/update "HTTP/1.1 201 Created"
2025-09-11 14:50:49,538 - __main__ - INFO - Updated general beds for hospital 5 to 979
2025-09-11 14:50:49,558 - httpx - INFO - HTTP Request: POST http://localhost:8002/api/beds/update "HTTP/1.1 201 Created"
2025-09-11 14:50:49,558 - __main__ - INFO - Updated icu beds for hospital 5 to 197
2025-09-11 14:50:49,573 - httpx - INFO - HTTP Request: GET http://localhost:8002/api/beds/current/6 "HTTP/1.1 200 OK"
2025-09-11 14:50:49,597 - httpx - INFO - HTTP Request: POST http://localhost:8002/api/beds/update "HTTP/1.1 201 Created"
2025-09-11 14:50:49,597 - __main__ - INFO - Updated general beds for hospital 6 to 473
2025-09-11 14:50:49,616 - httpx - INFO - HTTP Request: POST http://localhost:8002/api/beds/update "HTTP/1.1 201 Created"
2025-09-11 14:50:49,617 - __main__ - INFO - Updated icu beds for hospital 6 to 83
2025-09-11 14:50:49,632 - httpx - INFO - HTTP Request: GET http://localhost:8002/api/beds/current/7 "HTTP/1.1 200 OK"
2025-09-11 14:50:49,653 - httpx - INFO - HTTP Request: POST http://localhost:8002/api/beds/update "HTTP/1.1 201 Created"
2025-09-11 14:50:49,653 - __main__ - INFO - Updated general beds for hospital 7 to 476
2025-09-11 14:50:49,672 - httpx - INFO - HTTP Request: POST http://localhost:8002/api/beds/update "HTTP/1.1 201 Created"
2025-09-11 14:50:49,672 - __main__ - INFO - Updated icu beds for hospital 7 to 82
2025-09-11 14:50:49,690 - httpx - INFO - HTTP Request: GET http://localhost:8002/api/beds/current/8 "HTTP/1.1 200 OK"
2025-09-11 14:50:49,711 - httpx - INFO - HTTP Request: POST http://localhost:8002/api/beds/update "HTTP/1.1 201 Created"
2025-09-11 14:50:49,712 - __main__ - INFO - Updated general beds for hospital 8 to 460
2025-09-11 14:50:49,729 - httpx - INFO - HTTP Request: POST http://localhost:8002/api/beds/update "HTTP/1.1 201 Created"
2025-09-11 14:50:49,730 - __main__ - INFO - Updated icu beds for hospital 8 to 87
2025-09-11 14:50:49,746 - httpx - INFO - HTTP Request: GET http://localhost:8002/api/beds/current/9 "HTTP/1.1 200 OK"
2025-09-11 14:50:49,758 - httpx - INFO - HTTP Request: POST http://localhost:8002/api/beds/update "HTTP/1.1 201 Created"
2025-09-11 14:50:49,759 - __main__ - INFO - Updated general beds for hospital 9 to 396
2025-09-11 14:50:49,773 - httpx - INFO - HTTP Request: POST http://localhost:8002/api/beds/update "HTTP/1.1 201 Created"
2025-09-11 14:50:49,819 - __main__ - INFO - Updated icu beds for hospital 9 to 75
2025-09-11 14:50:49,829 - httpx - INFO - HTTP Request: GET http://localhost:8002/api/beds/current/10 "HTTP/1.1 200 OK"
2025-09-11 14:50:49,843 - httpx - INFO - HTTP Request: POST http://localhost:8002/api/beds/update "HTTP/1.1 201 Created"
2025-09-11 14:50:49,843 - __main__ - INFO - Updated general beds for hospital 10 to 1490
2025-09-11 14:50:49,857 - httpx - INFO - HTTP Request: POST http://localhost:8002/api/beds/update "HTTP/1.1 201 Created"
2025-09-11 14:50:49,857 - __main__ - INFO - Updated icu beds for hospital 10 to 300
2025-09-11 14:50:49,871 - httpx - INFO - HTTP Request: GET http://localhost:8002/api/beds/current/11 "HTTP/1.1 200 OK"
2025-09-11 14:50:49,884 - httpx - INFO - HTTP Request: POST http://localhost:8002/api/beds/update "HTTP/1.1 201 Created"
2025-09-11 14:50:49,885 - __main__ - INFO - Updated general beds for hospital 11 to 449
2025-09-11 14:50:49,899 - httpx - INFO - HTTP Request: POST http://localhost:8002/api/beds/update "HTTP/1.1 201 Created"
2025-09-11 14:50:49,899 - __main__ - INFO - Updated icu beds for hospital 11 to 90
2025-09-11 14:50:49,910 - httpx - INFO - HTTP Request: GET http://localhost:8002/api/beds/current/12 "HTTP/1.1 200 OK"
2025-09-11 14:50:49,923 - httpx - INFO - HTTP Request: POST http://localhost:8002/api/beds/update "HTTP/1.1 201 Created"
2025-09-11 14:50:49,923 - __main__ - INFO - Updated general beds for hospital 12 to 308
2025-09-11 14:50:49,937 - httpx - INFO - HTTP Request: POST http://localhost:8002/api/beds/update "HTTP/1.1 201 Created"
2025-09-11 14:50:49,937 - __main__ - INFO - Updated icu beds for hospital 12 to 58
2025-09-11 14:50:49,949 - httpx - INFO - HTTP Request: GET http://localhost:8002/api/beds/current/13 "HTTP/1.1 200 OK"
2025-09-11 14:50:49,962 - httpx - INFO - HTTP Request: POST http://localhost:8002/api/beds/update "HTTP/1.1 201 Created"
2025-09-11 14:50:49,962 - __main__ - INFO - Updated general beds for hospital 13 to 244
2025-09-11 14:50:49,973 - httpx - INFO - HTTP Request: GET http://localhost:8002/api/beds/current/14 "HTTP/1.1 200 OK"
2025-09-11 14:50:49,988 - httpx - INFO - HTTP Request: POST http://localhost:8002/api/beds/update "HTTP/1.1 201 Created"
2025-09-11 14:50:49,989 - __main__ - INFO - Updated general beds for hospital 14 to 580
2025-09-11 14:50:50,005 - httpx - INFO - HTTP Request: POST http://localhost:8002/api/beds/update "HTTP/1.1 201 Created"
2025-09-11 14:50:50,005 - __main__ - INFO - Updated icu beds for hospital 14 to 117
2025-09-11 14:50:50,017 - httpx - INFO - HTTP Request: GET http://localhost:8002/api/beds/current/15 "HTTP/1.1 200 OK"
2025-09-11 14:50:50,036 - httpx - INFO - HTTP Request: POST http://localhost:8002/api/beds/update "HTTP/1.1 201 Created"
2025-09-11 14:50:50,037 - __main__ - INFO - Updated general beds for hospital 15 to 255
2025-09-11 14:50:50,062 - httpx - INFO - HTTP Request: POST http://localhost:8002/api/beds/update "HTTP/1.1 201 Created"
2025-09-11 14:50:50,063 - __main__ - INFO - Updated icu beds for hospital 15 to 51
2025-09-11 14:50:50,083 - httpx - INFO - HTTP Request: GET http://localhost:8002/api/beds/current/16 "HTTP/1.1 200 OK"
2025-09-11 14:50:50,109 - httpx - INFO - HTTP Request: POST http://localhost:8002/api/beds/update "HTTP/1.1 201 Created"
2025-09-11 14:50:50,110 - __main__ - INFO - Updated general beds for hospital 16 to 272
2025-09-11 14:50:50,134 - httpx - INFO - HTTP Request: POST http://localhost:8002/api/beds/update "HTTP/1.1 201 Created"
2025-09-11 14:50:50,135 - __main__ - INFO - Updated icu beds for hospital 16 to 42
2025-09-11 14:50:50,152 - httpx - INFO - HTTP Request: GET http://localhost:8002/api/beds/current/17 "HTTP/1.1 200 OK"
2025-09-11 14:50:50,174 - httpx - INFO - HTTP Request: POST http://localhost:8002/api/beds/update "HTTP/1.1 201 Created"
2025-09-11 14:50:50,174 - __main__ - INFO - Updated general beds for hospital 17 to 87
2025-09-11 14:50:50,195 - httpx - INFO - HTTP Request: GET http://localhost:8002/api/beds/current/18 "HTTP/1.1 200 OK"
2025-09-11 14:50:50,228 - httpx - INFO - HTTP Request: POST http://localhost:8002/api/beds/update "HTTP/1.1 201 Created"
2025-09-11 14:50:50,229 - __main__ - INFO - Updated general beds for hospital 18 to 193
2025-09-11 14:50:50,248 - httpx - INFO - HTTP Request: POST http://localhost:8002/api/beds/update "HTTP/1.1 201 Created"
2025-09-11 14:50:50,249 - __main__ - INFO - Updated icu beds for hospital 18 to 40
2025-09-11 14:50:50,260 - httpx - INFO - HTTP Request: GET http://localhost:8002/api/beds/current/19 "HTTP/1.1 200 OK"
2025-09-11 14:50:50,274 - httpx - INFO - HTTP Request: POST http://localhost:8002/api/beds/update "HTTP/1.1 201 Created"
2025-09-11 14:50:50,274 - __main__ - INFO - Updated general beds for hospital 19 to 142
2025-09-11 14:50:50,292 - httpx - INFO - HTTP Request: POST http://localhost:8002/api/beds/update "HTTP/1.1 201 Created"
2025-09-11 14:50:50,292 - __main__ - INFO - Updated icu beds for hospital 19 to 30
2025-09-11 14:50:50,308 - httpx - INFO - HTTP Request: GET http://localhost:8002/api/beds/current/20 "HTTP/1.1 200 OK"
2025-09-11 14:50:50,326 - httpx - INFO - HTTP Request: POST http://localhost:8002/api/beds/update "HTTP/1.1 201 Created"
2025-09-11 14:50:50,327 - __main__ - INFO - Updated general beds for hospital 20 to 175
2025-09-11 14:50:50,345 - httpx - INFO - HTTP Request: POST http://localhost:8002/api/beds/update "HTTP/1.1 201 Created"
2025-09-11 14:50:50,345 - __main__ - INFO - Updated icu beds for hospital 20 to 37
2025-09-11 14:51:10,380 - httpx - INFO - HTTP Request: GET http://localhost:8002/api/beds/current/1 "HTTP/1.1 200 OK"
2025-09-11 14:51:10,396 - httpx - INFO - HTTP Request: POST http://localhost:8002/api/beds/update "HTTP/1.1 201 Created"
2025-09-11 14:51:10,397 - __main__ - INFO - Updated general beds for hospital 1 to 974
2025-09-11 14:51:10,407 - httpx - INFO - HTTP Request: GET http://localhost:8002/api/beds/current/2 "HTTP/1.1 200 OK"
2025-09-11 14:51:10,417 - httpx - INFO - HTTP Request: POST http://localhost:8002/api/beds/update "HTTP/1.1 201 Created"
2025-09-11 14:51:10,417 - __main__ - INFO - Updated icu beds for hospital 2 to 107
2025-09-11 14:51:10,437 - httpx - INFO - HTTP Request: GET http://localhost:8002/api/beds/current/3 "HTTP/1.1 200 OK"
2025-09-11 14:51:10,456 - httpx - INFO - HTTP Request: POST http://localhost:8002/api/beds/update "HTTP/1.1 201 Created"
2025-09-11 14:51:10,457 - __main__ - INFO - Updated general beds for hospital 3 to 261
2025-09-11 14:51:10,470 - httpx - INFO - HTTP Request: POST http://localhost:8002/api/beds/update "HTTP/1.1 201 Created"
2025-09-11 14:51:10,470 - __main__ - INFO - Updated icu beds for hospital 3 to 46
2025-09-11 14:51:10,481 - httpx - INFO - HTTP Request: GET http://localhost:8002/api/beds/current/4 "HTTP/1.1 200 OK"
2025-09-11 14:51:10,545 - httpx - INFO - HTTP Request: POST http://localhost:8002/api/beds/update "HTTP/1.1 201 Created"
2025-09-11 14:51:10,545 - __main__ - INFO - Updated general beds for hospital 4 to 1143
2025-09-11 14:51:10,555 - httpx - INFO - HTTP Request: POST http://localhost:8002/api/beds/update "HTTP/1.1 201 Created"
2025-09-11 14:51:10,556 - __main__ - INFO - Updated icu beds for hospital 4 to 229
2025-09-11 14:51:10,564 - httpx - INFO - HTTP Request: GET http://localhost:8002/api/beds/current/5 "HTTP/1.1 200 OK"
2025-09-11 14:51:10,575 - httpx - INFO - HTTP Request: POST http://localhost:8002/api/beds/update "HTTP/1.1 201 Created"
2025-09-11 14:51:10,575 - __main__ - INFO - Updated general beds for hospital 5 to 973
2025-09-11 14:51:10,588 - httpx - INFO - HTTP Request: POST http://localhost:8002/api/beds/update "HTTP/1.1 201 Created"
2025-09-11 14:51:10,588 - __main__ - INFO - Updated icu beds for hospital 5 to 196
2025-09-11 14:51:10,597 - httpx - INFO - HTTP Request: GET http://localhost:8002/api/beds/current/6 "HTTP/1.1 200 OK"
2025-09-11 14:51:10,610 - httpx - INFO - HTTP Request: POST http://localhost:8002/api/beds/update "HTTP/1.1 201 Created"
2025-09-11 14:51:10,610 - __main__ - INFO - Updated general beds for hospital 6 to 474
2025-09-11 14:51:10,623 - httpx - INFO - HTTP Request: POST http://localhost:8002/api/beds/update "HTTP/1.1 201 Created"
2025-09-11 14:51:10,623 - __main__ - INFO - Updated icu beds for hospital 6 to 79
2025-09-11 14:51:10,633 - httpx - INFO - HTTP Request: GET http://localhost:8002/api/beds/current/7 "HTTP/1.1 200 OK"
2025-09-11 14:51:10,647 - httpx - INFO - HTTP Request: POST http://localhost:8002/api/beds/update "HTTP/1.1 201 Created"
2025-09-11 14:51:10,648 - __main__ - INFO - Updated general beds for hospital 7 to 475
2025-09-11 14:51:10,662 - httpx - INFO - HTTP Request: POST http://localhost:8002/api/beds/update "HTTP/1.1 201 Created"
2025-09-11 14:51:10,662 - __main__ - INFO - Updated icu beds for hospital 7 to 80
2025-09-11 14:51:10,676 - httpx - INFO - HTTP Request: GET http://localhost:8002/api/beds/current/8 "HTTP/1.1 200 OK"
2025-09-11 14:51:10,692 - httpx - INFO - HTTP Request: POST http://localhost:8002/api/beds/update "HTTP/1.1 201 Created"
2025-09-11 14:51:10,693 - __main__ - INFO - Updated general beds for hospital 8 to 452
2025-09-11 14:51:10,710 - httpx - INFO - HTTP Request: POST http://localhost:8002/api/beds/update "HTTP/1.1 201 Created"
2025-09-11 14:51:10,710 - __main__ - INFO - Updated icu beds for hospital 8 to 84
2025-09-11 14:51:10,722 - httpx - INFO - HTTP Request: GET http://localhost:8002/api/beds/current/9 "HTTP/1.1 200 OK"
2025-09-11 14:51:10,736 - httpx - INFO - HTTP Request: POST http://localhost:8002/api/beds/update "HTTP/1.1 201 Created"
2025-09-11 14:51:10,737 - __main__ - INFO - Updated general beds for hospital 9 to 400
2025-09-11 14:51:10,751 - httpx - INFO - HTTP Request: POST http://localhost:8002/api/beds/update "HTTP/1.1 201 Created"
2025-09-11 14:51:10,751 - __main__ - INFO - Updated icu beds for hospital 9 to 72
2025-09-11 14:51:10,767 - httpx - INFO - HTTP Request: GET http://localhost:8002/api/beds/current/10 "HTTP/1.1 200 OK"
2025-09-11 14:51:10,784 - httpx - INFO - HTTP Request: POST http://localhost:8002/api/beds/update "HTTP/1.1 201 Created"
2025-09-11 14:51:10,784 - __main__ - INFO - Updated icu beds for hospital 10 to 300
2025-09-11 14:51:10,800 - httpx - INFO - HTTP Request: GET http://localhost:8002/api/beds/current/11 "HTTP/1.1 200 OK"
2025-09-11 14:51:10,819 - httpx - INFO - HTTP Request: POST http://localhost:8002/api/beds/update "HTTP/1.1 201 Created"
2025-09-11 14:51:10,820 - __main__ - INFO - Updated general beds for hospital 11 to 439
2025-09-11 14:51:10,839 - httpx - INFO - HTTP Request: POST http://localhost:8002/api/beds/update "HTTP/1.1 201 Created"
2025-09-11 14:51:10,839 - __main__ - INFO - Updated icu beds for hospital 11 to 90
2025-09-11 14:51:10,855 - httpx - INFO - HTTP Request: GET http://localhost:8002/api/beds/current/12 "HTTP/1.1 200 OK"
2025-09-11 14:51:10,876 - httpx - INFO - HTTP Request: POST http://localhost:8002/api/beds/update "HTTP/1.1 201 Created"
2025-09-11 14:51:10,877 - __main__ - INFO - Updated general beds for hospital 12 to 306
2025-09-11 14:51:10,896 - httpx - INFO - HTTP Request: POST http://localhost:8002/api/beds/update "HTTP/1.1 201 Created"
2025-09-11 14:51:10,897 - __main__ - INFO - Updated icu beds for hospital 12 to 53
2025-09-11 14:51:10,916 - httpx - INFO - HTTP Request: GET http://localhost:8002/api/beds/current/13 "HTTP/1.1 200 OK"
2025-09-11 14:51:10,934 - httpx - INFO - HTTP Request: POST http://localhost:8002/api/beds/update "HTTP/1.1 201 Created"
2025-09-11 14:51:10,935 - __main__ - INFO - Updated general beds for hospital 13 to 250
2025-09-11 14:51:10,955 - httpx - INFO - HTTP Request: POST http://localhost:8002/api/beds/update "HTTP/1.1 201 Created"
2025-09-11 14:51:10,955 - __main__ - INFO - Updated icu beds for hospital 13 to 50
2025-09-11 14:51:10,970 - httpx - INFO - HTTP Request: GET http://localhost:8002/api/beds/current/14 "HTTP/1.1 200 OK"
2025-09-11 14:51:10,994 - httpx - INFO - HTTP Request: POST http://localhost:8002/api/beds/update "HTTP/1.1 201 Created"
2025-09-11 14:51:10,994 - __main__ - INFO - Updated general beds for hospital 14 to 586
2025-09-11 14:51:11,016 - httpx - INFO - HTTP Request: POST http://localhost:8002/api/beds/update "HTTP/1.1 201 Created"
2025-09-11 14:51:11,016 - __main__ - INFO - Updated icu beds for hospital 14 to 113
2025-09-11 14:51:11,031 - httpx - INFO - HTTP Request: GET http://localhost:8002/api/beds/current/15 "HTTP/1.1 200 OK"
2025-09-11 14:51:11,045 - httpx - INFO - HTTP Request: POST http://localhost:8002/api/beds/update "HTTP/1.1 201 Created"
2025-09-11 14:51:11,046 - __main__ - INFO - Updated general beds for hospital 15 to 254
2025-09-11 14:51:11,061 - httpx - INFO - HTTP Request: POST http://localhost:8002/api/beds/update "HTTP/1.1 201 Created"
2025-09-11 14:51:11,061 - __main__ - INFO - Updated icu beds for hospital 15 to 47
2025-09-11 14:51:11,075 - httpx - INFO - HTTP Request: GET http://localhost:8002/api/beds/current/16 "HTTP/1.1 200 OK"
2025-09-11 14:51:11,094 - httpx - INFO - HTTP Request: POST http://localhost:8002/api/beds/update "HTTP/1.1 201 Created"
2025-09-11 14:51:11,094 - __main__ - INFO - Updated general beds for hospital 16 to 267
2025-09-11 14:51:11,108 - httpx - INFO - HTTP Request: GET http://localhost:8002/api/beds/current/17 "HTTP/1.1 200 OK"
2025-09-11 14:51:11,125 - httpx - INFO - HTTP Request: POST http://localhost:8002/api/beds/update "HTTP/1.1 201 Created"
2025-09-11 14:51:11,126 - __main__ - INFO - Updated general beds for hospital 17 to 82
2025-09-11 14:51:11,145 - httpx - INFO - HTTP Request: POST http://localhost:8002/api/beds/update "HTTP/1.1 201 Created"
2025-09-11 14:51:11,197 - __main__ - INFO - Updated icu beds for hospital 17 to 7
2025-09-11 14:51:11,218 - httpx - INFO - HTTP Request: GET http://localhost:8002/api/beds/current/18 "HTTP/1.1 200 OK"
2025-09-11 14:51:11,236 - httpx - INFO - HTTP Request: POST http://localhost:8002/api/beds/update "HTTP/1.1 201 Created"
2025-09-11 14:51:11,236 - __main__ - INFO - Updated general beds for hospital 18 to 185
2025-09-11 14:51:11,254 - httpx - INFO - HTTP Request: POST http://localhost:8002/api/beds/update "HTTP/1.1 201 Created"
2025-09-11 14:51:11,254 - __main__ - INFO - Updated icu beds for hospital 18 to 36
2025-09-11 14:51:11,267 - httpx - INFO - HTTP Request: GET http://localhost:8002/api/beds/current/19 "HTTP/1.1 200 OK"
2025-09-11 14:51:11,281 - httpx - INFO - HTTP Request: POST http://localhost:8002/api/beds/update "HTTP/1.1 201 Created"
2025-09-11 14:51:11,281 - __main__ - INFO - Updated general beds for hospital 19 to 139
2025-09-11 14:51:11,302 - httpx - INFO - HTTP Request: POST http://localhost:8002/api/beds/update "HTTP/1.1 201 Created"
2025-09-11 14:51:11,303 - __main__ - INFO - Updated icu beds for hospital 19 to 31
2025-09-11 14:51:11,321 - httpx - INFO - HTTP Request: GET http://localhost:8002/api/beds/current/20 "HTTP/1.1 200 OK"
2025-09-11 14:51:11,342 - httpx - INFO - HTTP Request: POST http://localhost:8002/api/beds/update "HTTP/1.1 201 Created"
2025-09-11 14:51:11,343 - __main__ - INFO - Updated general beds for hospital 20 to 167
2025-09-11 14:51:31,364 - httpx - INFO - HTTP Request: GET http://localhost:8002/api/beds/current/1 "HTTP/1.1 200 OK"
2025-09-11 14:51:31,380 - httpx - INFO - HTTP Request: POST http://localhost:8002/api/beds/update "HTTP/1.1 201 Created"
2025-09-11 14:51:31,380 - __main__ - INFO - Updated general beds for hospital 1 to 979
2025-09-11 14:51:31,395 - httpx - INFO - HTTP Request: POST http://localhost:8002/api/beds/update "HTTP/1.1 201 Created"
2025-09-11 14:51:31,395 - __main__ - INFO - Updated icu beds for hospital 1 to 181
2025-09-11 14:51:31,411 - httpx - INFO - HTTP Request: GET http://localhost:8002/api/beds/current/2 "HTTP/1.1 200 OK"
2025-09-11 14:51:31,430 - httpx - INFO - HTTP Request: POST http://localhost:8002/api/beds/update "HTTP/1.1 201 Created"
2025-09-11 14:51:31,430 - __main__ - INFO - Updated general beds for hospital 2 to 642
2025-09-11 14:51:31,445 - httpx - INFO - HTTP Request: POST http://localhost:8002/api/beds/update "HTTP/1.1 201 Created"
2025-09-11 14:51:31,446 - __main__ - INFO - Updated icu beds for hospital 2 to 109
2025-09-11 14:51:31,463 - httpx - INFO - HTTP Request: GET http://localhost:8002/api/beds/current/3 "HTTP/1.1 200 OK"
2025-09-11 14:51:31,482 - httpx - INFO - HTTP Request: POST http://localhost:8002/api/beds/update "HTTP/1.1 201 Created"
2025-09-11 14:51:31,482 - __main__ - INFO - Updated general beds for hospital 3 to 266
2025-09-11 14:51:31,501 - httpx - INFO - HTTP Request: POST http://localhost:8002/api/beds/update "HTTP/1.1 201 Created"
2025-09-11 14:51:31,501 - __main__ - INFO - Updated icu beds for hospital 3 to 42
2025-09-11 14:51:31,517 - httpx - INFO - HTTP Request: GET http://localhost:8002/api/beds/current/4 "HTTP/1.1 200 OK"
2025-09-11 14:51:31,535 - httpx - INFO - HTTP Request: POST http://localhost:8002/api/beds/update "HTTP/1.1 201 Created"
2025-09-11 14:51:31,536 - __main__ - INFO - Updated general beds for hospital 4 to 1133
2025-09-11 14:51:31,553 - httpx - INFO - HTTP Request: GET http://localhost:8002/api/beds/current/5 "HTTP/1.1 200 OK"
2025-09-11 14:51:31,577 - httpx - INFO - HTTP Request: POST http://localhost:8002/api/beds/update "HTTP/1.1 201 Created"
2025-09-11 14:51:31,577 - __main__ - INFO - Updated general beds for hospital 5 to 977
2025-09-11 14:51:31,604 - httpx - INFO - HTTP Request: POST http://localhost:8002/api/beds/update "HTTP/1.1 201 Created"
2025-09-11 14:51:31,604 - __main__ - INFO - Updated icu beds for hospital 5 to 200
2025-09-11 14:51:31,623 - httpx - INFO - HTTP Request: GET http://localhost:8002/api/beds/current/6 "HTTP/1.1 200 OK"
2025-09-11 14:51:31,655 - httpx - INFO - HTTP Request: POST http://localhost:8002/api/beds/update "HTTP/1.1 201 Created"
2025-09-11 14:51:31,655 - __main__ - INFO - Updated general beds for hospital 6 to 465
2025-09-11 14:51:31,678 - httpx - INFO - HTTP Request: POST http://localhost:8002/api/beds/update "HTTP/1.1 201 Created"
2025-09-11 14:51:31,679 - __main__ - INFO - Updated icu beds for hospital 6 to 84
2025-09-11 14:51:31,700 - httpx - INFO - HTTP Request: GET http://localhost:8002/api/beds/current/7 "HTTP/1.1 200 OK"
2025-09-11 14:51:31,723 - httpx - INFO - HTTP Request: POST http://localhost:8002/api/beds/update "HTTP/1.1 201 Created"
2025-09-11 14:51:31,723 - __main__ - INFO - Updated general beds for hospital 7 to 481
2025-09-11 14:51:31,747 - httpx - INFO - HTTP Request: GET http://localhost:8002/api/beds/current/8 "HTTP/1.1 200 OK"
2025-09-11 14:51:31,774 - httpx - INFO - HTTP Request: POST http://localhost:8002/api/beds/update "HTTP/1.1 201 Created"
2025-09-11 14:51:31,775 - __main__ - INFO - Updated general beds for hospital 8 to 444
2025-09-11 14:51:31,802 - httpx - INFO - HTTP Request: POST http://localhost:8002/api/beds/update "HTTP/1.1 201 Created"
2025-09-11 14:51:31,802 - __main__ - INFO - Updated icu beds for hospital 8 to 80
2025-09-11 14:51:32,062 - httpx - INFO - HTTP Request: GET http://localhost:8002/api/beds/current/9 "HTTP/1.1 200 OK"
2025-09-11 14:51:32,206 - httpx - INFO - HTTP Request: POST http://localhost:8002/api/beds/update "HTTP/1.1 201 Created"
2025-09-11 14:51:32,210 - __main__ - INFO - Updated general beds for hospital 9 to 395
2025-09-11 14:51:32,250 - httpx - INFO - HTTP Request: POST http://localhost:8002/api/beds/update "HTTP/1.1 201 Created"
2025-09-11 14:51:32,252 - __main__ - INFO - Updated icu beds for hospital 9 to 74
2025-09-11 14:51:32,279 - httpx - INFO - HTTP Request: GET http://localhost:8002/api/beds/current/10 "HTTP/1.1 200 OK"
2025-09-11 14:51:32,339 - httpx - INFO - HTTP Request: POST http://localhost:8002/api/beds/update "HTTP/1.1 201 Created"
2025-09-11 14:51:32,340 - __main__ - INFO - Updated general beds for hospital 10 to 1496
2025-09-11 14:51:32,361 - httpx - INFO - HTTP Request: POST http://localhost:8002/api/beds/update "HTTP/1.1 201 Created"
2025-09-11 14:51:32,362 - __main__ - INFO - Updated icu beds for hospital 10 to 295
2025-09-11 14:51:32,406 - httpx - INFO - HTTP Request: GET http://localhost:8002/api/beds/current/11 "HTTP/1.1 200 OK"
2025-09-11 14:51:32,455 - httpx - INFO - HTTP Request: POST http://localhost:8002/api/beds/update "HTTP/1.1 201 Created"
2025-09-11 14:51:32,456 - __main__ - INFO - Updated general beds for hospital 11 to 443
2025-09-11 14:51:32,483 - httpx - INFO - HTTP Request: POST http://localhost:8002/api/beds/update "HTTP/1.1 201 Created"
2025-09-11 14:51:32,604 - __main__ - INFO - Updated icu beds for hospital 11 to 88
2025-09-11 14:51:32,644 - httpx - INFO - HTTP Request: GET http://localhost:8002/api/beds/current/12 "HTTP/1.1 200 OK"
2025-09-11 14:51:32,675 - httpx - INFO - HTTP Request: POST http://localhost:8002/api/beds/update "HTTP/1.1 201 Created"
2025-09-11 14:51:32,675 - __main__ - INFO - Updated icu beds for hospital 12 to 50
2025-09-11 14:51:32,706 - httpx - INFO - HTTP Request: GET http://localhost:8002/api/beds/current/13 "HTTP/1.1 200 OK"
2025-09-11 14:51:32,728 - httpx - INFO - HTTP Request: POST http://localhost:8002/api/beds/update "HTTP/1.1 201 Created"
2025-09-11 14:51:32,728 - __main__ - INFO - Updated general beds for hospital 13 to 242
2025-09-11 14:51:32,753 - httpx - INFO - HTTP Request: POST http://localhost:8002/api/beds/update "HTTP/1.1 201 Created"
2025-09-11 14:51:32,754 - __main__ - INFO - Updated icu beds for hospital 13 to 50
2025-09-11 14:51:32,775 - httpx - INFO - HTTP Request: GET http://localhost:8002/api/beds/current/14 "HTTP/1.1 200 OK"
2025-09-11 14:51:32,802 - httpx - INFO - HTTP Request: POST http://localhost:8002/api/beds/update "HTTP/1.1 201 Created"
2025-09-11 14:51:32,803 - __main__ - INFO - Updated general beds for hospital 14 to 593
2025-09-11 14:51:32,824 - httpx - INFO - HTTP Request: POST http://localhost:8002/api/beds/update "HTTP/1.1 201 Created"
2025-09-11 14:51:32,824 - __main__ - INFO - Updated icu beds for hospital 14 to 109
2025-09-11 14:51:32,841 - httpx - INFO - HTTP Request: GET http://localhost:8002/api/beds/current/15 "HTTP/1.1 200 OK"
2025-09-11 14:51:32,868 - httpx - INFO - HTTP Request: POST http://localhost:8002/api/beds/update "HTTP/1.1 201 Created"
2025-09-11 14:51:32,868 - __main__ - INFO - Updated general beds for hospital 15 to 247
2025-09-11 14:51:32,886 - httpx - INFO - HTTP Request: POST http://localhost:8002/api/beds/update "HTTP/1.1 201 Created"
2025-09-11 14:51:32,886 - __main__ - INFO - Updated icu beds for hospital 15 to 46
2025-09-11 14:51:32,908 - httpx - INFO - HTTP Request: GET http://localhost:8002/api/beds/current/16 "HTTP/1.1 200 OK"
2025-09-11 14:51:32,927 - httpx - INFO - HTTP Request: POST http://localhost:8002/api/beds/update "HTTP/1.1 201 Created"
2025-09-11 14:51:32,928 - __main__ - INFO - Updated general beds for hospital 16 to 263
2025-09-11 14:51:32,947 - httpx - INFO - HTTP Request: GET http://localhost:8002/api/beds/current/17 "HTTP/1.1 200 OK"
2025-09-11 14:51:32,974 - httpx - INFO - HTTP Request: POST http://localhost:8002/api/beds/update "HTTP/1.1 201 Created"
2025-09-11 14:51:32,975 - __main__ - INFO - Updated general beds for hospital 17 to 81
2025-09-11 14:51:33,014 - httpx - INFO - HTTP Request: POST http://localhost:8002/api/beds/update "HTTP/1.1 201 Created"
2025-09-11 14:51:33,014 - __main__ - INFO - Updated icu beds for hospital 17 to 6
2025-09-11 14:51:33,033 - httpx - INFO - HTTP Request: GET http://localhost:8002/api/beds/current/18 "HTTP/1.1 200 OK"
2025-09-11 14:51:33,056 - httpx - INFO - HTTP Request: POST http://localhost:8002/api/beds/update "HTTP/1.1 201 Created"
2025-09-11 14:51:33,056 - __main__ - INFO - Updated general beds for hospital 18 to 178
2025-09-11 14:51:33,072 - httpx - INFO - HTTP Request: GET http://localhost:8002/api/beds/current/19 "HTTP/1.1 200 OK"
2025-09-11 14:51:33,088 - httpx - INFO - HTTP Request: POST http://localhost:8002/api/beds/update "HTTP/1.1 201 Created"
2025-09-11 14:51:33,088 - __main__ - INFO - Updated general beds for hospital 19 to 134
2025-09-11 14:51:33,116 - httpx - INFO - HTTP Request: POST http://localhost:8002/api/beds/update "HTTP/1.1 201 Created"
2025-09-11 14:51:33,117 - __main__ - INFO - Updated icu beds for hospital 19 to 29
2025-09-11 14:51:33,137 - httpx - INFO - HTTP Request: GET http://localhost:8002/api/beds/current/20 "HTTP/1.1 200 OK"
2025-09-11 14:51:33,162 - httpx - INFO - HTTP Request: POST http://localhost:8002/api/beds/update "HTTP/1.1 201 Created"
2025-09-11 14:51:33,162 - __main__ - INFO - Updated general beds for hospital 20 to 175
2025-09-11 14:51:33,179 - httpx - INFO - HTTP Request: POST http://localhost:8002/api/beds/update "HTTP/1.1 201 Created"
2025-09-11 14:51:33,179 - __main__ - INFO - Updated icu beds for hospital 20 to 32
2025-09-11 14:51:53,312 - httpx - INFO - HTTP Request: GET http://localhost:8002/api/beds/current/1 "HTTP/1.1 200 OK"
2025-09-11 14:51:53,349 - httpx - INFO - HTTP Request: POST http://localhost:8002/api/beds/update "HTTP/1.1 201 Created"
2025-09-11 14:51:53,349 - __main__ - INFO - Updated general beds for hospital 1 to 978
2025-09-11 14:51:53,393 - httpx - INFO - HTTP Request: POST http://localhost:8002/api/beds/update "HTTP/1.1 201 Created"
2025-09-11 14:51:53,393 - __main__ - INFO - Updated icu beds for hospital 1 to 176
2025-09-11 14:51:53,431 - httpx - INFO - HTTP Request: GET http://localhost:8002/api/beds/current/2 "HTTP/1.1 200 OK"
2025-09-11 14:51:53,463 - httpx - INFO - HTTP Request: POST http://localhost:8002/api/beds/update "HTTP/1.1 201 Created"
2025-09-11 14:51:53,464 - __main__ - INFO - Updated general beds for hospital 2 to 637
2025-09-11 14:51:53,505 - httpx - INFO - HTTP Request: POST http://localhost:8002/api/beds/update "HTTP/1.1 201 Created"
2025-09-11 14:51:53,505 - __main__ - INFO - Updated icu beds for hospital 2 to 107
2025-09-11 14:51:53,549 - httpx - INFO - HTTP Request: GET http://localhost:8002/api/beds/current/3 "HTTP/1.1 200 OK"
2025-09-11 14:51:53,604 - httpx - INFO - HTTP Request: POST http://localhost:8002/api/beds/update "HTTP/1.1 201 Created"
2025-09-11 14:51:53,604 - __main__ - INFO - Updated general beds for hospital 3 to 264
2025-09-11 14:51:53,637 - httpx - INFO - HTTP Request: POST http://localhost:8002/api/beds/update "HTTP/1.1 201 Created"
2025-09-11 14:51:53,638 - __main__ - INFO - Updated icu beds for hospital 3 to 46
2025-09-11 14:51:53,662 - httpx - INFO - HTTP Request: GET http://localhost:8002/api/beds/current/4 "HTTP/1.1 200 OK"
2025-09-11 14:51:53,695 - httpx - INFO - HTTP Request: POST http://localhost:8002/api/beds/update "HTTP/1.1 201 Created"
2025-09-11 14:51:53,695 - __main__ - INFO - Updated general beds for hospital 4 to 1143
2025-09-11 14:51:53,727 - httpx - INFO - HTTP Request: POST http://localhost:8002/api/beds/update "HTTP/1.1 201 Created"
2025-09-11 14:51:53,728 - __main__ - INFO - Updated icu beds for hospital 4 to 230
2025-09-11 14:51:53,744 - httpx - INFO - HTTP Request: GET http://localhost:8002/api/beds/current/5 "HTTP/1.1 200 OK"
2025-09-11 14:51:53,772 - httpx - INFO - HTTP Request: POST http://localhost:8002/api/beds/update "HTTP/1.1 201 Created"
2025-09-11 14:51:53,772 - __main__ - INFO - Updated icu beds for hospital 5 to 198
2025-09-11 14:51:53,796 - httpx - INFO - HTTP Request: GET http://localhost:8002/api/beds/current/6 "HTTP/1.1 200 OK"
2025-09-11 14:51:53,937 - httpx - INFO - HTTP Request: POST http://localhost:8002/api/beds/update "HTTP/1.1 201 Created"
2025-09-11 14:51:53,937 - __main__ - INFO - Updated general beds for hospital 6 to 455
2025-09-11 14:51:53,958 - httpx - INFO - HTTP Request: POST http://localhost:8002/api/beds/update "HTTP/1.1 201 Created"
2025-09-11 14:51:53,959 - __main__ - INFO - Updated icu beds for hospital 6 to 82
2025-09-11 14:51:53,974 - httpx - INFO - HTTP Request: GET http://localhost:8002/api/beds/current/7 "HTTP/1.1 200 OK"
2025-09-11 14:51:53,998 - httpx - INFO - HTTP Request: POST http://localhost:8002/api/beds/update "HTTP/1.1 201 Created"
2025-09-11 14:51:53,998 - __main__ - INFO - Updated general beds for hospital 7 to 477
2025-09-11 14:51:54,016 - httpx - INFO - HTTP Request: POST http://localhost:8002/api/beds/update "HTTP/1.1 201 Created"
2025-09-11 14:51:54,016 - __main__ - INFO - Updated icu beds for hospital 7 to 79
2025-09-11 14:51:54,032 - httpx - INFO - HTTP Request: GET http://localhost:8002/api/beds/current/8 "HTTP/1.1 200 OK"
2025-09-11 14:51:54,051 - httpx - INFO - HTTP Request: POST http://localhost:8002/api/beds/update "HTTP/1.1 201 Created"
2025-09-11 14:51:54,051 - __main__ - INFO - Updated general beds for hospital 8 to 443
2025-09-11 14:51:54,074 - httpx - INFO - HTTP Request: GET http://localhost:8002/api/beds/current/9 "HTTP/1.1 200 OK"
2025-09-11 14:51:54,096 - httpx - INFO - HTTP Request: POST http://localhost:8002/api/beds/update "HTTP/1.1 201 Created"
2025-09-11 14:51:54,096 - __main__ - INFO - Updated general beds for hospital 9 to 399
2025-09-11 14:51:54,114 - httpx - INFO - HTTP Request: POST http://localhost:8002/api/beds/update "HTTP/1.1 201 Created"
2025-09-11 14:51:54,114 - __main__ - INFO - Updated icu beds for hospital 9 to 69
2025-09-11 14:51:54,130 - httpx - INFO - HTTP Request: GET http://localhost:8002/api/beds/current/10 "HTTP/1.1 200 OK"
2025-09-11 14:51:54,150 - httpx - INFO - HTTP Request: POST http://localhost:8002/api/beds/update "HTTP/1.1 201 Created"
2025-09-11 14:51:54,150 - __main__ - INFO - Updated general beds for hospital 10 to 1500
2025-09-11 14:51:54,175 - httpx - INFO - HTTP Request: POST http://localhost:8002/api/beds/update "HTTP/1.1 201 Created"
2025-09-11 14:51:54,176 - __main__ - INFO - Updated icu beds for hospital 10 to 298
2025-09-11 14:51:54,193 - httpx - INFO - HTTP Request: GET http://localhost:8002/api/beds/current/11 "HTTP/1.1 200 OK"
2025-09-11 14:51:54,212 - httpx - INFO - HTTP Request: POST http://localhost:8002/api/beds/update "HTTP/1.1 201 Created"
2025-09-11 14:51:54,212 - __main__ - INFO - Updated general beds for hospital 11 to 436
2025-09-11 14:51:54,227 - httpx - INFO - HTTP Request: POST http://localhost:8002/api/beds/update "HTTP/1.1 201 Created"
2025-09-11 14:51:54,228 - __main__ - INFO - Updated icu beds for hospital 11 to 86
2025-09-11 14:51:54,245 - httpx - INFO - HTTP Request: GET http://localhost:8002/api/beds/current/12 "HTTP/1.1 200 OK"
2025-09-11 14:51:54,272 - httpx - INFO - HTTP Request: POST http://localhost:8002/api/beds/update "HTTP/1.1 201 Created"
2025-09-11 14:51:54,272 - __main__ - INFO - Updated general beds for hospital 12 to 297
2025-09-11 14:51:54,291 - httpx - INFO - HTTP Request: POST http://localhost:8002/api/beds/update "HTTP/1.1 201 Created"
2025-09-11 14:51:54,292 - __main__ - INFO - Updated icu beds for hospital 12 to 47
2025-09-11 14:51:54,308 - httpx - INFO - HTTP Request: GET http://localhost:8002/api/beds/current/13 "HTTP/1.1 200 OK"
2025-09-11 14:51:54,328 - httpx - INFO - HTTP Request: POST http://localhost:8002/api/beds/update "HTTP/1.1 201 Created"
2025-09-11 14:51:54,328 - __main__ - INFO - Updated general beds for hospital 13 to 250
2025-09-11 14:51:54,353 - httpx - INFO - HTTP Request: POST http://localhost:8002/api/beds/update "HTTP/1.1 201 Created"
2025-09-11 14:51:54,353 - __main__ - INFO - Updated icu beds for hospital 13 to 49
2025-09-11 14:51:54,375 - httpx - INFO - HTTP Request: GET http://localhost:8002/api/beds/current/14 "HTTP/1.1 200 OK"
2025-09-11 14:51:54,401 - httpx - INFO - HTTP Request: POST http://localhost:8002/api/beds/update "HTTP/1.1 201 Created"
2025-09-11 14:51:54,402 - __main__ - INFO - Updated general beds for hospital 14 to 600
2025-09-11 14:51:54,420 - httpx - INFO - HTTP Request: POST http://localhost:8002/api/beds/update "HTTP/1.1 201 Created"
2025-09-11 14:51:54,421 - __main__ - INFO - Updated icu beds for hospital 14 to 105
2025-09-11 14:51:54,437 - httpx - INFO - HTTP Request: GET http://localhost:8002/api/beds/current/15 "HTTP/1.1 200 OK"
2025-09-11 14:51:54,459 - httpx - INFO - HTTP Request: POST http://localhost:8002/api/beds/update "HTTP/1.1 201 Created"
2025-09-11 14:51:54,460 - __main__ - INFO - Updated general beds for hospital 15 to 242
2025-09-11 14:51:54,476 - httpx - INFO - HTTP Request: POST http://localhost:8002/api/beds/update "HTTP/1.1 201 Created"
2025-09-11 14:51:54,477 - __main__ - INFO - Updated icu beds for hospital 15 to 47
2025-09-11 14:51:54,495 - httpx - INFO - HTTP Request: GET http://localhost:8002/api/beds/current/16 "HTTP/1.1 200 OK"
2025-09-11 14:51:54,517 - httpx - INFO - HTTP Request: POST http://localhost:8002/api/beds/update "HTTP/1.1 201 Created"
2025-09-11 14:51:54,517 - __main__ - INFO - Updated general beds for hospital 16 to 271
2025-09-11 14:51:54,541 - httpx - INFO - HTTP Request: POST http://localhost:8002/api/beds/update "HTTP/1.1 201 Created"
2025-09-11 14:51:54,541 - __main__ - INFO - Updated icu beds for hospital 16 to 37
2025-09-11 14:51:54,563 - httpx - INFO - HTTP Request: GET http://localhost:8002/api/beds/current/17 "HTTP/1.1 200 OK"
2025-09-11 14:51:54,583 - httpx - INFO - HTTP Request: POST http://localhost:8002/api/beds/update "HTTP/1.1 201 Created"
2025-09-11 14:51:54,584 - __main__ - INFO - Updated general beds for hospital 17 to 90
2025-09-11 14:51:54,603 - httpx - INFO - HTTP Request: POST http://localhost:8002/api/beds/update "HTTP/1.1 201 Created"
2025-09-11 14:51:54,603 - __main__ - INFO - Updated icu beds for hospital 17 to 3
2025-09-11 14:51:54,620 - httpx - INFO - HTTP Request: GET http://localhost:8002/api/beds/current/18 "HTTP/1.1 200 OK"
2025-09-11 14:51:54,637 - httpx - INFO - HTTP Request: POST http://localhost:8002/api/beds/update "HTTP/1.1 201 Created"
2025-09-11 14:51:54,637 - __main__ - INFO - Updated general beds for hospital 18 to 188
2025-09-11 14:51:54,654 - httpx - INFO - HTTP Request: POST http://localhost:8002/api/beds/update "HTTP/1.1 201 Created"
2025-09-11 14:51:54,655 - __main__ - INFO - Updated icu beds for hospital 18 to 32
2025-09-11 14:51:54,668 - httpx - INFO - HTTP Request: GET http://localhost:8002/api/beds/current/19 "HTTP/1.1 200 OK"
2025-09-11 14:51:54,687 - httpx - INFO - HTTP Request: POST http://localhost:8002/api/beds/update "HTTP/1.1 201 Created"
2025-09-11 14:51:54,756 - __main__ - INFO - Updated general beds for hospital 19 to 144
2025-09-11 14:51:54,775 - httpx - INFO - HTTP Request: POST http://localhost:8002/api/beds/update "HTTP/1.1 201 Created"
2025-09-11 14:51:54,776 - __main__ - INFO - Updated icu beds for hospital 19 to 24
2025-09-11 14:51:54,791 - httpx - INFO - HTTP Request: GET http://localhost:8002/api/beds/current/20 "HTTP/1.1 200 OK"
2025-09-11 14:51:54,812 - httpx - INFO - HTTP Request: POST http://localhost:8002/api/beds/update "HTTP/1.1 201 Created"
2025-09-11 14:51:54,813 - __main__ - INFO - Updated general beds for hospital 20 to 178
2025-09-11 14:51:54,830 - httpx - INFO - HTTP Request: POST http://localhost:8002/api/beds/update "HTTP/1.1 201 Created"
2025-09-11 14:51:54,831 - __main__ - INFO - Updated icu beds for hospital 20 to 33
2025-09-11 14:52:14,864 - httpx - INFO - HTTP Request: GET http://localhost:8002/api/beds/current/1 "HTTP/1.1 200 OK"
2025-09-11 14:52:14,884 - httpx - INFO - HTTP Request: POST http://localhost:8002/api/beds/update "HTTP/1.1 201 Created"
2025-09-11 14:52:14,884 - __main__ - INFO - Updated general beds for hospital 1 to 988
2025-09-11 14:52:14,900 - httpx - INFO - HTTP Request: POST http://localhost:8002/api/beds/update "HTTP/1.1 201 Created"
2025-09-11 14:52:14,901 - __main__ - INFO - Updated icu beds for hospital 1 to 178
2025-09-11 14:52:14,912 - httpx - INFO - HTTP Request: GET http://localhost:8002/api/beds/current/2 "HTTP/1.1 200 OK"
2025-09-11 14:52:14,925 - httpx - INFO - HTTP Request: POST http://localhost:8002/api/beds/update "HTTP/1.1 201 Created"
2025-09-11 14:52:14,925 - __main__ - INFO - Updated general beds for hospital 2 to 630
2025-09-11 14:52:14,938 - httpx - INFO - HTTP Request: POST http://localhost:8002/api/beds/update "HTTP/1.1 201 Created"
2025-09-11 14:52:14,938 - __main__ - INFO - Updated icu beds for hospital 2 to 102
2025-09-11 14:52:14,949 - httpx - INFO - HTTP Request: GET http://localhost:8002/api/beds/current/3 "HTTP/1.1 200 OK"
2025-09-11 14:52:14,961 - httpx - INFO - HTTP Request: POST http://localhost:8002/api/beds/update "HTTP/1.1 201 Created"
2025-09-11 14:52:14,961 - __main__ - INFO - Updated general beds for hospital 3 to 267
2025-09-11 14:52:14,972 - httpx - INFO - HTTP Request: GET http://localhost:8002/api/beds/current/4 "HTTP/1.1 200 OK"
2025-09-11 14:52:14,987 - httpx - INFO - HTTP Request: POST http://localhost:8002/api/beds/update "HTTP/1.1 201 Created"
2025-09-11 14:52:14,988 - __main__ - INFO - Updated icu beds for hospital 4 to 230
2025-09-11 14:52:15,001 - httpx - INFO - HTTP Request: GET http://localhost:8002/api/beds/current/5 "HTTP/1.1 200 OK"
2025-09-11 14:52:15,013 - httpx - INFO - HTTP Request: POST http://localhost:8002/api/beds/update "HTTP/1.1 201 Created"
2025-09-11 14:52:15,013 - __main__ - INFO - Updated general beds for hospital 5 to 967
2025-09-11 14:52:15,026 - httpx - INFO - HTTP Request: POST http://localhost:8002/api/beds/update "HTTP/1.1 201 Created"
2025-09-11 14:52:15,026 - __main__ - INFO - Updated icu beds for hospital 5 to 195
2025-09-11 14:52:15,037 - httpx - INFO - HTTP Request: GET http://localhost:8002/api/beds/current/6 "HTTP/1.1 200 OK"
2025-09-11 14:52:15,052 - httpx - INFO - HTTP Request: POST http://localhost:8002/api/beds/update "HTTP/1.1 201 Created"
2025-09-11 14:52:15,052 - __main__ - INFO - Updated general beds for hospital 6 to 461
2025-09-11 14:52:15,064 - httpx - INFO - HTTP Request: POST http://localhost:8002/api/beds/update "HTTP/1.1 201 Created"
2025-09-11 14:52:15,064 - __main__ - INFO - Updated icu beds for hospital 6 to 81
2025-09-11 14:52:15,076 - httpx - INFO - HTTP Request: GET http://localhost:8002/api/beds/current/7 "HTTP/1.1 200 OK"
2025-09-11 14:52:15,091 - httpx - INFO - HTTP Request: POST http://localhost:8002/api/beds/update "HTTP/1.1 201 Created"
2025-09-11 14:52:15,091 - __main__ - INFO - Updated general beds for hospital 7 to 484
2025-09-11 14:52:15,109 - httpx - INFO - HTTP Request: POST http://localhost:8002/api/beds/update "HTTP/1.1 201 Created"
2025-09-11 14:52:15,110 - __main__ - INFO - Updated icu beds for hospital 7 to 77
2025-09-11 14:52:15,122 - httpx - INFO - HTTP Request: GET http://localhost:8002/api/beds/current/8 "HTTP/1.1 200 OK"
2025-09-11 14:52:15,145 - httpx - INFO - HTTP Request: POST http://localhost:8002/api/beds/update "HTTP/1.1 201 Created"
2025-09-11 14:52:15,145 - __main__ - INFO - Updated general beds for hospital 8 to 440
2025-09-11 14:52:15,164 - httpx - INFO - HTTP Request: POST http://localhost:8002/api/beds/update "HTTP/1.1 201 Created"
2025-09-11 14:52:15,164 - __main__ - INFO - Updated icu beds for hospital 8 to 82
2025-09-11 14:52:15,182 - httpx - INFO - HTTP Request: GET http://localhost:8002/api/beds/current/9 "HTTP/1.1 200 OK"
2025-09-11 14:52:15,206 - httpx - INFO - HTTP Request: POST http://localhost:8002/api/beds/update "HTTP/1.1 201 Created"
2025-09-11 14:52:15,206 - __main__ - INFO - Updated general beds for hospital 9 to 394
2025-09-11 14:52:15,222 - httpx - INFO - HTTP Request: POST http://localhost:8002/api/beds/update "HTTP/1.1 201 Created"
2025-09-11 14:52:15,222 - __main__ - INFO - Updated icu beds for hospital 9 to 65
2025-09-11 14:52:15,235 - httpx - INFO - HTTP Request: GET http://localhost:8002/api/beds/current/10 "HTTP/1.1 200 OK"
2025-09-11 14:52:15,250 - httpx - INFO - HTTP Request: POST http://localhost:8002/api/beds/update "HTTP/1.1 201 Created"
2025-09-11 14:52:15,250 - __main__ - INFO - Updated general beds for hospital 10 to 1498
2025-09-11 14:52:15,267 - httpx - INFO - HTTP Request: POST http://localhost:8002/api/beds/update "HTTP/1.1 201 Created"
2025-09-11 14:52:15,267 - __main__ - INFO - Updated icu beds for hospital 10 to 299
2025-09-11 14:52:15,280 - httpx - INFO - HTTP Request: GET http://localhost:8002/api/beds/current/11 "HTTP/1.1 200 OK"
2025-09-11 14:52:15,295 - httpx - INFO - HTTP Request: POST http://localhost:8002/api/beds/update "HTTP/1.1 201 Created"
2025-09-11 14:52:15,295 - __main__ - INFO - Updated general beds for hospital 11 to 446
2025-09-11 14:52:15,310 - httpx - INFO - HTTP Request: POST http://localhost:8002/api/beds/update "HTTP/1.1 201 Created"
2025-09-11 14:52:15,310 - __main__ - INFO - Updated icu beds for hospital 11 to 90
2025-09-11 14:52:15,322 - httpx - INFO - HTTP Request: GET http://localhost:8002/api/beds/current/12 "HTTP/1.1 200 OK"
2025-09-11 14:52:15,338 - httpx - INFO - HTTP Request: POST http://localhost:8002/api/beds/update "HTTP/1.1 201 Created"
2025-09-11 14:52:15,339 - __main__ - INFO - Updated general beds for hospital 12 to 300
2025-09-11 14:52:15,354 - httpx - INFO - HTTP Request: POST http://localhost:8002/api/beds/update "HTTP/1.1 201 Created"
2025-09-11 14:52:15,355 - __main__ - INFO - Updated icu beds for hospital 12 to 42
2025-09-11 14:52:15,367 - httpx - INFO - HTTP Request: GET http://localhost:8002/api/beds/current/13 "HTTP/1.1 200 OK"
2025-09-11 14:52:15,431 - httpx - INFO - HTTP Request: POST http://localhost:8002/api/beds/update "HTTP/1.1 201 Created"
2025-09-11 14:52:15,432 - __main__ - INFO - Updated general beds for hospital 13 to 250
2025-09-11 14:52:15,456 - httpx - INFO - HTTP Request: POST http://localhost:8002/api/beds/update "HTTP/1.1 201 Created"
2025-09-11 14:52:15,456 - __main__ - INFO - Updated icu beds for hospital 13 to 50
2025-09-11 14:52:15,472 - httpx - INFO - HTTP Request: GET http://localhost:8002/api/beds/current/14 "HTTP/1.1 200 OK"
2025-09-11 14:52:15,488 - httpx - INFO - HTTP Request: POST http://localhost:8002/api/beds/update "HTTP/1.1 201 Created"
2025-09-11 14:52:15,488 - __main__ - INFO - Updated general beds for hospital 14 to 601
2025-09-11 14:52:15,515 - httpx - INFO - HTTP Request: POST http://localhost:8002/api/beds/update "HTTP/1.1 201 Created"
2025-09-11 14:52:15,515 - __main__ - INFO - Updated icu beds for hospital 14 to 110
2025-09-11 14:52:15,528 - httpx - INFO - HTTP Request: GET http://localhost:8002/api/beds/current/15 "HTTP/1.1 200 OK"
2025-09-11 14:52:15,545 - httpx - INFO - HTTP Request: POST http://localhost:8002/api/beds/update "HTTP/1.1 201 Created"
2025-09-11 14:52:15,546 - __main__ - INFO - Updated general beds for hospital 15 to 250
2025-09-11 14:52:15,568 - httpx - INFO - HTTP Request: POST http://localhost:8002/api/beds/update "HTTP/1.1 201 Created"
2025-09-11 14:52:15,568 - __main__ - INFO - Updated icu beds for hospital 15 to 49
2025-09-11 14:52:15,583 - httpx - INFO - HTTP Request: GET http://localhost:8002/api/beds/current/16 "HTTP/1.1 200 OK"
2025-09-11 14:52:15,605 - httpx - INFO - HTTP Request: POST http://localhost:8002/api/beds/update "HTTP/1.1 201 Created"
2025-09-11 14:52:15,605 - __main__ - INFO - Updated general beds for hospital 16 to 277
2025-09-11 14:52:15,632 - httpx - INFO - HTTP Request: POST http://localhost:8002/api/beds/update "HTTP/1.1 201 Created"
2025-09-11 14:52:15,633 - __main__ - INFO - Updated icu beds for hospital 16 to 41
2025-09-11 14:52:15,650 - httpx - INFO - HTTP Request: GET http://localhost:8002/api/beds/current/17 "HTTP/1.1 200 OK"
2025-09-11 14:52:15,669 - httpx - INFO - HTTP Request: POST http://localhost:8002/api/beds/update "HTTP/1.1 201 Created"
2025-09-11 14:52:15,670 - __main__ - INFO - Updated general beds for hospital 17 to 90
2025-09-11 14:52:15,688 - httpx - INFO - HTTP Request: POST http://localhost:8002/api/beds/update "HTTP/1.1 201 Created"
2025-09-11 14:52:15,689 - __main__ - INFO - Updated icu beds for hospital 17 to 5
2025-09-11 14:52:15,706 - httpx - INFO - HTTP Request: GET http://localhost:8002/api/beds/current/18 "HTTP/1.1 200 OK"
2025-09-11 14:52:15,732 - httpx - INFO - HTTP Request: POST http://localhost:8002/api/beds/update "HTTP/1.1 201 Created"
2025-09-11 14:52:15,733 - __main__ - INFO - Updated general beds for hospital 18 to 191
2025-09-11 14:52:15,755 - httpx - INFO - HTTP Request: POST http://localhost:8002/api/beds/update "HTTP/1.1 201 Created"
2025-09-11 14:52:15,756 - __main__ - INFO - Updated icu beds for hospital 18 to 28
2025-09-11 14:52:15,791 - httpx - INFO - HTTP Request: GET http://localhost:8002/api/beds/current/19 "HTTP/1.1 200 OK"
2025-09-11 14:52:15,815 - httpx - INFO - HTTP Request: POST http://localhost:8002/api/beds/update "HTTP/1.1 201 Created"
2025-09-11 14:52:15,816 - __main__ - INFO - Updated general beds for hospital 19 to 142
2025-09-11 14:52:15,834 - httpx - INFO - HTTP Request: POST http://localhost:8002/api/beds/update "HTTP/1.1 201 Created"
2025-09-11 14:52:15,835 - __main__ - INFO - Updated icu beds for hospital 19 to 23
2025-09-11 14:52:15,849 - httpx - INFO - HTTP Request: GET http://localhost:8002/api/beds/current/20 "HTTP/1.1 200 OK"
2025-09-11 14:52:15,873 - httpx - INFO - HTTP Request: POST http://localhost:8002/api/beds/update "HTTP/1.1 201 Created"
2025-09-11 14:52:15,873 - __main__ - INFO - Updated general beds for hospital 20 to 177
2025-09-11 14:52:35,937 - httpx - INFO - HTTP Request: GET http://localhost:8002/api/beds/current/1 "HTTP/1.1 200 OK"
2025-09-11 14:52:35,975 - httpx - INFO - HTTP Request: POST http://localhost:8002/api/beds/update "HTTP/1.1 201 Created"
2025-09-11 14:52:35,975 - __main__ - INFO - Updated general beds for hospital 1 to 983
2025-09-11 14:52:36,008 - httpx - INFO - HTTP Request: POST http://localhost:8002/api/beds/update "HTTP/1.1 201 Created"
2025-09-11 14:52:36,009 - __main__ - INFO - Updated icu beds for hospital 1 to 175
2025-09-11 14:52:36,025 - httpx - INFO - HTTP Request: GET http://localhost:8002/api/beds/current/2 "HTTP/1.1 200 OK"
2025-09-11 14:52:36,045 - httpx - INFO - HTTP Request: POST http://localhost:8002/api/beds/update "HTTP/1.1 201 Created"
2025-09-11 14:52:36,045 - __main__ - INFO - Updated general beds for hospital 2 to 638
2025-09-11 14:52:36,075 - httpx - INFO - HTTP Request: POST http://localhost:8002/api/beds/update "HTTP/1.1 201 Created"
2025-09-11 14:52:36,075 - __main__ - INFO - Updated icu beds for hospital 2 to 106
2025-09-11 14:52:36,105 - httpx - INFO - HTTP Request: GET http://localhost:8002/api/beds/current/3 "HTTP/1.1 200 OK"
2025-09-11 14:52:36,141 - httpx - INFO - HTTP Request: POST http://localhost:8002/api/beds/update "HTTP/1.1 201 Created"
2025-09-11 14:52:36,142 - __main__ - INFO - Updated general beds for hospital 3 to 274
2025-09-11 14:52:36,171 - httpx - INFO - HTTP Request: POST http://localhost:8002/api/beds/update "HTTP/1.1 201 Created"
2025-09-11 14:52:36,172 - __main__ - INFO - Updated icu beds for hospital 3 to 50
2025-09-11 14:52:36,208 - httpx - INFO - HTTP Request: GET http://localhost:8002/api/beds/current/4 "HTTP/1.1 200 OK"
2025-09-11 14:52:36,237 - httpx - INFO - HTTP Request: POST http://localhost:8002/api/beds/update "HTTP/1.1 201 Created"
2025-09-11 14:52:36,237 - __main__ - INFO - Updated general beds for hospital 4 to 1147
2025-09-11 14:52:36,270 - httpx - INFO - HTTP Request: POST http://localhost:8002/api/beds/update "HTTP/1.1 201 Created"
2025-09-11 14:52:36,270 - __main__ - INFO - Updated icu beds for hospital 4 to 230
2025-09-11 14:52:36,298 - httpx - INFO - HTTP Request: GET http://localhost:8002/api/beds/current/5 "HTTP/1.1 200 OK"
2025-09-11 14:52:36,331 - httpx - INFO - HTTP Request: POST http://localhost:8002/api/beds/update "HTTP/1.1 201 Created"
2025-09-11 14:52:36,331 - __main__ - INFO - Updated general beds for hospital 5 to 969
2025-09-11 14:52:36,368 - httpx - INFO - HTTP Request: GET http://localhost:8002/api/beds/current/6 "HTTP/1.1 200 OK"
2025-09-11 14:52:36,411 - httpx - INFO - HTTP Request: POST http://localhost:8002/api/beds/update "HTTP/1.1 201 Created"
2025-09-11 14:52:36,417 - __main__ - INFO - Updated general beds for hospital 6 to 459
2025-09-11 14:52:36,472 - httpx - INFO - HTTP Request: POST http://localhost:8002/api/beds/update "HTTP/1.1 201 Created"
2025-09-11 14:52:36,594 - __main__ - INFO - Updated icu beds for hospital 6 to 85
2025-09-11 14:52:36,632 - httpx - INFO - HTTP Request: GET http://localhost:8002/api/beds/current/7 "HTTP/1.1 200 OK"
2025-09-11 14:52:36,677 - httpx - INFO - HTTP Request: POST http://localhost:8002/api/beds/update "HTTP/1.1 201 Created"
2025-09-11 14:52:36,678 - __main__ - INFO - Updated general beds for hospital 7 to 474
2025-09-11 14:52:36,718 - httpx - INFO - HTTP Request: POST http://localhost:8002/api/beds/update "HTTP/1.1 201 Created"
2025-09-11 14:52:36,719 - __main__ - INFO - Updated icu beds for hospital 7 to 80
2025-09-11 14:52:36,751 - httpx - INFO - HTTP Request: GET http://localhost:8002/api/beds/current/8 "HTTP/1.1 200 OK"
2025-09-11 14:52:36,783 - httpx - INFO - HTTP Request: POST http://localhost:8002/api/beds/update "HTTP/1.1 201 Created"
2025-09-11 14:52:36,784 - __main__ - INFO - Updated general beds for hospital 8 to 441
2025-09-11 14:52:36,833 - httpx - INFO - HTTP Request: POST http://localhost:8002/api/beds/update "HTTP/1.1 201 Created"
2025-09-11 14:52:36,833 - __main__ - INFO - Updated icu beds for hospital 8 to 81
2025-09-11 14:52:36,858 - httpx - INFO - HTTP Request: GET http://localhost:8002/api/beds/current/9 "HTTP/1.1 200 OK"
2025-09-11 14:52:36,890 - httpx - INFO - HTTP Request: POST http://localhost:8002/api/beds/update "HTTP/1.1 201 Created"
2025-09-11 14:52:36,890 - __main__ - INFO - Updated general beds for hospital 9 to 398
2025-09-11 14:52:36,919 - httpx - INFO - HTTP Request: POST http://localhost:8002/api/beds/update "HTTP/1.1 201 Created"
2025-09-11 14:52:36,921 - __main__ - INFO - Updated icu beds for hospital 9 to 67
2025-09-11 14:52:36,954 - httpx - INFO - HTTP Request: GET http://localhost:8002/api/beds/current/10 "HTTP/1.1 200 OK"
2025-09-11 14:52:37,002 - httpx - INFO - HTTP Request: POST http://localhost:8002/api/beds/update "HTTP/1.1 201 Created"
2025-09-11 14:52:37,003 - __main__ - INFO - Updated general beds for hospital 10 to 1500
2025-09-11 14:52:37,046 - httpx - INFO - HTTP Request: POST http://localhost:8002/api/beds/update "HTTP/1.1 201 Created"
2025-09-11 14:52:37,047 - __main__ - INFO - Updated icu beds for hospital 10 to 300
2025-09-11 14:52:37,069 - httpx - INFO - HTTP Request: GET http://localhost:8002/api/beds/current/11 "HTTP/1.1 200 OK"
2025-09-11 14:52:37,128 - httpx - INFO - HTTP Request: POST http://localhost:8002/api/beds/update "HTTP/1.1 201 Created"
2025-09-11 14:52:37,128 - __main__ - INFO - Updated general beds for hospital 11 to 450
2025-09-11 14:52:37,146 - httpx - INFO - HTTP Request: POST http://localhost:8002/api/beds/update "HTTP/1.1 201 Created"
2025-09-11 14:52:37,146 - __main__ - INFO - Updated icu beds for hospital 11 to 90
2025-09-11 14:52:37,166 - httpx - INFO - HTTP Request: GET http://localhost:8002/api/beds/current/12 "HTTP/1.1 200 OK"
2025-09-11 14:52:37,195 - httpx - INFO - HTTP Request: POST http://localhost:8002/api/beds/update "HTTP/1.1 201 Created"
2025-09-11 14:52:37,198 - __main__ - INFO - Updated general beds for hospital 12 to 304
2025-09-11 14:52:37,227 - httpx - INFO - HTTP Request: POST http://localhost:8002/api/beds/update "HTTP/1.1 201 Created"
2025-09-11 14:52:37,228 - __main__ - INFO - Updated icu beds for hospital 12 to 39
2025-09-11 14:52:37,253 - httpx - INFO - HTTP Request: GET http://localhost:8002/api/beds/current/13 "HTTP/1.1 200 OK"
2025-09-11 14:52:37,275 - httpx - INFO - HTTP Request: POST http://localhost:8002/api/beds/update "HTTP/1.1 201 Created"
2025-09-11 14:52:37,276 - __main__ - INFO - Updated general beds for hospital 13 to 250
2025-09-11 14:52:37,296 - httpx - INFO - HTTP Request: POST http://localhost:8002/api/beds/update "HTTP/1.1 201 Created"
2025-09-11 14:52:37,296 - __main__ - INFO - Updated icu beds for hospital 13 to 50
2025-09-11 14:52:37,318 - httpx - INFO - HTTP Request: GET http://localhost:8002/api/beds/current/14 "HTTP/1.1 200 OK"
2025-09-11 14:52:37,342 - httpx - INFO - HTTP Request: POST http://localhost:8002/api/beds/update "HTTP/1.1 201 Created"
2025-09-11 14:52:37,342 - __main__ - INFO - Updated general beds for hospital 14 to 607
2025-09-11 14:52:37,357 - httpx - INFO - HTTP Request: POST http://localhost:8002/api/beds/update "HTTP/1.1 201 Created"
2025-09-11 14:52:37,357 - __main__ - INFO - Updated icu beds for hospital 14 to 105
2025-09-11 14:52:37,375 - httpx - INFO - HTTP Request: GET http://localhost:8002/api/beds/current/15 "HTTP/1.1 200 OK"
2025-09-11 14:52:37,390 - httpx - INFO - HTTP Request: POST http://localhost:8002/api/beds/update "HTTP/1.1 201 Created"
2025-09-11 14:52:37,390 - __main__ - INFO - Updated general beds for hospital 15 to 256
2025-09-11 14:52:37,405 - httpx - INFO - HTTP Request: POST http://localhost:8002/api/beds/update "HTTP/1.1 201 Created"
2025-09-11 14:52:37,405 - __main__ - INFO - Updated icu beds for hospital 15 to 54
2025-09-11 14:52:37,418 - httpx - INFO - HTTP Request: GET http://localhost:8002/api/beds/current/16 "HTTP/1.1 200 OK"
2025-09-11 14:52:37,433 - httpx - INFO - HTTP Request: POST http://localhost:8002/api/beds/update "HTTP/1.1 201 Created"
2025-09-11 14:52:37,433 - __main__ - INFO - Updated general beds for hospital 16 to 270
2025-09-11 14:52:37,447 - httpx - INFO - HTTP Request: POST http://localhost:8002/api/beds/update "HTTP/1.1 201 Created"
2025-09-11 14:52:37,448 - __main__ - INFO - Updated icu beds for hospital 16 to 37
2025-09-11 14:52:37,464 - httpx - INFO - HTTP Request: GET http://localhost:8002/api/beds/current/17 "HTTP/1.1 200 OK"
2025-09-11 14:52:37,482 - httpx - INFO - HTTP Request: POST http://localhost:8002/api/beds/update "HTTP/1.1 201 Created"
2025-09-11 14:52:37,482 - __main__ - INFO - Updated general beds for hospital 17 to 90
2025-09-11 14:52:37,496 - httpx - INFO - HTTP Request: POST http://localhost:8002/api/beds/update "HTTP/1.1 201 Created"
2025-09-11 14:52:37,496 - __main__ - INFO - Updated icu beds for hospital 17 to 9
2025-09-11 14:52:37,509 - httpx - INFO - HTTP Request: GET http://localhost:8002/api/beds/current/18 "HTTP/1.1 200 OK"
2025-09-11 14:52:37,523 - httpx - INFO - HTTP Request: POST http://localhost:8002/api/beds/update "HTTP/1.1 201 Created"
2025-09-11 14:52:37,524 - __main__ - INFO - Updated general beds for hospital 18 to 199
2025-09-11 14:52:37,537 - httpx - INFO - HTTP Request: POST http://localhost:8002/api/beds/update "HTTP/1.1 201 Created"
2025-09-11 14:52:37,537 - __main__ - INFO - Updated icu beds for hospital 18 to 31
2025-09-11 14:52:37,549 - httpx - INFO - HTTP Request: GET http://localhost:8002/api/beds/current/19 "HTTP/1.1 200 OK"
2025-09-11 14:52:37,568 - httpx - INFO - HTTP Request: POST http://localhost:8002/api/beds/update "HTTP/1.1 201 Created"
2025-09-11 14:52:37,568 - __main__ - INFO - Updated general beds for hospital 19 to 132
2025-09-11 14:52:37,585 - httpx - INFO - HTTP Request: POST http://localhost:8002/api/beds/update "HTTP/1.1 201 Created"
2025-09-11 14:52:37,653 - __main__ - INFO - Updated icu beds for hospital 19 to 24
2025-09-11 14:52:37,675 - httpx - INFO - HTTP Request: GET http://localhost:8002/api/beds/current/20 "HTTP/1.1 200 OK"
2025-09-11 14:52:37,691 - httpx - INFO - HTTP Request: POST http://localhost:8002/api/beds/update "HTTP/1.1 201 Created"
2025-09-11 14:52:37,691 - __main__ - INFO - Updated general beds for hospital 20 to 182
2025-09-11 14:52:37,711 - httpx - INFO - HTTP Request: POST http://localhost:8002/api/beds/update "HTTP/1.1 201 Created"
2025-09-11 14:52:37,712 - __main__ - INFO - Updated icu beds for hospital 20 to 32
2025-09-11 14:52:57,731 - httpx - INFO - HTTP Request: GET http://localhost:8002/api/beds/current/1 "HTTP/1.1 200 OK"
2025-09-11 14:52:57,750 - httpx - INFO - HTTP Request: POST http://localhost:8002/api/beds/update "HTTP/1.1 201 Created"
2025-09-11 14:52:57,750 - __main__ - INFO - Updated general beds for hospital 1 to 981
2025-09-11 14:52:57,768 - httpx - INFO - HTTP Request: POST http://localhost:8002/api/beds/update "HTTP/1.1 201 Created"
2025-09-11 14:52:57,768 - __main__ - INFO - Updated icu beds for hospital 1 to 178
2025-09-11 14:52:57,793 - httpx - INFO - HTTP Request: GET http://localhost:8002/api/beds/current/2 "HTTP/1.1 200 OK"
2025-09-11 14:52:57,819 - httpx - INFO - HTTP Request: POST http://localhost:8002/api/beds/update "HTTP/1.1 201 Created"
2025-09-11 14:52:57,819 - __main__ - INFO - Updated general beds for hospital 2 to 640
2025-09-11 14:52:57,846 - httpx - INFO - HTTP Request: POST http://localhost:8002/api/beds/update "HTTP/1.1 201 Created"
2025-09-11 14:52:57,847 - __main__ - INFO - Updated icu beds for hospital 2 to 105
2025-09-11 14:52:57,865 - httpx - INFO - HTTP Request: GET http://localhost:8002/api/beds/current/3 "HTTP/1.1 200 OK"
2025-09-11 14:52:57,881 - httpx - INFO - HTTP Request: POST http://localhost:8002/api/beds/update "HTTP/1.1 201 Created"
2025-09-11 14:52:57,881 - __main__ - INFO - Updated general beds for hospital 3 to 282
2025-09-11 14:52:57,894 - httpx - INFO - HTTP Request: GET http://localhost:8002/api/beds/current/4 "HTTP/1.1 200 OK"
2025-09-11 14:52:57,909 - httpx - INFO - HTTP Request: POST http://localhost:8002/api/beds/update "HTTP/1.1 201 Created"
2025-09-11 14:52:57,909 - __main__ - INFO - Updated general beds for hospital 4 to 1141
2025-09-11 14:52:57,922 - httpx - INFO - HTTP Request: POST http://localhost:8002/api/beds/update "HTTP/1.1 201 Created"
2025-09-11 14:52:57,923 - __main__ - INFO - Updated icu beds for hospital 4 to 230
2025-09-11 14:52:57,934 - httpx - INFO - HTTP Request: GET http://localhost:8002/api/beds/current/5 "HTTP/1.1 200 OK"
2025-09-11 14:52:57,948 - httpx - INFO - HTTP Request: POST http://localhost:8002/api/beds/update "HTTP/1.1 201 Created"
2025-09-11 14:52:57,948 - __main__ - INFO - Updated general beds for hospital 5 to 965
2025-09-11 14:52:57,962 - httpx - INFO - HTTP Request: POST http://localhost:8002/api/beds/update "HTTP/1.1 201 Created"
2025-09-11 14:52:57,962 - __main__ - INFO - Updated icu beds for hospital 5 to 193
2025-09-11 14:52:57,975 - httpx - INFO - HTTP Request: GET http://localhost:8002/api/beds/current/6 "HTTP/1.1 200 OK"
2025-09-11 14:52:57,991 - httpx - INFO - HTTP Request: POST http://localhost:8002/api/beds/update "HTTP/1.1 201 Created"
2025-09-11 14:52:57,991 - __main__ - INFO - Updated general beds for hospital 6 to 456
2025-09-11 14:52:58,006 - httpx - INFO - HTTP Request: POST http://localhost:8002/api/beds/update "HTTP/1.1 201 Created"
2025-09-11 14:52:58,006 - __main__ - INFO - Updated icu beds for hospital 6 to 81
2025-09-11 14:52:58,018 - httpx - INFO - HTTP Request: GET http://localhost:8002/api/beds/current/7 "HTTP/1.1 200 OK"
2025-09-11 14:52:58,031 - httpx - INFO - HTTP Request: POST http://localhost:8002/api/beds/update "HTTP/1.1 201 Created"
2025-09-11 14:52:58,031 - __main__ - INFO - Updated general beds for hospital 7 to 466
2025-09-11 14:52:58,045 - httpx - INFO - HTTP Request: POST http://localhost:8002/api/beds/update "HTTP/1.1 201 Created"
2025-09-11 14:52:58,045 - __main__ - INFO - Updated icu beds for hospital 7 to 83
2025-09-11 14:52:58,057 - httpx - INFO - HTTP Request: GET http://localhost:8002/api/beds/current/8 "HTTP/1.1 200 OK"
2025-09-11 14:52:58,070 - httpx - INFO - HTTP Request: POST http://localhost:8002/api/beds/update "HTTP/1.1 201 Created"
2025-09-11 14:52:58,070 - __main__ - INFO - Updated general beds for hospital 8 to 435
2025-09-11 14:52:58,084 - httpx - INFO - HTTP Request: POST http://localhost:8002/api/beds/update "HTTP/1.1 201 Created"
2025-09-11 14:52:58,084 - __main__ - INFO - Updated icu beds for hospital 8 to 86
2025-09-11 14:52:58,099 - httpx - INFO - HTTP Request: GET http://localhost:8002/api/beds/current/9 "HTTP/1.1 200 OK"
2025-09-11 14:52:58,119 - httpx - INFO - HTTP Request: POST http://localhost:8002/api/beds/update "HTTP/1.1 201 Created"
2025-09-11 14:52:58,119 - __main__ - INFO - Updated general beds for hospital 9 to 397
2025-09-11 14:52:58,137 - httpx - INFO - HTTP Request: POST http://localhost:8002/api/beds/update "HTTP/1.1 201 Created"
2025-09-11 14:52:58,138 - __main__ - INFO - Updated icu beds for hospital 9 to 71
2025-09-11 14:52:58,156 - httpx - INFO - HTTP Request: GET http://localhost:8002/api/beds/current/10 "HTTP/1.1 200 OK"
2025-09-11 14:52:58,173 - httpx - INFO - HTTP Request: POST http://localhost:8002/api/beds/update "HTTP/1.1 201 Created"
2025-09-11 14:52:58,174 - __main__ - INFO - Updated general beds for hospital 10 to 1500
2025-09-11 14:52:58,202 - httpx - INFO - HTTP Request: POST http://localhost:8002/api/beds/update "HTTP/1.1 201 Created"
2025-09-11 14:52:58,202 - __main__ - INFO - Updated icu beds for hospital 10 to 295
2025-09-11 14:52:58,219 - httpx - INFO - HTTP Request: GET http://localhost:8002/api/beds/current/11 "HTTP/1.1 200 OK"
2025-09-11 14:52:58,237 - httpx - INFO - HTTP Request: POST http://localhost:8002/api/beds/update "HTTP/1.1 201 Created"
2025-09-11 14:52:58,237 - __main__ - INFO - Updated general beds for hospital 11 to 450
2025-09-11 14:52:58,252 - httpx - INFO - HTTP Request: POST http://localhost:8002/api/beds/update "HTTP/1.1 201 Created"
2025-09-11 14:52:58,252 - __main__ - INFO - Updated icu beds for hospital 11 to 86
2025-09-11 14:52:58,266 - httpx - INFO - HTTP Request: GET http://localhost:8002/api/beds/current/12 "HTTP/1.1 200 OK"
2025-09-11 14:52:58,283 - httpx - INFO - HTTP Request: POST http://localhost:8002/api/beds/update "HTTP/1.1 201 Created"
2025-09-11 14:52:58,283 - __main__ - INFO - Updated general beds for hospital 12 to 303
2025-09-11 14:52:58,304 - httpx - INFO - HTTP Request: POST http://localhost:8002/api/beds/update "HTTP/1.1 201 Created"
2025-09-11 14:52:58,304 - __main__ - INFO - Updated icu beds for hospital 12 to 40
2025-09-11 14:52:58,319 - httpx - INFO - HTTP Request: GET http://localhost:8002/api/beds/current/13 "HTTP/1.1 200 OK"
2025-09-11 14:52:58,384 - httpx - INFO - HTTP Request: POST http://localhost:8002/api/beds/update "HTTP/1.1 201 Created"
2025-09-11 14:52:58,385 - __main__ - INFO - Updated general beds for hospital 13 to 250
2025-09-11 14:52:58,409 - httpx - INFO - HTTP Request: GET http://localhost:8002/api/beds/current/14 "HTTP/1.1 200 OK"
2025-09-11 14:52:58,431 - httpx - INFO - HTTP Request: POST http://localhost:8002/api/beds/update "HTTP/1.1 201 Created"
2025-09-11 14:52:58,431 - __main__ - INFO - Updated general beds for hospital 14 to 604
2025-09-11 14:52:58,449 - httpx - INFO - HTTP Request: POST http://localhost:8002/api/beds/update "HTTP/1.1 201 Created"
2025-09-11 14:52:58,449 - __main__ - INFO - Updated icu beds for hospital 14 to 103
2025-09-11 14:52:58,466 - httpx - INFO - HTTP Request: GET http://localhost:8002/api/beds/current/15 "HTTP/1.1 200 OK"
2025-09-11 14:52:58,487 - httpx - INFO - HTTP Request: POST http://localhost:8002/api/beds/update "HTTP/1.1 201 Created"
2025-09-11 14:52:58,488 - __main__ - INFO - Updated general beds for hospital 15 to 251
2025-09-11 14:52:58,511 - httpx - INFO - HTTP Request: POST http://localhost:8002/api/beds/update "HTTP/1.1 201 Created"
2025-09-11 14:52:58,511 - __main__ - INFO - Updated icu beds for hospital 15 to 55
2025-09-11 14:52:58,526 - httpx - INFO - HTTP Request: GET http://localhost:8002/api/beds/current/16 "HTTP/1.1 200 OK"
2025-09-11 14:52:58,549 - httpx - INFO - HTTP Request: POST http://localhost:8002/api/beds/update "HTTP/1.1 201 Created"
2025-09-11 14:52:58,549 - __main__ - INFO - Updated general beds for hospital 16 to 275
2025-09-11 14:52:58,571 - httpx - INFO - HTTP Request: POST http://localhost:8002/api/beds/update "HTTP/1.1 201 Created"
2025-09-11 14:52:58,571 - __main__ - INFO - Updated icu beds for hospital 16 to 38
2025-09-11 14:52:58,588 - httpx - INFO - HTTP Request: GET http://localhost:8002/api/beds/current/17 "HTTP/1.1 200 OK"
2025-09-11 14:52:58,611 - httpx - INFO - HTTP Request: POST http://localhost:8002/api/beds/update "HTTP/1.1 201 Created"
2025-09-11 14:52:58,612 - __main__ - INFO - Updated general beds for hospital 17 to 90
2025-09-11 14:52:58,631 - httpx - INFO - HTTP Request: POST http://localhost:8002/api/beds/update "HTTP/1.1 201 Created"
2025-09-11 14:52:58,631 - __main__ - INFO - Updated icu beds for hospital 17 to 12
2025-09-11 14:52:58,646 - httpx - INFO - HTTP Request: GET http://localhost:8002/api/beds/current/18 "HTTP/1.1 200 OK"
2025-09-11 14:52:58,666 - httpx - INFO - HTTP Request: POST http://localhost:8002/api/beds/update "HTTP/1.1 201 Created"
2025-09-11 14:52:58,666 - __main__ - INFO - Updated general beds for hospital 18 to 190
2025-09-11 14:52:58,686 - httpx - INFO - HTTP Request: POST http://localhost:8002/api/beds/update "HTTP/1.1 201 Created"
2025-09-11 14:52:58,687 - __main__ - INFO - Updated icu beds for hospital 18 to 27
2025-09-11 14:52:58,703 - httpx - INFO - HTTP Request: GET http://localhost:8002/api/beds/current/19 "HTTP/1.1 200 OK"
2025-09-11 14:52:58,731 - httpx - INFO - HTTP Request: POST http://localhost:8002/api/beds/update "HTTP/1.1 201 Created"
2025-09-11 14:52:58,731 - __main__ - INFO - Updated general beds for hospital 19 to 123
2025-09-11 14:52:58,761 - httpx - INFO - HTTP Request: POST http://localhost:8002/api/beds/update "HTTP/1.1 201 Created"
2025-09-11 14:52:58,761 - __main__ - INFO - Updated icu beds for hospital 19 to 20
2025-09-11 14:52:58,790 - httpx - INFO - HTTP Request: GET http://localhost:8002/api/beds/current/20 "HTTP/1.1 200 OK"
2025-09-11 14:52:58,815 - httpx - INFO - HTTP Request: POST http://localhost:8002/api/beds/update "HTTP/1.1 201 Created"
2025-09-11 14:52:58,815 - __main__ - INFO - Updated general beds for hospital 20 to 187
2025-09-11 14:52:58,868 - httpx - INFO - HTTP Request: POST http://localhost:8002/api/beds/update "HTTP/1.1 201 Created"
2025-09-11 14:52:58,869 - __main__ - INFO - Updated icu beds for hospital 20 to 37
2025-09-11 14:53:18,912 - httpx - INFO - HTTP Request: GET http://localhost:8002/api/beds/current/1 "HTTP/1.1 200 OK"
2025-09-11 14:53:18,932 - httpx - INFO - HTTP Request: POST http://localhost:8002/api/beds/update "HTTP/1.1 201 Created"
2025-09-11 14:53:18,933 - __main__ - INFO - Updated general beds for hospital 1 to 991
2025-09-11 14:53:18,954 - httpx - INFO - HTTP Request: POST http://localhost:8002/api/beds/update "HTTP/1.1 201 Created"
2025-09-11 14:53:18,954 - __main__ - INFO - Updated icu beds for hospital 1 to 183
2025-09-11 14:53:18,966 - httpx - INFO - HTTP Request: GET http://localhost:8002/api/beds/current/2 "HTTP/1.1 200 OK"
2025-09-11 14:53:18,983 - httpx - INFO - HTTP Request: POST http://localhost:8002/api/beds/update "HTTP/1.1 201 Created"
2025-09-11 14:53:18,983 - __main__ - INFO - Updated general beds for hospital 2 to 633
2025-09-11 14:53:19,001 - httpx - INFO - HTTP Request: POST http://localhost:8002/api/beds/update "HTTP/1.1 201 Created"
2025-09-11 14:53:19,002 - __main__ - INFO - Updated icu beds for hospital 2 to 103
2025-09-11 14:53:19,019 - httpx - INFO - HTTP Request: GET http://localhost:8002/api/beds/current/3 "HTTP/1.1 200 OK"
2025-09-11 14:53:19,045 - httpx - INFO - HTTP Request: POST http://localhost:8002/api/beds/update "HTTP/1.1 201 Created"
2025-09-11 14:53:19,046 - __main__ - INFO - Updated general beds for hospital 3 to 279
2025-09-11 14:53:19,063 - httpx - INFO - HTTP Request: POST http://localhost:8002/api/beds/update "HTTP/1.1 201 Created"
2025-09-11 14:53:19,063 - __main__ - INFO - Updated icu beds for hospital 3 to 51
2025-09-11 14:53:19,078 - httpx - INFO - HTTP Request: GET http://localhost:8002/api/beds/current/4 "HTTP/1.1 200 OK"
2025-09-11 14:53:19,096 - httpx - INFO - HTTP Request: POST http://localhost:8002/api/beds/update "HTTP/1.1 201 Created"
2025-09-11 14:53:19,097 - __main__ - INFO - Updated general beds for hospital 4 to 1146
2025-09-11 14:53:19,114 - httpx - INFO - HTTP Request: POST http://localhost:8002/api/beds/update "HTTP/1.1 201 Created"
2025-09-11 14:53:19,114 - __main__ - INFO - Updated icu beds for hospital 4 to 227
2025-09-11 14:53:19,132 - httpx - INFO - HTTP Request: GET http://localhost:8002/api/beds/current/5 "HTTP/1.1 200 OK"
2025-09-11 14:53:19,153 - httpx - INFO - HTTP Request: POST http://localhost:8002/api/beds/update "HTTP/1.1 201 Created"
2025-09-11 14:53:19,153 - __main__ - INFO - Updated general beds for hospital 5 to 967
2025-09-11 14:53:19,171 - httpx - INFO - HTTP Request: GET http://localhost:8002/api/beds/current/6 "HTTP/1.1 200 OK"
2025-09-11 14:53:19,192 - httpx - INFO - HTTP Request: POST http://localhost:8002/api/beds/update "HTTP/1.1 201 Created"
2025-09-11 14:53:19,192 - __main__ - INFO - Updated general beds for hospital 6 to 447
2025-09-11 14:53:19,222 - httpx - INFO - HTTP Request: POST http://localhost:8002/api/beds/update "HTTP/1.1 201 Created"
2025-09-11 14:53:19,296 - __main__ - INFO - Updated icu beds for hospital 6 to 78
2025-09-11 14:53:19,320 - httpx - INFO - HTTP Request: GET http://localhost:8002/api/beds/current/7 "HTTP/1.1 200 OK"
2025-09-11 14:53:19,340 - httpx - INFO - HTTP Request: POST http://localhost:8002/api/beds/update "HTTP/1.1 201 Created"
2025-09-11 14:53:19,340 - __main__ - INFO - Updated general beds for hospital 7 to 473
2025-09-11 14:53:19,359 - httpx - INFO - HTTP Request: POST http://localhost:8002/api/beds/update "HTTP/1.1 201 Created"
2025-09-11 14:53:19,360 - __main__ - INFO - Updated icu beds for hospital 7 to 79
2025-09-11 14:53:19,376 - httpx - INFO - HTTP Request: GET http://localhost:8002/api/beds/current/8 "HTTP/1.1 200 OK"
2025-09-11 14:53:19,397 - httpx - INFO - HTTP Request: POST http://localhost:8002/api/beds/update "HTTP/1.1 201 Created"
2025-09-11 14:53:19,397 - __main__ - INFO - Updated general beds for hospital 8 to 434
2025-09-11 14:53:19,413 - httpx - INFO - HTTP Request: POST http://localhost:8002/api/beds/update "HTTP/1.1 201 Created"
2025-09-11 14:53:19,413 - __main__ - INFO - Updated icu beds for hospital 8 to 89
2025-09-11 14:53:19,426 - httpx - INFO - HTTP Request: GET http://localhost:8002/api/beds/current/9 "HTTP/1.1 200 OK"
2025-09-11 14:53:19,440 - httpx - INFO - HTTP Request: POST http://localhost:8002/api/beds/update "HTTP/1.1 201 Created"
2025-09-11 14:53:19,440 - __main__ - INFO - Updated general beds for hospital 9 to 388
2025-09-11 14:53:19,454 - httpx - INFO - HTTP Request: POST http://localhost:8002/api/beds/update "HTTP/1.1 201 Created"
2025-09-11 14:53:19,454 - __main__ - INFO - Updated icu beds for hospital 9 to 72
2025-09-11 14:53:19,466 - httpx - INFO - HTTP Request: GET http://localhost:8002/api/beds/current/10 "HTTP/1.1 200 OK"
2025-09-11 14:53:19,479 - httpx - INFO - HTTP Request: POST http://localhost:8002/api/beds/update "HTTP/1.1 201 Created"
2025-09-11 14:53:19,480 - __main__ - INFO - Updated general beds for hospital 10 to 1493
2025-09-11 14:53:19,494 - httpx - INFO - HTTP Request: POST http://localhost:8002/api/beds/update "HTTP/1.1 201 Created"
2025-09-11 14:53:19,494 - __main__ - INFO - Updated icu beds for hospital 10 to 300
2025-09-11 14:53:19,610 - httpx - INFO - HTTP Request: GET http://localhost:8002/api/beds/current/11 "HTTP/1.1 200 OK"
2025-09-11 14:53:19,656 - httpx - INFO - HTTP Request: POST http://localhost:8002/api/beds/update "HTTP/1.1 201 Created"
2025-09-11 14:53:19,656 - __main__ - INFO - Updated general beds for hospital 11 to 447
2025-09-11 14:53:19,704 - httpx - INFO - HTTP Request: POST http://localhost:8002/api/beds/update "HTTP/1.1 201 Created"
2025-09-11 14:53:19,704 - __main__ - INFO - Updated icu beds for hospital 11 to 89
2025-09-11 14:53:19,723 - httpx - INFO - HTTP Request: GET http://localhost:8002/api/beds/current/12 "HTTP/1.1 200 OK"
2025-09-11 14:53:19,750 - httpx - INFO - HTTP Request: POST http://localhost:8002/api/beds/update "HTTP/1.1 201 Created"
2025-09-11 14:53:19,751 - __main__ - INFO - Updated general beds for hospital 12 to 307
2025-09-11 14:53:19,771 - httpx - INFO - HTTP Request: POST http://localhost:8002/api/beds/update "HTTP/1.1 201 Created"
2025-09-11 14:53:19,771 - __main__ - INFO - Updated icu beds for hospital 12 to 38
2025-09-11 14:53:19,788 - httpx - INFO - HTTP Request: GET http://localhost:8002/api/beds/current/13 "HTTP/1.1 200 OK"
2025-09-11 14:53:19,809 - httpx - INFO - HTTP Request: POST http://localhost:8002/api/beds/update "HTTP/1.1 201 Created"
2025-09-11 14:53:19,809 - __main__ - INFO - Updated general beds for hospital 13 to 241
2025-09-11 14:53:19,826 - httpx - INFO - HTTP Request: POST http://localhost:8002/api/beds/update "HTTP/1.1 201 Created"
2025-09-11 14:53:19,826 - __main__ - INFO - Updated icu beds for hospital 13 to 46
2025-09-11 14:53:19,843 - httpx - INFO - HTTP Request: GET http://localhost:8002/api/beds/current/14 "HTTP/1.1 200 OK"
2025-09-11 14:53:19,862 - httpx - INFO - HTTP Request: POST http://localhost:8002/api/beds/update "HTTP/1.1 201 Created"
2025-09-11 14:53:19,862 - __main__ - INFO - Updated general beds for hospital 14 to 597
2025-09-11 14:53:19,883 - httpx - INFO - HTTP Request: POST http://localhost:8002/api/beds/update "HTTP/1.1 201 Created"
2025-09-11 14:53:19,884 - __main__ - INFO - Updated icu beds for hospital 14 to 107
2025-09-11 14:53:19,898 - httpx - INFO - HTTP Request: GET http://localhost:8002/api/beds/current/15 "HTTP/1.1 200 OK"
2025-09-11 14:53:19,917 - httpx - INFO - HTTP Request: POST http://localhost:8002/api/beds/update "HTTP/1.1 201 Created"
2025-09-11 14:53:19,917 - __main__ - INFO - Updated general beds for hospital 15 to 248
2025-09-11 14:53:19,937 - httpx - INFO - HTTP Request: POST http://localhost:8002/api/beds/update "HTTP/1.1 201 Created"
2025-09-11 14:53:19,937 - __main__ - INFO - Updated icu beds for hospital 15 to 55
2025-09-11 14:53:19,952 - httpx - INFO - HTTP Request: GET http://localhost:8002/api/beds/current/16 "HTTP/1.1 200 OK"
2025-09-11 14:53:19,971 - httpx - INFO - HTTP Request: POST http://localhost:8002/api/beds/update "HTTP/1.1 201 Created"
2025-09-11 14:53:19,971 - __main__ - INFO - Updated general beds for hospital 16 to 280
2025-09-11 14:53:19,996 - httpx - INFO - HTTP Request: POST http://localhost:8002/api/beds/update "HTTP/1.1 201 Created"
2025-09-11 14:53:19,996 - __main__ - INFO - Updated icu beds for hospital 16 to 42
2025-09-11 14:53:20,014 - httpx - INFO - HTTP Request: GET http://localhost:8002/api/beds/current/17 "HTTP/1.1 200 OK"
2025-09-11 14:53:20,037 - httpx - INFO - HTTP Request: POST http://localhost:8002/api/beds/update "HTTP/1.1 201 Created"
2025-09-11 14:53:20,037 - __main__ - INFO - Updated general beds for hospital 17 to 90
2025-09-11 14:53:20,057 - httpx - INFO - HTTP Request: POST http://localhost:8002/api/beds/update "HTTP/1.1 201 Created"
2025-09-11 14:53:20,057 - __main__ - INFO - Updated icu beds for hospital 17 to 9
2025-09-11 14:53:20,072 - httpx - INFO - HTTP Request: GET http://localhost:8002/api/beds/current/18 "HTTP/1.1 200 OK"
2025-09-11 14:53:20,088 - httpx - INFO - HTTP Request: POST http://localhost:8002/api/beds/update "HTTP/1.1 201 Created"
2025-09-11 14:53:20,088 - __main__ - INFO - Updated general beds for hospital 18 to 185
2025-09-11 14:53:20,107 - httpx - INFO - HTTP Request: POST http://localhost:8002/api/beds/update "HTTP/1.1 201 Created"
2025-09-11 14:53:20,108 - __main__ - INFO - Updated icu beds for hospital 18 to 28
2025-09-11 14:53:20,122 - httpx - INFO - HTTP Request: GET http://localhost:8002/api/beds/current/19 "HTTP/1.1 200 OK"
2025-09-11 14:53:20,141 - httpx - INFO - HTTP Request: POST http://localhost:8002/api/beds/update "HTTP/1.1 201 Created"
2025-09-11 14:53:20,141 - __main__ - INFO - Updated general beds for hospital 19 to 129
2025-09-11 14:53:20,159 - httpx - INFO - HTTP Request: POST http://localhost:8002/api/beds/update "HTTP/1.1 201 Created"
2025-09-11 14:53:20,219 - __main__ - INFO - Updated icu beds for hospital 19 to 19
2025-09-11 14:53:20,245 - httpx - INFO - HTTP Request: GET http://localhost:8002/api/beds/current/20 "HTTP/1.1 200 OK"
2025-09-11 14:53:20,272 - httpx - INFO - HTTP Request: POST http://localhost:8002/api/beds/update "HTTP/1.1 201 Created"
2025-09-11 14:53:20,272 - __main__ - INFO - Updated general beds for hospital 20 to 177
2025-09-11 14:53:20,288 - httpx - INFO - HTTP Request: POST http://localhost:8002/api/beds/update "HTTP/1.1 201 Created"
2025-09-11 14:53:20,288 - __main__ - INFO - Updated icu beds for hospital 20 to 39
2025-09-11 14:53:40,318 - httpx - INFO - HTTP Request: GET http://localhost:8002/api/beds/current/1 "HTTP/1.1 200 OK"
2025-09-11 14:53:40,339 - httpx - INFO - HTTP Request: POST http://localhost:8002/api/beds/update "HTTP/1.1 201 Created"
2025-09-11 14:53:40,339 - __main__ - INFO - Updated general beds for hospital 1 to 983
2025-09-11 14:53:40,355 - httpx - INFO - HTTP Request: POST http://localhost:8002/api/beds/update "HTTP/1.1 201 Created"
2025-09-11 14:53:40,355 - __main__ - INFO - Updated icu beds for hospital 1 to 178
2025-09-11 14:53:40,368 - httpx - INFO - HTTP Request: GET http://localhost:8002/api/beds/current/2 "HTTP/1.1 200 OK"
2025-09-11 14:53:40,393 - httpx - INFO - HTTP Request: POST http://localhost:8002/api/beds/update "HTTP/1.1 201 Created"
2025-09-11 14:53:40,393 - __main__ - INFO - Updated general beds for hospital 2 to 630
2025-09-11 14:53:40,414 - httpx - INFO - HTTP Request: POST http://localhost:8002/api/beds/update "HTTP/1.1 201 Created"
2025-09-11 14:53:40,415 - __main__ - INFO - Updated icu beds for hospital 2 to 104
2025-09-11 14:53:40,433 - httpx - INFO - HTTP Request: GET http://localhost:8002/api/beds/current/3 "HTTP/1.1 200 OK"
2025-09-11 14:53:40,456 - httpx - INFO - HTTP Request: POST http://localhost:8002/api/beds/update "HTTP/1.1 201 Created"
2025-09-11 14:53:40,456 - __main__ - INFO - Updated general beds for hospital 3 to 288
2025-09-11 14:53:40,479 - httpx - INFO - HTTP Request: POST http://localhost:8002/api/beds/update "HTTP/1.1 201 Created"
2025-09-11 14:53:40,481 - __main__ - INFO - Updated icu beds for hospital 3 to 52
2025-09-11 14:53:40,495 - httpx - INFO - HTTP Request: GET http://localhost:8002/api/beds/current/4 "HTTP/1.1 200 OK"
2025-09-11 14:53:40,518 - httpx - INFO - HTTP Request: POST http://localhost:8002/api/beds/update "HTTP/1.1 201 Created"
2025-09-11 14:53:40,518 - __main__ - INFO - Updated general beds for hospital 4 to 1136
2025-09-11 14:53:40,537 - httpx - INFO - HTTP Request: POST http://localhost:8002/api/beds/update "HTTP/1.1 201 Created"
2025-09-11 14:53:40,537 - __main__ - INFO - Updated icu beds for hospital 4 to 226
2025-09-11 14:53:40,558 - httpx - INFO - HTTP Request: GET http://localhost:8002/api/beds/current/5 "HTTP/1.1 200 OK"
2025-09-11 14:53:40,574 - httpx - INFO - HTTP Request: GET http://localhost:8002/api/beds/current/6 "HTTP/1.1 200 OK"
2025-09-11 14:53:40,593 - httpx - INFO - HTTP Request: POST http://localhost:8002/api/beds/update "HTTP/1.1 201 Created"
2025-09-11 14:53:40,593 - __main__ - INFO - Updated general beds for hospital 6 to 454
2025-09-11 14:53:40,614 - httpx - INFO - HTTP Request: POST http://localhost:8002/api/beds/update "HTTP/1.1 201 Created"
2025-09-11 14:53:40,614 - __main__ - INFO - Updated icu beds for hospital 6 to 74
2025-09-11 14:53:40,628 - httpx - INFO - HTTP Request: GET http://localhost:8002/api/beds/current/7 "HTTP/1.1 200 OK"
2025-09-11 14:53:40,644 - httpx - INFO - HTTP Request: POST http://localhost:8002/api/beds/update "HTTP/1.1 201 Created"
2025-09-11 14:53:40,645 - __main__ - INFO - Updated general beds for hospital 7 to 471
2025-09-11 14:53:40,664 - httpx - INFO - HTTP Request: POST http://localhost:8002/api/beds/update "HTTP/1.1 201 Created"
2025-09-11 14:53:40,664 - __main__ - INFO - Updated icu beds for hospital 7 to 78
2025-09-11 14:53:40,686 - httpx - INFO - HTTP Request: GET http://localhost:8002/api/beds/current/8 "HTTP/1.1 200 OK"
2025-09-11 14:53:40,709 - httpx - INFO - HTTP Request: POST http://localhost:8002/api/beds/update "HTTP/1.1 201 Created"
2025-09-11 14:53:40,710 - __main__ - INFO - Updated general beds for hospital 8 to 429
2025-09-11 14:53:40,725 - httpx - INFO - HTTP Request: POST http://localhost:8002/api/beds/update "HTTP/1.1 201 Created"
2025-09-11 14:53:40,726 - __main__ - INFO - Updated icu beds for hospital 8 to 86
2025-09-11 14:53:40,739 - httpx - INFO - HTTP Request: GET http://localhost:8002/api/beds/current/9 "HTTP/1.1 200 OK"
2025-09-11 14:53:40,756 - httpx - INFO - HTTP Request: POST http://localhost:8002/api/beds/update "HTTP/1.1 201 Created"
2025-09-11 14:53:40,756 - __main__ - INFO - Updated general beds for hospital 9 to 386
2025-09-11 14:53:40,771 - httpx - INFO - HTTP Request: POST http://localhost:8002/api/beds/update "HTTP/1.1 201 Created"
2025-09-11 14:53:40,772 - __main__ - INFO - Updated icu beds for hospital 9 to 76
2025-09-11 14:53:40,783 - httpx - INFO - HTTP Request: GET http://localhost:8002/api/beds/current/10 "HTTP/1.1 200 OK"
2025-09-11 14:53:40,796 - httpx - INFO - HTTP Request: POST http://localhost:8002/api/beds/update "HTTP/1.1 201 Created"
2025-09-11 14:53:40,796 - __main__ - INFO - Updated general beds for hospital 10 to 1486
2025-09-11 14:53:40,810 - httpx - INFO - HTTP Request: POST http://localhost:8002/api/beds/update "HTTP/1.1 201 Created"
2025-09-11 14:53:40,810 - __main__ - INFO - Updated icu beds for hospital 10 to 299
2025-09-11 14:53:40,820 - httpx - INFO - HTTP Request: GET http://localhost:8002/api/beds/current/11 "HTTP/1.1 200 OK"
2025-09-11 14:53:40,954 - httpx - INFO - HTTP Request: POST http://localhost:8002/api/beds/update "HTTP/1.1 201 Created"
2025-09-11 14:53:40,955 - __main__ - INFO - Updated icu beds for hospital 11 to 88
2025-09-11 14:53:41,003 - httpx - INFO - HTTP Request: GET http://localhost:8002/api/beds/current/12 "HTTP/1.1 200 OK"
2025-09-11 14:53:41,024 - httpx - INFO - HTTP Request: POST http://localhost:8002/api/beds/update "HTTP/1.1 201 Created"
2025-09-11 14:53:41,024 - __main__ - INFO - Updated general beds for hospital 12 to 297
2025-09-11 14:53:41,043 - httpx - INFO - HTTP Request: POST http://localhost:8002/api/beds/update "HTTP/1.1 201 Created"
2025-09-11 14:53:41,044 - __main__ - INFO - Updated icu beds for hospital 12 to 34
2025-09-11 14:53:41,057 - httpx - INFO - HTTP Request: GET http://localhost:8002/api/beds/current/13 "HTTP/1.1 200 OK"
2025-09-11 14:53:41,075 - httpx - INFO - HTTP Request: POST http://localhost:8002/api/beds/update "HTTP/1.1 201 Created"
2025-09-11 14:53:41,075 - __main__ - INFO - Updated general beds for hospital 13 to 237
2025-09-11 14:53:41,089 - httpx - INFO - HTTP Request: GET http://localhost:8002/api/beds/current/14 "HTTP/1.1 200 OK"
2025-09-11 14:53:41,154 - httpx - INFO - HTTP Request: POST http://localhost:8002/api/beds/update "HTTP/1.1 201 Created"
2025-09-11 14:53:41,155 - __main__ - INFO - Updated general beds for hospital 14 to 599
2025-09-11 14:53:41,173 - httpx - INFO - HTTP Request: POST http://localhost:8002/api/beds/update "HTTP/1.1 201 Created"
2025-09-11 14:53:41,173 - __main__ - INFO - Updated icu beds for hospital 14 to 104
2025-09-11 14:53:41,185 - httpx - INFO - HTTP Request: GET http://localhost:8002/api/beds/current/15 "HTTP/1.1 200 OK"
2025-09-11 14:53:41,203 - httpx - INFO - HTTP Request: POST http://localhost:8002/api/beds/update "HTTP/1.1 201 Created"
2025-09-11 14:53:41,203 - __main__ - INFO - Updated general beds for hospital 15 to 254
2025-09-11 14:53:41,222 - httpx - INFO - HTTP Request: POST http://localhost:8002/api/beds/update "HTTP/1.1 201 Created"
2025-09-11 14:53:41,222 - __main__ - INFO - Updated icu beds for hospital 15 to 53
2025-09-11 14:53:41,237 - httpx - INFO - HTTP Request: GET http://localhost:8002/api/beds/current/16 "HTTP/1.1 200 OK"
2025-09-11 14:53:41,252 - httpx - INFO - HTTP Request: POST http://localhost:8002/api/beds/update "HTTP/1.1 201 Created"
2025-09-11 14:53:41,252 - __main__ - INFO - Updated general beds for hospital 16 to 280
2025-09-11 14:53:41,269 - httpx - INFO - HTTP Request: POST http://localhost:8002/api/beds/update "HTTP/1.1 201 Created"
2025-09-11 14:53:41,269 - __main__ - INFO - Updated icu beds for hospital 16 to 46
2025-09-11 14:53:41,283 - httpx - INFO - HTTP Request: GET http://localhost:8002/api/beds/current/17 "HTTP/1.1 200 OK"
2025-09-11 14:53:41,298 - httpx - INFO - HTTP Request: POST http://localhost:8002/api/beds/update "HTTP/1.1 201 Created"
2025-09-11 14:53:41,299 - __main__ - INFO - Updated general beds for hospital 17 to 90
2025-09-11 14:53:41,315 - httpx - INFO - HTTP Request: POST http://localhost:8002/api/beds/update "HTTP/1.1 201 Created"
2025-09-11 14:53:41,315 - __main__ - INFO - Updated icu beds for hospital 17 to 7
2025-09-11 14:53:41,328 - httpx - INFO - HTTP Request: GET http://localhost:8002/api/beds/current/18 "HTTP/1.1 200 OK"
2025-09-11 14:53:41,347 - httpx - INFO - HTTP Request: POST http://localhost:8002/api/beds/update "HTTP/1.1 201 Created"
2025-09-11 14:53:41,347 - __main__ - INFO - Updated general beds for hospital 18 to 195
2025-09-11 14:53:41,368 - httpx - INFO - HTTP Request: POST http://localhost:8002/api/beds/update "HTTP/1.1 201 Created"
2025-09-11 14:53:41,368 - __main__ - INFO - Updated icu beds for hospital 18 to 25
2025-09-11 14:53:41,383 - httpx - INFO - HTTP Request: GET http://localhost:8002/api/beds/current/19 "HTTP/1.1 200 OK"
2025-09-11 14:53:41,398 - httpx - INFO - HTTP Request: POST http://localhost:8002/api/beds/update "HTTP/1.1 201 Created"
2025-09-11 14:53:41,398 - __main__ - INFO - Updated general beds for hospital 19 to 139
2025-09-11 14:53:41,413 - httpx - INFO - HTTP Request: POST http://localhost:8002/api/beds/update "HTTP/1.1 201 Created"
2025-09-11 14:53:41,413 - __main__ - INFO - Updated icu beds for hospital 19 to 23
2025-09-11 14:53:41,429 - httpx - INFO - HTTP Request: GET http://localhost:8002/api/beds/current/20 "HTTP/1.1 200 OK"
2025-09-11 14:53:41,445 - httpx - INFO - HTTP Request: POST http://localhost:8002/api/beds/update "HTTP/1.1 201 Created"
2025-09-11 14:53:41,446 - __main__ - INFO - Updated general beds for hospital 20 to 184
2025-09-11 14:53:41,466 - httpx - INFO - HTTP Request: POST http://localhost:8002/api/beds/update "HTTP/1.1 201 Created"
2025-09-11 14:53:41,466 - __main__ - INFO - Updated icu beds for hospital 20 to 40
